eventId,originalTime,plannedTime,commandTime,dispatchTime,deltaFromOriginal,deliveryTime,deliveryDelta,device,command
3:0,2.608688,2.608688,2.608688,2.608688,0.0,2.608688,0.0,fdd:1,play 196.00
1:0,2.608688,2.671188,2.671188,2.671188,0.0625,2.671188,0.0625,fdd:1,play 196.00
1:1,2.9347739999999995,2.9347739999999995,2.9347739999999995,2.9347739999999995,0.0,2.9347739999999995,0.0,fdd:1,play 146.83
1:2,3.2608599999999996,3.2608599999999996,3.2608599999999996,3.2608599999999996,0.0,3.2608599999999996,0.0,fdd:1,play 196.00
1:3,3.5869459999999997,3.5869459999999997,3.5869459999999997,3.5869459999999997,0.0,3.5869459999999997,0.0,fdd:1,play 146.83
3:1,3.7499889999999994,3.7499889999999994,3.7499889999999994,3.7669889999999993,0.016999999999999904,3.7855789029999993,0.03558990299999998,fdd:1,play 196.00
3:2,3.9130319999999994,3.9130319999999994,3.9130319999999994,3.9210319999999994,0.008000000000000007,3.9396219029999995,0.02658990300000008,fdd:1,play 196.00
1:4,3.9130319999999994,3.9755319999999994,3.9755319999999994,3.9755319999999994,0.0625,3.9782118059999996,0.06517980600000017,fdd:1,play 196.00
3:3,4.2391179999999995,4.2391179999999995,4.2391179999999995,4.2391179999999995,0.0,4.2391179999999995,0.0,fdd:1,play 196.00
1:5,4.2391179999999995,4.3016179999999995,4.3016179999999995,4.3016179999999995,0.0625,4.3016179999999995,0.0625,fdd:1,play 246.94
3:4,4.89129,4.89129,4.89129,4.89129,0.0,4.89129,0.0,fdd:1,play 196.00
1:6,4.89129,4.95379,4.95379,4.95379,0.0625,4.95379,0.0625,fdd:1,play 196.00
3:5,5.217376,5.217376,5.217376,5.217376,0.0,5.217376,0.0,fdd:1,play 196.00
1:7,5.217376,5.279876,5.279876,5.279876,0.0625,5.279876,0.0625,fdd:1,play 293.66
1:8,5.543461999999999,5.543461999999999,5.543461999999999,5.543461999999999,0.0,5.543461999999999,0.0,fdd:1,play 246.94
1:9,5.869547999999999,5.869547999999999,5.869547999999999,5.869547999999999,0.0,5.869547999999999,0.0,fdd:1,play 196.00
1:10,6.195633999999999,6.195633999999999,6.195633999999999,6.195633999999999,0.0,6.195633999999999,0.0,fdd:2,play 246.94
3:6,6.358676999999999,6.358676999999999,6.358676999999999,6.358676999999999,0.0,6.358676999999999,0.0,fdd:1,play 196.00
3:7,6.521719999999999,6.521719999999999,6.521719999999999,6.529719999999999,0.008000000000000007,6.548309903,0.026589903000000525,fdd:1,play 196.00
3:8,6.847805999999999,6.847805999999999,6.847805999999999,6.847805999999999,0.0,6.847805999999999,0.0,fdd:1,play 196.00
1:11,7.1738919999999995,7.1738919999999995,7.1738919999999995,7.1738919999999995,0.0,7.1738919999999995,0.0,fdd:1,play 293.66
3:9,7.499977999999999,7.499977999999999,7.499977999999999,7.499977999999999,0.0,7.499977999999999,0.0,fdd:1,play 196.00
3:10,7.826063999999999,7.826063999999999,7.826063999999999,7.826063999999999,0.0,7.826063999999999,0.0,fdd:2,play 123.47
1:12,7.826063999999999,7.888563999999999,7.888563999999999,7.888563999999999,0.0625,7.888563999999999,0.0625,fdd:2,play 123.47
1:13,8.152149999999999,8.152149999999999,8.152149999999999,8.152149999999999,0.0,8.152149999999999,0.0,fdd:1,play 185.00
1:14,8.478235999999999,8.478235999999999,8.478235999999999,8.478235999999999,0.0,8.478235999999999,0.0,fdd:2,play 311.13
1:15,8.804321999999999,8.804321999999999,8.804321999999999,8.804321999999999,0.0,8.804321999999999,0.0,fdd:3,play 246.94
3:11,8.967365,8.967365,8.967365,8.967365,0.0,8.967365,0.0,fdd:1,play 185.00
1:16,9.130408,9.130408,9.130408,9.138407999999998,0.007999999999999119,9.156997902999999,0.026589902999999637,fdd:1,play 185.00
3:12,9.130408,9.130408,9.130408,9.158407999999998,0.027999999999998693,9.195587805999999,0.06517980599999973,fdd:2,play 123.47
1:17,9.456494,9.456494,9.456494,9.456494,0.0,9.456494,0.0,fdd:1,play 311.13
3:13,9.456494,9.456494,9.456494,9.476493999999999,0.019999999999999574,9.495083903,0.03858990300000009,fdd:3,play 123.47
1:18,9.78258,9.78258,9.78258,9.78258,0.0,9.78258,0.0,fdd:1,play 246.94
3:14,10.108666,10.108666,10.108666,10.108666,0.0,10.108666,0.0,fdd:1,play 185.00
3:15,10.434752,10.434752,10.434752,10.434752,0.0,10.434752,0.0,fdd:3,play 123.47
1:19,10.434752,10.497252,10.497252,10.497252,0.0625,10.497252,0.0625,fdd:3,play 329.63
1:20,10.760837999999998,10.760837999999998,10.760837999999998,10.760837999999998,0.0,10.760837999999998,0.0,fdd:1,play 185.00
1:21,11.086923999999998,11.086923999999998,11.086923999999998,11.086923999999998,0.0,11.086923999999998,0.0,fdd:1,play 246.94
1:22,11.413009999999998,11.413009999999998,11.413009999999998,11.413009999999998,0.0,11.413009999999998,0.0,fdd:1,play 311.13
3:16,11.576052999999998,11.576052999999998,11.576052999999998,11.593052999999998,0.01699999999999946,11.611642902999998,0.03558990299999998,fdd:1,play 185.00
3:17,11.739095999999998,11.739095999999998,11.739095999999998,11.739095999999998,0.0,11.739095999999998,0.0,fdd:3,play 123.47
1:23,12.065181999999998,12.065181999999998,12.065181999999998,12.065181999999998,0.0,12.065181999999998,0.0,fdd:1,play 185.00
3:18,12.065181999999998,12.065181999999998,12.065181999999998,12.085181999999998,0.019999999999999574,12.103771902999998,0.03858990300000009,fdd:4,play 123.47
1:24,12.391267999999998,12.391267999999998,12.391267999999998,12.391267999999998,0.0,12.391267999999998,0.0,fdd:4,play 311.13
3:19,12.717353999999998,12.717353999999998,12.717353999999998,12.717353999999998,0.0,12.717353999999998,0.0,fdd:4,play 123.47
1:25,12.717353999999998,12.779853999999998,12.779853999999998,12.779853999999998,0.0625,12.779853999999998,0.0625,fdd:4,play 246.94
3:20,13.043439999999999,13.043439999999999,13.043439999999999,13.043439999999999,0.0,13.043439999999999,0.0,fdd:1,play 130.81
1:26,13.043439999999999,13.105939999999999,13.105939999999999,13.105939999999999,0.0625,13.105939999999999,0.0625,fdd:1,play 130.81
1:27,13.369525999999999,13.369525999999999,13.369525999999999,13.369525999999999,0.0,13.369525999999999,0.0,fdd:1,play 196.00
1:28,13.695611999999999,13.695611999999999,13.695611999999999,13.695611999999999,0.0,13.695611999999999,0.0,fdd:1,play 329.63
1:29,14.021697999999999,14.021697999999999,14.021697999999999,14.021697999999999,0.0,14.021697999999999,0.0,fdd:1,play 196.00
3:21,14.184740999999999,14.184740999999999,14.184740999999999,14.192740999999998,0.007999999999999119,14.211330902999999,0.026589902999999637,fdd:1,play 196.00
3:22,14.347783999999999,14.347783999999999,14.347783999999999,14.364783999999998,0.01699999999999946,14.383373902999999,0.03558990299999998,fdd:1,play 130.81
1:30,14.347783999999999,14.410283999999999,14.410283999999999,14.410283999999999,0.0625,14.421963805999999,0.07417980600000007,fdd:1,play 261.63
3:23,14.673869999999999,14.673869999999999,14.673869999999999,14.673869999999999,0.0,14.673869999999999,0.0,fdd:1,play 130.81
1:31,14.673869999999999,14.736369999999999,14.736369999999999,14.736369999999999,0.0625,14.736369999999999,0.0625,fdd:1,play 329.63
1:32,14.999955999999997,14.999955999999997,14.999955999999997,14.999955999999997,0.0,14.999955999999997,0.0,fdd:1,play 261.63
3:24,15.326041999999998,15.326041999999998,15.326041999999998,15.326041999999998,0.0,15.326041999999998,0.0,fdd:1,play 196.00
1:33,15.326041999999998,15.388541999999998,15.388541999999998,15.388541999999998,0.0625,15.388541999999998,0.0625,fdd:1,play 196.00
3:25,15.652127999999998,15.652127999999998,15.652127999999998,15.652127999999998,0.0,15.652127999999998,0.0,fdd:1,play 130.81
1:34,15.652127999999998,15.652127999999998,15.652127999999998,15.672127999999997,0.019999999999999574,15.690717902999998,0.03858990300000009,fdd:2,play 174.61
1:35,15.978213999999998,15.978213999999998,15.978213999999998,15.978213999999998,0.0,15.978213999999998,0.0,fdd:1,play 261.63
3:26,16.304299999999998,16.304299999999998,16.304299999999998,16.304299999999998,0.0,16.304299999999998,0.0,fdd:1,play 130.81
1:36,16.304299999999998,16.366799999999998,16.366799999999998,16.366799999999998,0.0625,16.366799999999998,0.0625,fdd:1,play 196.00
1:37,16.630385999999998,16.630385999999998,16.630385999999998,16.630385999999998,0.0,16.630385999999998,0.0,fdd:2,play 329.63
3:27,16.793429,16.793429,16.793429,16.793429,0.0,16.793429,0.0,fdd:1,play 196.00
3:28,16.956471999999998,16.956471999999998,16.956471999999998,16.973471999999997,0.01699999999999946,16.992061902999996,0.0355899029999982,fdd:1,play 130.81
1:38,16.956471999999998,17.018971999999998,17.018971999999998,17.018971999999998,0.0625,17.030651805999995,0.07417980599999652,fdd:1,play 261.63
3:29,17.282557999999998,17.282557999999998,17.282557999999998,17.282557999999998,0.0,17.282557999999998,0.0,fdd:1,play 130.81
1:39,17.282557999999998,17.345057999999998,17.345057999999998,17.345057999999998,0.0625,17.345057999999998,0.0625,fdd:1,play 196.00
1:40,17.608643999999998,17.608643999999998,17.608643999999998,17.608643999999998,0.0,17.608643999999998,0.0,fdd:1,play 329.63
3:30,17.93473,17.93473,17.93473,17.93473,0.0,17.93473,0.0,fdd:2,play 123.47
1:41,17.93473,17.99723,17.99723,17.99723,0.0625,17.99723,0.0625,fdd:2,play 261.63
3:31,18.260816,18.260816,18.260816,18.260816,0.0,18.260816,0.0,fdd:1,play 130.81
1:42,18.260816,18.323316,18.323316,18.323316,0.0625,18.323316,0.0625,fdd:1,play 196.00
1:43,18.586902,18.586902,18.586902,18.586902,0.0,18.586902,0.0,fdd:1,play 311.13
3:32,18.912988,18.912988,18.912988,18.912988,0.0,18.912988,0.0,fdd:1,play 130.81
1:44,18.912988,18.975488,18.975488,18.975488,0.0625,18.975488,0.0625,fdd:1,play 261.63
1:45,19.239074,19.239074,19.239074,19.239074,0.0,19.239074,0.0,fdd:1,play 196.00
3:33,19.402116999999997,19.402116999999997,19.402116999999997,19.410116999999996,0.007999999999999119,19.428706902999995,0.02658990299999786,fdd:1,play 196.00
3:34,19.56516,19.56516,19.56516,19.58216,0.01699999999999946,19.600749902999997,0.0355899029999982,fdd:1,play 130.81
1:46,19.56516,19.62766,19.62766,19.62766,0.0625,19.639339805999995,0.07417980599999652,fdd:1,play 311.13
3:35,19.891246,19.891246,19.891246,19.891246,0.0,19.891246,0.0,fdd:1,play 130.81
1:47,19.891246,19.953746,19.953746,19.953746,0.0625,19.953746,0.0625,fdd:1,play 261.63
1:48,20.217332,20.217332,20.217332,20.217332,0.0,20.217332,0.0,fdd:1,play 196.00
1:49,20.543418,20.543418,20.543418,20.543418,0.0,20.543418,0.0,fdd:1,play 261.63
3:36,20.543418,20.543418,20.543418,20.563418,0.019999999999999574,20.582007902999997,0.038589902999998316,fdd:4,play 123.47
3:37,20.869504,20.869504,20.869504,20.869504,0.0,20.869504,0.0,fdd:1,play 130.81
1:50,20.869504,20.932004,20.932004,20.932004,0.0625,20.932004,0.0625,fdd:1,play 196.00
1:51,21.19559,21.19559,21.19559,21.19559,0.0,21.19559,0.0,fdd:1,play 311.13
3:38,21.521675999999996,21.521675999999996,21.521675999999996,21.521675999999996,0.0,21.521675999999996,0.0,fdd:1,play 146.83
1:52,21.521675999999996,21.584175999999996,21.584175999999996,21.584175999999996,0.0625,21.584175999999996,0.0625,fdd:1,play 261.63
1:53,21.847761999999996,21.847761999999996,21.847761999999996,21.847761999999996,0.0,21.847761999999996,0.0,fdd:1,play 196.00
4:0,22.173847999999996,22.173847999999996,22.173847999999996,22.193847999999996,0.019999999999999574,22.173847999999996,0.0,drum:1,drum_on 196.00
3:39,22.173847999999996,22.173847999999996,22.173847999999996,22.213847999999995,0.03999999999999915,22.251027805999996,0.07717980600000018,fdd:1,play 155.56
1:54,22.173847999999996,22.236347999999996,22.236347999999996,22.236347999999996,0.0625,22.289617708999995,0.1157697089999985,fdd:1,play 311.13
4:1,22.336890999999998,22.336890999999998,22.336890999999998,22.35786931666666,0.020978316666663943,22.36679751499999,0.029906514999993306,drum:1,drum_on 220.00
4:2,22.499933999999996,22.499933999999996,22.499933999999996,22.520912316666664,0.020978316666667496,22.521157126999988,0.021223126999991848,drum:1,drum_on 185.00
1:55,22.499933999999996,22.499933999999996,22.499933999999996,22.540913316666664,0.0409793166666681,22.598336932999988,0.09840293299999203,fdd:1,play 261.63
4:3,22.826019999999996,22.826019999999996,22.826019999999996,22.846998316666664,0.020978316666667496,22.845588219666663,0.019568219666666664,drum:1,drum_on 185.00
3:40,22.826019999999996,22.826019999999996,22.826019999999996,22.866999316666664,0.0409793166666681,22.922768025666663,0.09674802566666685,fdd:1,play 185.00
1:56,22.826019999999996,22.888519999999996,22.888519999999996,22.888519999999996,0.0625,22.96135792866666,0.13533792866666516,fdd:1,play 196.00
4:4,22.989062999999998,22.989062999999998,22.989062999999998,23.010041316666662,0.020978316666663943,23.038537734666658,0.04947473466665997,drum:1,drum_on 185.00
4:5,23.152105999999996,23.152105999999996,23.152105999999996,23.173084316666664,0.020978316666667496,23.192897346666655,0.04079134666665851,drum:1,drum_on 196.00
3:41,23.478191999999996,23.478191999999996,23.478191999999996,23.478191999999996,0.0,23.478191999999996,0.0,fdd:1,play 196.00
1:57,23.478191999999996,23.540691999999996,23.540691999999996,23.540691999999996,0.0625,23.540691999999996,0.0625,fdd:1,play 196.00
1:58,23.804277999999996,23.804277999999996,23.804277999999996,23.804277999999996,0.0,23.804277999999996,0.0,fdd:1,play 146.83
1:59,24.130363999999997,24.130363999999997,24.130363999999997,24.131342316666665,0.0009783166666679222,24.149932219666663,0.019568219666666664,fdd:1,play 196.00
1:60,24.456449999999997,24.456449999999997,24.456449999999997,24.456449999999997,0.0,24.456449999999997,0.0,fdd:1,play 146.83
3:42,24.619493,24.619493,24.619493,24.636492999999998,0.01699999999999946,24.655082902999997,0.0355899029999982,fdd:1,play 196.00
3:43,24.782535999999997,24.782535999999997,24.782535999999997,24.790535999999996,0.007999999999999119,24.809125902999995,0.02658990299999786,fdd:1,play 196.00
1:61,24.782535999999997,24.845035999999997,24.845035999999997,24.845035999999997,0.0625,24.847715805999993,0.06517980599999618,fdd:1,play 196.00
3:44,25.108621999999997,25.108621999999997,25.108621999999997,25.108621999999997,0.0,25.108621999999997,0.0,fdd:1,play 196.00
1:62,25.108621999999997,25.171121999999997,25.171121999999997,25.171121999999997,0.0625,25.171121999999997,0.0625,fdd:1,play 196.00
3:45,25.760793999999997,25.760793999999997,25.760793999999997,25.760793999999997,0.0,25.760793999999997,0.0,fdd:1,play 196.00
1:63,25.760793999999997,25.823293999999997,25.823293999999997,25.823293999999997,0.0625,25.823293999999997,0.0625,fdd:1,play 146.83
3:46,26.086879999999997,26.086879999999997,26.086879999999997,26.086879999999997,0.0,26.086879999999997,0.0,fdd:1,play 196.00
1:64,26.086879999999997,26.149379999999997,26.149379999999997,26.149379999999997,0.0625,26.149379999999997,0.0625,fdd:1,play 246.94
1:65,26.739051999999997,26.739051999999997,26.739051999999997,26.739051999999997,0.0,26.739051999999997,0.0,fdd:1,play 196.00
4:6,27.065137999999997,27.065137999999997,27.065137999999997,27.085137999999997,0.019999999999999574,27.065137999999997,0.0,drum:1,drum_on 146.83
1:66,27.065137999999997,27.065137999999997,27.065137999999997,27.105137999999997,0.03999999999999915,27.142317805999998,0.07717980600000018,fdd:1,play 146.83
4:7,27.228180999999996,27.228180999999996,27.228180999999996,27.269159316666663,0.04097831666666707,27.28633912266666,0.05815812266666498,drum:1,drum_on 146.83
3:47,27.228180999999996,27.228180999999996,27.228180999999996,27.289160316666663,0.06097931666666767,27.36351892866666,0.13533792866666516,fdd:1,play 196.00
4:8,27.391223999999998,27.391223999999998,27.391223999999998,27.43220231666666,0.04097831666666352,27.479288637666656,0.08806463766665829,drum:1,drum_on 220.00
3:48,27.391223999999998,27.391223999999998,27.391223999999998,27.45220331666666,0.06097931666666412,27.556468443666656,0.16524444366665847,fdd:1,play 196.00
4:9,27.717309999999998,27.717309999999998,27.717309999999998,27.73828831666666,0.020978316666663943,27.73687821966666,0.01956821966666311,drum:1,drum_on 196.00
3:49,27.717309999999998,27.717309999999998,27.717309999999998,27.758289316666662,0.040979316666664545,27.81405802566666,0.0967480256666633,fdd:1,play 196.00
1:67,27.717309999999998,27.779809999999998,27.779809999999998,27.779809999999998,0.0625,27.85264792866666,0.1353379286666616,fdd:1,play 293.66
4:10,27.880352999999996,27.880352999999996,27.880352999999996,27.901331316666663,0.020978316666667496,27.929827734666656,0.04947473466665997,drum:1,drum_on 196.00
4:11,28.043395999999998,28.043395999999998,28.043395999999998,28.06437431666666,0.020978316666663943,28.084187346666653,0.04079134666665496,drum:1,drum_on 196.00
1:68,28.043395999999998,28.043395999999998,28.043395999999998,28.084375316666662,0.040979316666664545,28.161367152666653,0.11797115266665514,fdd:1,play 246.94
4:12,28.206438999999996,28.206438999999996,28.206438999999996,28.227417316666664,0.020978316666667496,28.23854695866665,0.0321079586666535,drum:1,drum_on 185.00
3:50,28.369481999999998,28.369481999999998,28.369481999999998,28.369481999999998,0.0,28.369481999999998,0.0,fdd:1,play 196.00
1:69,28.369481999999998,28.431981999999998,28.431981999999998,28.431981999999998,0.0625,28.431981999999998,0.0625,fdd:1,play 311.13
3:51,28.695567999999998,28.695567999999998,28.695567999999998,28.695567999999998,0.0,28.695567999999998,0.0,fdd:1,play 246.94
1:70,28.695567999999998,28.758067999999998,28.758067999999998,28.758067999999998,0.0625,28.758067999999998,0.0625,fdd:1,play 246.94
1:71,29.021653999999998,29.021653999999998,29.021653999999998,29.021653999999998,0.0,29.021653999999998,0.0,fdd:1,play 185.00
1:72,29.347739999999998,29.347739999999998,29.347739999999998,29.348718316666663,0.0009783166666643694,29.36730821966666,0.01956821966666311,fdd:1,play 246.94
3:52,29.836868999999997,29.836868999999997,29.836868999999997,29.836868999999997,0.0,29.836868999999997,0.0,fdd:1,play 185.00
3:53,29.999911999999995,29.999911999999995,29.999911999999995,30.016911999999994,0.01699999999999946,30.035501902999993,0.0355899029999982,fdd:1,play 246.94
1:73,29.999911999999995,30.062411999999995,30.062411999999995,30.062411999999995,0.0625,30.07409180599999,0.07417980599999652,fdd:1,play 185.00
3:54,30.325997999999995,30.325997999999995,30.325997999999995,30.325997999999995,0.0,30.325997999999995,0.0,fdd:1,play 246.94
1:74,30.325997999999995,30.388497999999995,30.388497999999995,30.388497999999995,0.0625,30.388497999999995,0.0625,fdd:1,play 246.94
3:55,30.978169999999995,30.978169999999995,30.978169999999995,30.978169999999995,0.0,30.978169999999995,0.0,fdd:1,play 185.00
1:75,30.978169999999995,31.040669999999995,31.040669999999995,31.040669999999995,0.0625,31.040669999999995,0.0625,fdd:1,play 185.00
3:56,31.304255999999995,31.304255999999995,31.304255999999995,31.304255999999995,0.0,31.304255999999995,0.0,fdd:1,play 246.94
1:76,31.304255999999995,31.366755999999995,31.366755999999995,31.366755999999995,0.0625,31.366755999999995,0.0625,fdd:1,play 311.13
1:77,31.630341999999995,31.630341999999995,31.630341999999995,31.630341999999995,0.0,31.630341999999995,0.0,fdd:1,play 246.94
1:78,31.956427999999995,31.956427999999995,31.956427999999995,31.956427999999995,0.0,31.956427999999995,0.0,fdd:1,play 185.00
1:79,32.282514,32.282514,32.282514,32.282514,0.0,32.282514,0.0,fdd:1,play 246.94
4:13,32.445556999999994,32.445556999999994,32.445556999999994,32.482557,0.03700000000000614,32.481146902999996,0.035589903000001755,drum:1,drum_on 146.83
3:57,32.445556999999994,32.445556999999994,32.445556999999994,32.502558,0.05700100000000674,32.55832670899999,0.11276970899999839,fdd:1,play 185.00
4:14,32.608599999999996,32.608599999999996,32.608599999999996,32.64957831666667,0.040978316666674175,32.674096418,0.06549641800000217,drum:1,drum_on 220.00
3:58,32.608599999999996,32.608599999999996,32.608599999999996,32.66957931666667,0.06097931666667478,32.751276223999994,0.1426762239999988,fdd:1,play 246.94
4:15,32.934686,32.934686,32.934686,32.95566431666667,0.02097831666667105,32.954254219666666,0.019568219666666664,drum:1,drum_on 196.00
3:59,32.934686,32.934686,32.934686,32.97566531666667,0.04097931666667165,33.03143402566666,0.0967480256666633,fdd:1,play 246.94
1:80,32.934686,32.997186,32.997186,32.997186,0.0625,33.070023928666664,0.13533792866666516,fdd:1,play 185.00
4:16,33.260771999999996,33.260771999999996,33.260771999999996,33.28175031666667,0.02097831666667105,33.28034021966666,0.019568219666666664,drum:1,drum_on 185.00
3:60,33.260771999999996,33.260771999999996,33.260771999999996,33.30175131666667,0.04097931666667165,33.35752002566666,0.0967480256666633,fdd:1,play 246.94
1:81,33.260771999999996,33.323271999999996,33.323271999999996,33.323271999999996,0.0625,33.39610992866666,0.13533792866666516,fdd:1,play 311.13
4:17,33.586858,33.586858,33.586858,33.60783631666667,0.02097831666667105,33.606426219666666,0.019568219666666664,drum:1,drum_on 196.00
3:61,33.586858,33.586858,33.586858,33.62783731666667,0.04097931666667165,33.68360602566666,0.0967480256666633,fdd:1,play 130.81
3:62,33.912943999999996,33.912943999999996,33.912943999999996,33.912943999999996,0.0,33.912943999999996,0.0,fdd:1,play 130.81
1:82,33.912943999999996,33.975443999999996,33.975443999999996,33.975443999999996,0.0625,33.975443999999996,0.0625,fdd:1,play 130.81
4:18,34.23903,34.23903,34.23903,34.26000831666667,0.02097831666667105,34.258598219666666,0.019568219666666664,drum:1,drum_on 164.81
1:83,34.23903,34.23903,34.23903,34.28000931666667,0.04097931666667165,34.33577802566666,0.0967480256666633,fdd:1,play 196.00
1:84,34.565115999999996,34.565115999999996,34.565115999999996,34.565115999999996,0.0,34.565115999999996,0.0,fdd:1,play 261.63
3:63,35.054244999999995,35.054244999999995,35.054244999999995,35.054244999999995,0.0,35.054244999999995,0.0,fdd:1,play 196.00
3:64,35.217287999999996,35.217287999999996,35.217287999999996,35.23826631666667,0.02097831666667105,35.275446122666665,0.05815812266666853,fdd:1,play 130.81
1:85,35.217287999999996,35.279787999999996,35.279787999999996,35.279787999999996,0.0625,35.31403602566667,0.0967480256666704,fdd:1,play 261.63
3:65,35.54337399999999,35.54337399999999,35.54337399999999,35.54337399999999,0.0,35.54337399999999,0.0,fdd:1,play 130.81
1:86,35.54337399999999,35.60587399999999,35.60587399999999,35.60587399999999,0.0625,35.60587399999999,0.0625,fdd:1,play 329.63
1:87,35.86946,35.86946,35.86946,35.86946,0.0,35.86946,0.0,fdd:1,play 261.63
3:66,36.19554599999999,36.19554599999999,36.19554599999999,36.19554599999999,0.0,36.19554599999999,0.0,fdd:1,play 196.00
1:88,36.19554599999999,36.25804599999999,36.25804599999999,36.25804599999999,0.0625,36.25804599999999,0.0625,fdd:1,play 196.00
3:67,36.521632,36.521632,36.521632,36.521632,0.0,36.521632,0.0,fdd:1,play 130.81
1:89,36.521632,36.584132,36.584132,36.584132,0.0625,36.584132,0.0625,fdd:1,play 329.63
1:90,36.84771799999999,36.84771799999999,36.84771799999999,36.84771799999999,0.0,36.84771799999999,0.0,fdd:1,play 261.63
3:68,37.173804,37.173804,37.173804,37.173804,0.0,37.173804,0.0,fdd:1,play 130.81
1:91,37.173804,37.236304,37.236304,37.236304,0.0625,37.236304,0.0625,fdd:1,play 196.00
1:92,37.49988999999999,37.49988999999999,37.49988999999999,37.49988999999999,0.0,37.49988999999999,0.0,fdd:1,play 261.63
4:19,37.662932999999995,37.662932999999995,37.662932999999995,37.699933,0.03700000000000614,37.698522903,0.035589903000001755,drum:1,drum_on 164.81
3:69,37.662932999999995,37.662932999999995,37.662932999999995,37.719934,0.05700100000000674,37.775702708999994,0.11276970899999839,fdd:1,play 196.00
4:20,37.825976,37.825976,37.825976,37.86695431666667,0.040978316666674175,37.891472418,0.06549641800000217,drum:1,drum_on 220.00
3:70,37.825976,37.825976,37.825976,37.88695531666667,0.06097931666667478,37.968652223999996,0.1426762239999988,fdd:1,play 130.81
4:21,38.152061999999994,38.152061999999994,38.152061999999994,38.17304031666667,0.020978316666678154,38.17163021966667,0.01956821966667377,drum:1,drum_on 196.00
3:71,38.152061999999994,38.152061999999994,38.152061999999994,38.19304131666667,0.040979316666678756,38.248810025666664,0.0967480256666704,fdd:1,play 130.81
1:93,38.152061999999994,38.214561999999994,38.214561999999994,38.214561999999994,0.0625,38.287399928666666,0.13533792866667227,fdd:1,play 196.00
4:22,38.478148,38.478148,38.478148,38.49912631666667,0.02097831666667105,38.497716219666664,0.019568219666666664,drum:1,drum_on 185.00
1:94,38.478148,38.478148,38.478148,38.51912731666667,0.04097931666667165,38.57489602566666,0.0967480256666633,fdd:1,play 261.63
4:23,38.804233999999994,38.804233999999994,38.804233999999994,38.825212316666665,0.02097831666667105,38.82380221966666,0.019568219666666664,drum:1,drum_on 196.00
3:72,38.804233999999994,38.804233999999994,38.804233999999994,38.845213316666666,0.04097931666667165,38.90098202566666,0.0967480256666633,fdd:1,play 246.94
1:95,38.804233999999994,38.866733999999994,38.866733999999994,38.866733999999994,0.0625,38.93957192866666,0.13533792866666516,fdd:1,play 196.00
3:73,39.13032,39.13032,39.13032,39.13032,0.0,39.13032,0.0,fdd:1,play 130.81
1:96,39.13032,39.19282,39.19282,39.19282,0.0625,39.19282,0.0625,fdd:1,play 196.00
1:97,39.456405999999994,39.456405999999994,39.456405999999994,39.456405999999994,0.0,39.456405999999994,0.0,fdd:1,play 261.63
3:74,39.782492,39.782492,39.782492,39.782492,0.0,39.782492,0.0,fdd:1,play 130.81
1:98,39.782492,39.844992,39.844992,39.844992,0.0625,39.844992,0.0625,fdd:1,play 196.00
1:99,40.108577999999994,40.108577999999994,40.108577999999994,40.108577999999994,0.0,40.108577999999994,0.0,fdd:1,play 261.63
3:75,40.271620999999996,40.271620999999996,40.271620999999996,40.288621,0.017000000000003013,40.307210903,0.035589903000001755,fdd:1,play 196.00
3:76,40.434664,40.434664,40.434664,40.45564231666667,0.02097831666667105,40.49282212266667,0.05815812266666853,fdd:1,play 130.81
1:100,40.434664,40.497164,40.497164,40.497164,0.0625,40.53141202566667,0.0967480256666704,fdd:1,play 311.13
3:77,40.760749999999994,40.760749999999994,40.760749999999994,40.760749999999994,0.0,40.760749999999994,0.0,fdd:1,play 130.81
1:101,40.760749999999994,40.823249999999994,40.823249999999994,40.823249999999994,0.0625,40.823249999999994,0.0625,fdd:1,play 261.63
1:102,41.086836,41.086836,41.086836,41.086836,0.0,41.086836,0.0,fdd:1,play 196.00
3:78,41.412921999999995,41.412921999999995,41.412921999999995,41.412921999999995,0.0,41.412921999999995,0.0,fdd:1,play 196.00
1:103,41.412921999999995,41.475421999999995,41.475421999999995,41.475421999999995,0.0625,41.475421999999995,0.0625,fdd:1,play 261.63
3:79,41.739008,41.739008,41.739008,41.739008,0.0,41.739008,0.0,fdd:1,play 130.81
1:104,41.739008,41.801508,41.801508,41.801508,0.0625,41.801508,0.0625,fdd:1,play 311.13
1:105,42.065093999999995,42.065093999999995,42.065093999999995,42.065093999999995,0.0,42.065093999999995,0.0,fdd:1,play 196.00
3:80,42.39118,42.39118,42.39118,42.39118,0.0,42.39118,0.0,fdd:1,play 146.83
1:106,42.39118,42.45368,42.45368,42.45368,0.0625,42.45368,0.0625,fdd:1,play 261.63
1:107,42.717265999999995,42.717265999999995,42.717265999999995,42.717265999999995,0.0,42.717265999999995,0.0,fdd:1,play 196.00
4:24,42.880309,42.880309,42.880309,42.900309,0.020000000000003126,42.880309,0.0,drum:1,drum_on 146.83
4:25,43.04335199999999,43.04335199999999,43.04335199999999,43.06433031666667,0.020978316666678154,43.062920219666665,0.01956821966667377,drum:1,drum_on 220.00
3:81,43.04335199999999,43.04335199999999,43.04335199999999,43.08433131666667,0.040979316666678756,43.14010002566666,0.0967480256666704,fdd:1,play 155.56
4:26,43.369437999999995,43.369437999999995,43.369437999999995,43.390416316666666,0.02097831666667105,43.38900621966666,0.019568219666666664,drum:1,drum_on 196.00
1:108,43.369437999999995,43.369437999999995,43.369437999999995,43.41041731666667,0.04097931666667165,43.46618602566666,0.0967480256666633,fdd:1,play 311.13
4:27,43.69552399999999,43.69552399999999,43.69552399999999,43.71650231666667,0.020978316666678154,43.715092219666666,0.01956821966667377,drum:1,drum_on 185.00
3:82,43.69552399999999,43.69552399999999,43.69552399999999,43.73650331666667,0.040979316666678756,43.79227202566666,0.0967480256666704,fdd:1,play 174.61
1:109,43.69552399999999,43.75802399999999,43.75802399999999,43.75802399999999,0.0625,43.830861928666664,0.13533792866667227,fdd:1,play 261.63
4:28,44.021609999999995,44.021609999999995,44.021609999999995,44.04258831666667,0.02097831666667105,44.04117821966666,0.019568219666666664,drum:1,drum_on 196.00
3:83,44.34769599999999,44.34769599999999,44.34769599999999,44.34769599999999,0.0,44.34769599999999,0.0,fdd:1,play 196.00
1:110,44.34769599999999,44.41019599999999,44.41019599999999,44.41019599999999,0.0625,44.41019599999999,0.0625,fdd:1,play 196.00
4:29,44.673781999999996,44.673781999999996,44.673781999999996,44.69476031666667,0.02097831666667105,44.69335021966666,0.019568219666666664,drum:1,drum_on 146.83
1:111,44.673781999999996,44.673781999999996,44.673781999999996,44.71476131666667,0.04097931666667165,44.77053002566666,0.0967480256666633,fdd:1,play 146.83
1:112,44.99986799999999,44.99986799999999,44.99986799999999,44.99986799999999,0.0,44.99986799999999,0.0,fdd:1,play 246.94
4:30,45.325953999999996,45.325953999999996,45.325953999999996,45.34693231666667,0.02097831666667105,45.34552221966666,0.019568219666666664,drum:1,drum_on 130.81
1:113,45.325953999999996,45.325953999999996,45.325953999999996,45.36693331666667,0.04097931666667165,45.42270202566666,0.0967480256666633,fdd:1,play 146.83
4:31,45.488997,45.488997,45.488997,45.52997531666667,0.040978316666674175,45.547155122666666,0.05815812266666853,drum:1,drum_on 123.47
3:84,45.488997,45.488997,45.488997,45.54997631666667,0.06097931666667478,45.62433492866666,0.13533792866666516,fdd:1,play 196.00
3:85,45.65203999999999,45.65203999999999,45.65203999999999,45.660039999999995,0.008000000000002672,45.70151473466667,0.04947473466667418,fdd:1,play 196.00
1:114,45.65203999999999,45.71453999999999,45.71453999999999,45.71453999999999,0.0625,45.74010463766667,0.08806463766667605,fdd:1,play 196.00
3:86,45.978125999999996,45.978125999999996,45.978125999999996,45.978125999999996,0.0,45.978125999999996,0.0,fdd:1,play 196.00
1:115,45.978125999999996,46.040625999999996,46.040625999999996,46.040625999999996,0.0625,46.040625999999996,0.0625,fdd:1,play 246.94
1:116,46.30421199999999,46.30421199999999,46.30421199999999,46.30519031666667,0.0009783166666750276,46.323780219666666,0.01956821966667377,fdd:1,play 196.00
3:87,46.630297999999996,46.630297999999996,46.630297999999996,46.630297999999996,0.0,46.630297999999996,0.0,fdd:1,play 196.00
1:117,46.630297999999996,46.692797999999996,46.692797999999996,46.692797999999996,0.0625,46.692797999999996,0.0625,fdd:1,play 246.94
3:88,46.95638399999999,46.95638399999999,46.95638399999999,46.95638399999999,0.0,46.95638399999999,0.0,fdd:1,play 196.00
1:118,46.95638399999999,46.95638399999999,46.95638399999999,46.976383999999996,0.020000000000003126,46.994973902999995,0.03858990300000187,fdd:2,play 196.00
1:119,47.282469999999996,47.282469999999996,47.282469999999996,47.282469999999996,0.0,47.282469999999996,0.0,fdd:2,play 293.66
1:120,47.60855599999999,47.60855599999999,47.60855599999999,47.60855599999999,0.0,47.60855599999999,0.0,fdd:2,play 246.94
4:32,47.934642,47.934642,47.934642,47.954642,0.020000000000003126,47.934642,0.0,drum:1,drum_on 123.47
1:121,47.934642,47.934642,47.934642,47.974642,0.04000000000000625,48.01182180599999,0.07717980599999663,fdd:2,play 293.66
4:33,48.09768499999999,48.09768499999999,48.09768499999999,48.11866331666667,0.020978316666678154,48.117253219666665,0.01956821966667377,drum:1,drum_on 123.47
3:89,48.09768499999999,48.09768499999999,48.09768499999999,48.13866431666667,0.040979316666678756,48.19443302566666,0.0967480256666704,fdd:1,play 196.00
4:34,48.26072799999999,48.26072799999999,48.26072799999999,48.30170631666667,0.040978316666674175,48.34879263766667,0.08806463766667605,drum:1,drum_on 220.00
3:90,48.26072799999999,48.26072799999999,48.26072799999999,48.32170731666667,0.06097931666667478,48.425972443666666,0.16524444366667268,fdd:1,play 196.00
4:35,48.423770999999995,48.423770999999995,48.423770999999995,48.444749316666666,0.02097831666667105,48.50315224966667,0.07938124966667459,drum:1,drum_on 220.00
4:36,48.586814,48.586814,48.586814,48.60779231666667,0.02097831666667105,48.65751186166667,0.07069786166667313,drum:1,drum_on 196.00
3:91,48.586814,48.586814,48.586814,48.62779331666667,0.04097931666667165,48.73469166766667,0.14787766766666977,fdd:1,play 196.00
1:122,48.586814,48.649314,48.649314,48.649314,0.0625,48.77328157066667,0.18646757066667163,fdd:1,play 246.94
1:123,48.91289999999999,48.91289999999999,48.91289999999999,48.91289999999999,0.0,48.91289999999999,0.0,fdd:2,play 196.00
4:37,49.238986,49.238986,49.238986,49.25996431666667,0.02097831666667105,49.258554219666664,0.019568219666666664,drum:1,drum_on 185.00
3:92,49.238986,49.238986,49.238986,49.27996531666667,0.04097931666667165,49.33573402566666,0.0967480256666633,fdd:1,play 196.00
1:124,49.238986,49.238986,49.238986,49.29996531666667,0.06097931666667478,49.37432392866666,0.13533792866666516,fdd:2,play 246.94
3:93,49.565071999999994,49.565071999999994,49.565071999999994,49.565071999999994,0.0,49.565071999999994,0.0,fdd:2,play 123.47
1:125,49.565071999999994,49.627571999999994,49.627571999999994,49.627571999999994,0.0625,49.627571999999994,0.0625,fdd:2,play 123.47
1:126,49.891158,49.891158,49.891158,49.891158,0.0,49.891158,0.0,fdd:2,play 246.94
1:127,50.217243999999994,50.217243999999994,50.217243999999994,50.21822231666666,0.0009783166666679222,50.23681221966666,0.019568219666666664,fdd:2,play 185.00
1:128,50.54333,50.54333,50.54333,50.54333,0.0,50.54333,0.0,fdd:2,play 246.94
3:94,50.70637299999999,50.70637299999999,50.70637299999999,50.70637299999999,0.0,50.70637299999999,0.0,fdd:1,play 185.00
1:129,50.869415999999994,50.869415999999994,50.869415999999994,50.886416,0.017000000000003013,50.905005902999996,0.035589903000001755,fdd:1,play 311.13
3:95,50.869415999999994,50.869415999999994,50.869415999999994,50.906416,0.03700000000000614,50.943595806,0.07417980600000362,fdd:2,play 123.47
3:96,51.195502,51.195502,51.195502,51.195502,0.0,51.195502,0.0,fdd:2,play 123.47
1:130,51.195502,51.258002,51.258002,51.258002,0.0625,51.258002,0.0625,fdd:2,play 185.00
1:131,51.521587999999994,51.521587999999994,51.521587999999994,51.521587999999994,0.0,51.521587999999994,0.0,fdd:1,play 311.13
3:97,51.84767399999999,51.84767399999999,51.84767399999999,51.84767399999999,0.0,51.84767399999999,0.0,fdd:1,play 185.00
1:132,51.84767399999999,51.84767399999999,51.84767399999999,51.867673999999994,0.020000000000003126,51.88626390299999,0.03858990300000187,fdd:2,play 185.00
1:133,52.173759999999994,52.173759999999994,52.173759999999994,52.173759999999994,0.0,52.173759999999994,0.0,fdd:1,play 246.94
3:98,52.173759999999994,52.173759999999994,52.173759999999994,52.19376,0.020000000000003126,52.212349902999996,0.03858990300000187,fdd:2,play 123.47
1:134,52.49984599999999,52.49984599999999,52.49984599999999,52.49984599999999,0.0,52.49984599999999,0.0,fdd:2,play 185.00
1:135,52.825931999999995,52.825931999999995,52.825931999999995,52.825931999999995,0.0,52.825931999999995,0.0,fdd:2,play 311.13
4:38,53.15201799999999,53.15201799999999,53.15201799999999,53.172017999999994,0.020000000000003126,53.15201799999999,0.0,drum:1,drum_on 220.00
1:136,53.15201799999999,53.15201799999999,53.15201799999999,53.192018,0.04000000000000625,53.22919780599999,0.07717980599999663,fdd:2,play 185.00
4:39,53.31506099999999,53.31506099999999,53.31506099999999,53.335060999999996,0.020000000000003126,53.31506099999999,0.0,drum:1,drum_on 220.00
3:99,53.31506099999999,53.31506099999999,53.31506099999999,53.355061,0.04000000000000625,53.39224080599999,0.07717980599999663,fdd:1,play 185.00
4:40,53.478103999999995,53.478103999999995,53.478103999999995,53.51908231666667,0.040978316666674175,53.546600418,0.06849641800000228,drum:1,drum_on 220.00
3:100,53.478103999999995,53.478103999999995,53.478103999999995,53.53908331666667,0.06097931666667478,53.623780223999994,0.1456762239999989,fdd:1,play 246.94
4:41,53.80418999999999,53.80418999999999,53.80418999999999,53.82516831666667,0.020978316666678154,53.823758219666665,0.01956821966667377,drum:1,drum_on 220.00
3:101,53.80418999999999,53.80418999999999,53.80418999999999,53.84516931666667,0.040979316666678756,53.90093802566666,0.0967480256666704,fdd:1,play 246.94
1:137,53.80418999999999,53.86668999999999,53.86668999999999,53.86668999999999,0.0625,53.939527928666664,0.13533792866667227,fdd:1,play 311.13
4:42,54.130275999999995,54.130275999999995,54.130275999999995,54.151254316666666,0.02097831666667105,54.14984421966666,0.019568219666666664,drum:1,drum_on 196.00
1:138,54.130275999999995,54.130275999999995,54.130275999999995,54.17125531666667,0.04097931666667165,54.22702402566666,0.0967480256666633,fdd:1,play 246.94
4:43,54.45636199999999,54.45636199999999,54.45636199999999,54.47734031666667,0.020978316666678154,54.475930219666665,0.01956821966667377,drum:1,drum_on 233.08
3:102,54.45636199999999,54.45636199999999,54.45636199999999,54.49734131666667,0.040979316666678756,54.55311002566666,0.0967480256666704,fdd:1,play 185.00
3:103,54.782447999999995,54.782447999999995,54.782447999999995,54.782447999999995,0.0,54.782447999999995,0.0,fdd:1,play 130.81
1:139,54.782447999999995,54.844947999999995,54.844947999999995,54.844947999999995,0.0625,54.844947999999995,0.0625,fdd:1,play 130.81
4:44,55.10853399999999,55.10853399999999,55.10853399999999,55.12951231666667,0.020978316666678154,55.128102219666665,0.01956821966667377,drum:1,drum_on 196.00
1:140,55.10853399999999,55.10853399999999,55.10853399999999,55.14951331666667,0.040979316666678756,55.20528202566666,0.0967480256666704,fdd:1,play 261.63
1:141,55.434619999999995,55.434619999999995,55.434619999999995,55.434619999999995,0.0,55.434619999999995,0.0,fdd:1,play 329.63
1:142,55.76070599999999,55.76070599999999,55.76070599999999,55.76070599999999,0.0,55.76070599999999,0.0,fdd:1,play 261.63
3:104,55.923748999999994,55.923748999999994,55.923748999999994,55.940749,0.017000000000003013,55.959338902999995,0.035589903000001755,fdd:1,play 196.00
3:105,56.086791999999996,56.086791999999996,56.086791999999996,56.10777031666667,0.02097831666667105,56.144950122666664,0.05815812266666853,fdd:1,play 130.81
1:143,56.086791999999996,56.149291999999996,56.149291999999996,56.149291999999996,0.0625,56.183540025666666,0.0967480256666704,fdd:1,play 329.63
3:106,56.41287799999999,56.41287799999999,56.41287799999999,56.41287799999999,0.0,56.41287799999999,0.0,fdd:1,play 130.81
1:144,56.41287799999999,56.47537799999999,56.47537799999999,56.47537799999999,0.0625,56.47537799999999,0.0625,fdd:1,play 261.63
1:145,56.738963999999996,56.738963999999996,56.738963999999996,56.738963999999996,0.0,56.738963999999996,0.0,fdd:2,play 196.00
4:45,57.06504999999999,57.06504999999999,57.06504999999999,57.085049999999995,0.020000000000003126,57.06504999999999,0.0,drum:1,drum_on 196.00
1:146,57.06504999999999,57.06504999999999,57.06504999999999,57.10505,0.04000000000000625,57.14222980599999,0.07717980599999663,fdd:1,play 329.63
3:107,57.06504999999999,57.06504999999999,57.06504999999999,57.125051,0.060001000000006854,57.18081970899999,0.1157697089999985,fdd:2,play 123.47
4:46,57.391135999999996,57.391135999999996,57.391135999999996,57.41211431666667,0.02097831666667105,57.41070421966666,0.019568219666666664,drum:1,drum_on 196.00
3:108,57.391135999999996,57.391135999999996,57.391135999999996,57.43211531666667,0.04097931666667165,57.48788402566666,0.0967480256666633,fdd:1,play 130.81
1:147,57.391135999999996,57.453635999999996,57.453635999999996,57.453635999999996,0.0625,57.52647392866666,0.13533792866666516,fdd:1,play 261.63
4:47,57.71722199999999,57.71722199999999,57.71722199999999,57.73820031666666,0.02097831666667105,57.73679021966666,0.019568219666666664,drum:1,drum_on 220.00
1:148,57.71722199999999,57.71722199999999,57.71722199999999,57.758201316666664,0.04097931666667165,57.813970025666656,0.0967480256666633,fdd:2,play 196.00
4:48,58.043307999999996,58.043307999999996,58.043307999999996,58.06428631666667,0.02097831666667105,58.06287621966666,0.019568219666666664,drum:1,drum_on 196.00
3:109,58.043307999999996,58.043307999999996,58.043307999999996,58.08428731666667,0.04097931666667165,58.14005602566666,0.0967480256666633,fdd:1,play 130.81
1:149,58.043307999999996,58.043307999999996,58.043307999999996,58.10428731666667,0.06097931666667478,58.17864592866666,0.13533792866666516,fdd:2,play 329.63
4:49,58.36939399999999,58.36939399999999,58.36939399999999,58.390372316666664,0.02097831666667105,58.38896221966666,0.019568219666666664,drum:1,drum_on 233.08
1:150,58.36939399999999,58.36939399999999,58.36939399999999,58.410373316666664,0.04097931666667165,58.466142025666656,0.0967480256666633,fdd:2,play 196.00
3:110,58.532436999999994,58.532436999999994,58.532436999999994,58.532436999999994,0.0,58.532436999999994,0.0,fdd:1,play 196.00
3:111,58.695479999999996,58.695479999999996,58.695479999999996,58.71248,0.017000000000003013,58.731069903,0.035589903000001755,fdd:1,play 130.81
4:50,59.02156599999999,59.02156599999999,59.02156599999999,59.042544316666664,0.02097831666667105,59.04113421966666,0.019568219666666664,drum:1,drum_on 196.00
3:112,59.02156599999999,59.02156599999999,59.02156599999999,59.062545316666665,0.04097931666667165,59.118314025666656,0.0967480256666633,fdd:1,play 130.81
1:151,59.02156599999999,59.08406599999999,59.08406599999999,59.08406599999999,0.0625,59.15690392866666,0.13533792866666516,fdd:1,play 329.63
1:152,59.347652,59.347652,59.347652,59.347652,0.0,59.347652,0.0,fdd:1,play 261.63
3:113,59.67373799999999,59.67373799999999,59.67373799999999,59.67373799999999,0.0,59.67373799999999,0.0,fdd:1,play 130.81
1:153,59.67373799999999,59.67373799999999,59.67373799999999,59.693737999999996,0.020000000000003126,59.712327902999995,0.03858990300000187,fdd:2,play 196.00
3:114,59.836780999999995,59.836780999999995,59.836780999999995,59.853781,0.017000000000003013,59.872370903,0.035589903000001755,fdd:1,play 146.83
3:115,59.99982399999999,59.99982399999999,59.99982399999999,60.01682399999999,0.017000000000003013,60.03541390299999,0.035589903000001755,fdd:1,play 130.81
1:154,59.99982399999999,60.06232399999999,60.06232399999999,60.06232399999999,0.0625,60.07400380599999,0.07417980600000362,fdd:1,play 311.13
1:155,60.32590999999999,60.32590999999999,60.32590999999999,60.32590999999999,0.0,60.32590999999999,0.0,fdd:2,play 196.00
3:116,60.65199599999999,60.65199599999999,60.65199599999999,60.652974316666665,0.0009783166666750276,60.671564219666664,0.01956821966667377,fdd:1,play 130.81
1:156,60.65199599999999,60.71449599999999,60.71449599999999,60.71449599999999,0.0625,60.71449599999999,0.0625,fdd:1,play 311.13
1:157,60.97808199999999,60.97808199999999,60.97808199999999,60.97808199999999,0.0,60.97808199999999,0.0,fdd:2,play 196.00
3:117,61.141124999999995,61.141124999999995,61.141124999999995,61.141124999999995,0.0,61.141124999999995,0.0,fdd:1,play 196.00
3:118,61.30416799999999,61.30416799999999,61.30416799999999,61.32116799999999,0.017000000000003013,61.33975790299999,0.035589903000001755,fdd:1,play 130.81
5:1,61.30416799999999,61.30416799999999,61.30416799999999,61.341167999999996,0.03700000000000614,61.378347805999994,0.07417980600000362,fdd:2,play 110.00
1:158,61.30416799999999,61.31416799999999,61.31416799999999,61.361169,0.05700100000000674,61.416937708999995,0.11276970900000549,fdd:2,play 261.63
5:0,61.30416799999999,61.36666799999999,61.36666799999999,61.381169,0.07700100000000987,61.455527612,0.15135961200000736,fdd:1,play 164.81
5:2,61.30416799999999,61.37666799999999,61.37666799999999,61.401169,0.097001000000013,61.494117515,0.18994951500000923,fdd:1,play 146.83
5:3,61.30416799999999,61.386667999999986,61.386667999999986,61.421170000000004,0.1170020000000136,61.532707418,0.2285394180000111,fdd:1,play 196.00
5:4,61.46721099999999,61.46721099999999,61.46721099999999,61.504211,0.03700000000000614,61.64847712700001,0.18126612700001488,fdd:1,play 164.81
5:5,61.46721099999999,61.46721099999999,61.46721099999999,61.524212,0.05700100000000674,61.68706703000001,0.21985603000001674,fdd:2,play 110.00
5:6,61.46721099999999,61.47721099999999,61.47721099999999,61.544212,0.07700100000000987,61.72565693300001,0.2584459330000186,fdd:1,play 146.83
5:7,61.46721099999999,61.48721099999999,61.48721099999999,61.564212000000005,0.097001000000013,61.76424683600001,0.2970358360000205,fdd:1,play 196.00
3:119,61.630253999999994,61.630253999999994,61.630253999999994,61.647254,0.017000000000003013,61.841426642000016,0.2111726420000224,fdd:1,play 130.81
1:159,61.630253999999994,61.692753999999994,61.692753999999994,61.692753999999994,0.0625,61.91860644800002,0.28835244800002613,fdd:1,play 261.63
1:160,61.95633999999999,61.95633999999999,61.95633999999999,61.95633999999999,0.0,61.99578625400002,0.03944625400003332,fdd:1,play 196.00
3:120,62.282425999999994,62.282425999999994,62.282425999999994,62.282425999999994,0.0,62.282425999999994,0.0,fdd:1,play 196.00
1:161,62.282425999999994,62.344925999999994,62.344925999999994,62.344925999999994,0.0625,62.344925999999994,0.0625,fdd:1,play 261.63
3:121,62.60851199999999,62.60851199999999,62.60851199999999,62.60851199999999,0.0,62.60851199999999,0.0,fdd:1,play 130.81
1:162,62.60851199999999,62.67101199999999,62.67101199999999,62.67101199999999,0.0625,62.67101199999999,0.0625,fdd:1,play 196.00
5:8,62.934597999999994,62.934597999999994,62.934597999999994,62.934597999999994,0.0,62.934597999999994,0.0,fdd:1,play 164.81
5:9,62.934597999999994,62.934597999999994,62.934597999999994,62.954598,0.020000000000003126,62.973187902999996,0.03858990300000187,fdd:2,play 110.00
5:10,62.934597999999994,62.94459799999999,62.94459799999999,62.974598,0.04000000000000625,63.011777806,0.07717980600000374,fdd:1,play 146.83
1:163,62.934597999999994,62.94459799999999,62.94459799999999,62.994599,0.060001000000006854,63.050367709,0.1157697090000056,fdd:2,play 196.00
5:11,62.934597999999994,62.95459799999999,62.95459799999999,63.014599000000004,0.08000100000000998,63.088957612,0.15435961200000747,fdd:1,play 196.00
5:12,63.097640999999996,63.097640999999996,63.097640999999996,63.134641,0.03700000000000614,63.20472732100001,0.10708632100001125,fdd:1,play 164.81
5:13,63.097640999999996,63.097640999999996,63.097640999999996,63.154642,0.05700100000000674,63.24331722400001,0.14567622400001312,fdd:2,play 110.00
5:14,63.097640999999996,63.107640999999994,63.107640999999994,63.174642000000006,0.07700100000000987,63.28190712700001,0.184266127000015,fdd:1,play 146.83
5:15,63.097640999999996,63.11764099999999,63.11764099999999,63.19464200000001,0.097001000000013,63.32049703000001,0.22285603000001686,fdd:1,play 196.00
3:122,63.26068399999999,63.26068399999999,63.26068399999999,63.277683999999994,0.017000000000003013,63.39767683600002,0.13699283600002587,fdd:1,play 146.83
1:164,63.26068399999999,63.32318399999999,63.32318399999999,63.32318399999999,0.0625,63.47485664200002,0.2141726420000296,fdd:1,play 261.63
1:165,63.586769999999994,63.586769999999994,63.586769999999994,63.586769999999994,0.0,63.586769999999994,0.0,fdd:2,play 196.00
4:51,63.749812999999996,63.749812999999996,63.749812999999996,63.769813,0.020000000000003126,63.749812999999996,0.0,drum:1,drum_on 196.00
4:52,63.91285599999999,63.91285599999999,63.91285599999999,63.93383431666667,0.020978316666678154,63.932424219666665,0.01956821966667377,drum:1,drum_on 196.00
3:123,63.91285599999999,63.91285599999999,63.91285599999999,63.95383531666667,0.040979316666678756,64.00960402566666,0.0967480256666704,fdd:1,play 155.56
1:166,63.91285599999999,63.91285599999999,63.91285599999999,63.97383531666667,0.06097931666668188,64.04819392866666,0.13533792866667227,fdd:2,play 311.13
4:53,64.238942,64.238942,64.238942,64.25992031666665,0.020978316666656838,64.25851021966666,0.019568219666666664,drum:1,drum_on 220.00
1:167,64.238942,64.238942,64.238942,64.27992131666664,0.040979316666650334,64.33569002566666,0.0967480256666704,fdd:2,play 196.00
4:54,64.401985,64.401985,64.401985,64.42296331666665,0.020978316666656838,64.42155321966666,0.019568219666666664,drum:1,drum_on 246.94
3:124,64.565028,64.565028,64.565028,64.565028,0.0,64.565028,0.0,fdd:1,play 174.61
5:17,64.565028,64.565028,64.565028,64.585028,0.01999999999999602,64.603617903,0.03858990300000187,fdd:2,play 110.00
1:168,64.565028,64.575028,64.575028,64.60502799999999,0.03999999999999204,64.642207806,0.07717980600000374,fdd:2,play 311.13
5:16,64.565028,64.627528,64.627528,64.627528,0.0625,64.680797709,0.1157697090000056,fdd:1,play 164.81
5:18,64.565028,64.637528,64.637528,64.647528,0.08249999999999602,64.719387612,0.15435961200000747,fdd:1,play 146.83
5:19,64.565028,64.64752800000001,64.64752800000001,64.66752799999999,0.10249999999999204,64.75797751500001,0.19294951500000934,fdd:1,play 196.00
5:20,64.72807099999999,64.72807099999999,64.72807099999999,64.76507099999998,0.03699999999999193,64.87374722400001,0.14567622400002733,fdd:1,play 164.81
5:21,64.72807099999999,64.72807099999999,64.72807099999999,64.78507199999997,0.057000999999985424,64.91233712700001,0.1842661270000292,fdd:2,play 110.00
5:22,64.72807099999999,64.73807099999999,64.73807099999999,64.80507199999997,0.07700099999998145,64.95092703000002,0.22285603000003107,fdd:1,play 146.83
5:23,64.72807099999999,64.748071,64.748071,64.82507199999996,0.09700099999997747,64.98951693300002,0.26144593300003294,fdd:1,play 196.00
4:55,64.89111399999999,64.89111399999999,64.89111399999999,64.95209331666663,0.060979316666646355,65.14387654500003,0.2527625450000386,drum:1,drum_on 246.94
5:24,64.89111399999999,64.89111399999999,64.89111399999999,64.97209331666663,0.08097931666664238,65.22105635100003,0.3299423510000423,fdd:1,play 164.81
5:26,64.89111399999999,64.90111399999999,64.90111399999999,64.99209431666662,0.10098031666663587,65.25964625400003,0.3685322540000442,fdd:1,play 146.83
1:169,64.89111399999999,64.921114,64.921114,65.01209431666662,0.12098031666663189,65.29823615700003,0.40712215700004606,fdd:1,play 261.63
5:28,65.05415699999999,65.05415699999999,65.05415699999999,65.09115699999998,0.03699999999999193,65.41400586600004,0.35984886600004984,fdd:1,play 196.00
5:30,65.05415699999999,65.05415699999999,65.05415699999999,65.11115799999997,0.057000999999985424,65.45259576900004,0.3984387690000517,fdd:2,play 196.00
5:29,65.05415699999999,65.11665699999999,65.11665699999999,65.13115799999997,0.07700099999998145,65.49118567200004,0.4370286720000536,fdd:1,play 146.83
5:31,65.05415699999999,65.11665699999999,65.11665699999999,65.15115799999997,0.09700099999997747,65.52977557500004,0.47561857500005544,fdd:2,play 246.94
3:125,65.21719999999999,65.21719999999999,65.21719999999999,65.25817931666664,0.040979316666650334,65.68413518700005,0.4669351870000611,fdd:1,play 196.00
1:171,65.21719999999999,65.21719999999999,65.21719999999999,65.27817931666664,0.060979316666646355,65.72272509000005,0.505525090000063,fdd:2,play 146.83
5:33,65.21719999999999,65.21719999999999,65.21719999999999,65.29817931666663,0.08097931666664238,65.76131499300006,0.5441149930000648,fdd:3,play 146.83
1:170,65.21719999999999,65.27969999999999,65.27969999999999,65.31818031666663,0.10098031666663587,65.79990489600006,0.5827048960000667,fdd:1,play 196.00
5:32,65.21719999999999,65.27969999999999,65.27969999999999,65.33818031666662,0.12098031666663189,65.83849479900006,0.6212947990000686,fdd:2,play 98.00
5:34,65.21719999999999,65.27969999999999,65.27969999999999,65.35818031666662,0.14098031666662791,65.87708470200006,0.6598847020000704,fdd:3,play 196.00
3:126,66.35850099999999,66.35850099999999,66.35850099999999,66.35850099999999,0.0,66.35850099999999,0.0,fdd:1,play 196.00
3:127,66.52154399999999,66.52154399999999,66.52154399999999,66.52954399999999,0.007999999999995566,66.548133903,0.026589903000001414,fdd:1,play 196.00
3:128,66.84763,66.84763,66.84763,66.84763,0.0,66.84763,0.0,fdd:1,play 196.00
1:172,67.173716,67.173716,67.173716,67.173716,0.0,67.173716,0.0,fdd:1,play 246.94
1:173,67.33675899999999,67.33675899999999,67.33675899999999,67.33675899999999,0.0,67.33675899999999,0.0,fdd:3,play 261.63
3:129,67.49980199999999,67.49980199999999,67.49980199999999,67.49980199999999,0.0,67.49980199999999,0.0,fdd:1,play 196.00
1:174,67.49980199999999,67.56230199999999,67.56230199999999,67.56230199999999,0.0625,67.57698180599999,0.07717980600000374,fdd:1,play 246.94
3:130,67.82588799999999,67.82588799999999,67.82588799999999,67.82588799999999,0.0,67.82588799999999,0.0,fdd:1,play 196.00
1:175,68.151974,68.151974,68.151974,68.151974,0.0,68.151974,0.0,fdd:1,play 196.00
3:131,68.80414599999999,68.80414599999999,68.80414599999999,68.80414599999999,0.0,68.80414599999999,0.0,fdd:1,play 196.00
1:176,68.80414599999999,68.86664599999999,68.86664599999999,68.86664599999999,0.0625,68.86664599999999,0.0625,fdd:1,play 146.83
3:132,68.96718899999999,68.96718899999999,68.96718899999999,68.98418899999999,0.016999999999995907,69.00277890299999,0.035589903000001755,fdd:1,play 196.00
4:56,69.13023199999999,69.13023199999999,69.13023199999999,69.15823199999998,0.027999999999991587,69.156821903,0.026589903000001414,drum:1,drum_on 196.00
3:133,69.13023199999999,69.13023199999999,69.13023199999999,69.17823299999998,0.04800099999998508,69.234001709,0.10376970900000515,fdd:1,play 196.00
4:57,69.456318,69.456318,69.456318,69.47729631666665,0.020978316666656838,69.47588621966666,0.019568219666666664,drum:1,drum_on 220.00
3:134,69.456318,69.456318,69.456318,69.49729731666665,0.040979316666650334,69.55306602566667,0.0967480256666704,fdd:1,play 196.00
1:177,69.456318,69.518818,69.518818,69.518818,0.0625,69.59165592866667,0.13533792866667227,fdd:1,play 196.00
4:58,69.619361,69.619361,69.619361,69.64033931666665,0.020978316666656838,69.66883573466667,0.04947473466667418,drum:1,drum_on 246.94
1:178,69.78240399999999,69.78240399999999,69.78240399999999,69.78240399999999,0.0,69.78460544366668,0.002201443666692171,fdd:1,play 146.83
4:59,70.10848999999999,70.10848999999999,70.10848999999999,70.12946831666665,0.020978316666656838,70.12805821966666,0.019568219666666664,drum:1,drum_on 246.94
5:37,70.43457599999999,70.43457599999999,70.43457599999999,70.43457599999999,0.0,70.43457599999999,0.0,fdd:1,play 185.00
1:180,70.43457599999999,70.43457599999999,70.43457599999999,70.45457599999999,0.01999999999999602,70.473165903,0.03858990300000187,fdd:2,play 185.00
3:135,70.43457599999999,70.43457599999999,70.43457599999999,70.47457599999998,0.03999999999999204,70.511755806,0.07717980600000374,fdd:3,play 123.47
5:38,70.43457599999999,70.43457599999999,70.43457599999999,70.49457699999998,0.06000099999998554,70.550345709,0.1157697090000056,fdd:4,play 246.94
1:179,70.43457599999999,70.49707599999999,70.49707599999999,70.51457699999997,0.08000099999998156,70.588935612,0.15435961200000747,fdd:1,play 246.94
5:36,70.43457599999999,70.49707599999999,70.49707599999999,70.53457699999997,0.10000099999997758,70.627525515,0.19294951500000934,fdd:3,play 123.47
5:39,70.43457599999999,70.49707599999999,70.49707599999999,70.55457799999996,0.12000199999997108,70.666115418,0.2315394180000112,fdd:4,play 311.13
4:60,70.760662,70.760662,70.760662,70.78707699999997,0.026414999999971656,70.89765483600002,0.13699283600001877,drum:1,drum_on 185.00
4:61,71.41283399999999,71.41283399999999,71.41283399999999,71.43381231666665,0.020978316666656838,71.43240221966666,0.019568219666666664,drum:1,drum_on 164.81
4:62,71.57587699999999,71.57587699999999,71.57587699999999,71.59685531666665,0.020978316666656838,71.59544521966666,0.019568219666666664,drum:1,drum_on 155.56
3:136,71.57587699999999,71.57587699999999,71.57587699999999,71.61685631666664,0.040979316666650334,71.67262502566666,0.0967480256666704,fdd:1,play 185.00
3:137,71.73892,71.73892,71.73892,71.73892,0.0,71.73892,0.0,fdd:2,play 123.47
3:138,72.065006,72.065006,72.065006,72.065006,0.0,72.065006,0.0,fdd:2,play 123.47
1:181,72.39109199999999,72.39109199999999,72.39109199999999,72.39207031666666,0.0009783166666750276,72.41066021966667,0.019568219666680875,fdd:1,play 311.13
5:40,72.39109199999999,72.39109199999999,72.39109199999999,72.41207031666666,0.02097831666667105,72.44925012266667,0.05815812266668274,fdd:2,play 123.47
5:43,72.39109199999999,72.39109199999999,72.39109199999999,72.43207131666665,0.040979316666664545,72.48784002566667,0.09674802566668461,fdd:3,play 311.13
5:41,72.39109199999999,72.45359199999999,72.45359199999999,72.45359199999999,0.0625,72.52642992866667,0.13533792866668648,fdd:1,play 185.00
5:42,72.39109199999999,72.45359199999999,72.45359199999999,72.47359199999998,0.08249999999999602,72.56501983166667,0.17392783166668835,fdd:2,play 246.94
1:182,72.55413499999999,72.55413499999999,72.55413499999999,72.57113499999998,0.016999999999995907,72.64219963766668,0.08806463766669026,fdd:3,play 329.63
3:139,72.71717799999999,72.71717799999999,72.71717799999999,72.73417799999999,0.016999999999995907,72.79655924966669,0.07938124966669591,fdd:1,play 185.00
5:44,72.71717799999999,72.71717799999999,72.71717799999999,72.75417799999998,0.03699999999999193,72.83514915266669,0.11797115266669778,fdd:2,play 123.47
1:183,72.71717799999999,72.71717799999999,72.71717799999999,72.77417899999998,0.057000999999985424,72.87373905566669,0.15656105566669964,fdd:3,play 311.13
5:45,72.71717799999999,72.77967799999999,72.77967799999999,72.79417899999997,0.07700099999998145,72.91232895866669,0.1951509586667015,fdd:1,play 185.00
5:46,72.71717799999999,72.77967799999999,72.77967799999999,72.81417899999997,0.09700099999997747,72.9509188616667,0.23374086166670338,fdd:2,play 246.94
5:47,72.71717799999999,72.77967799999999,72.77967799999999,72.83417999999996,0.11700199999997096,72.9895087646667,0.27233076466670525,fdd:3,play 311.13
3:140,73.043264,73.043264,73.043264,73.043264,0.0,73.1438683766667,0.10060437666670907,fdd:2,play 123.47
1:184,73.36935,73.36935,73.36935,73.36935,0.0,73.36935,0.0,fdd:1,play 246.94
4:63,73.69543599999999,73.69543599999999,73.69543599999999,73.71543599999998,0.01999999999999602,73.69543599999999,0.0,drum:1,drum_on 246.94
4:64,74.02152199999999,74.02152199999999,74.02152199999999,74.04250031666665,0.020978316666656838,74.04109021966666,0.019568219666666664,drum:1,drum_on 246.94
1:185,74.02152199999999,74.02152199999999,74.02152199999999,74.06250131666664,0.040979316666650334,74.11827002566666,0.0967480256666704,fdd:1,play 185.00
4:65,74.18456499999999,74.18456499999999,74.18456499999999,74.22554331666664,0.04097831666665286,74.24272312266666,0.05815812266666853,drum:1,drum_on 246.94
3:141,74.18456499999999,74.18456499999999,74.18456499999999,74.24554431666664,0.060979316666646355,74.31990292866666,0.13533792866667227,fdd:1,play 185.00
4:66,74.347608,74.347608,74.347608,74.38858631666665,0.04097831666665286,74.43567263766667,0.08806463766667605,drum:1,drum_on 261.63
5:49,74.347608,74.347608,74.347608,74.40858731666664,0.060979316666646355,74.51285244366667,0.16524444366667979,fdd:1,play 185.00
3:142,74.347608,74.347608,74.347608,74.42858731666664,0.08097931666664238,74.55144234666668,0.20383434666668165,fdd:2,play 123.47
5:50,74.347608,74.410108,74.410108,74.44858731666663,0.1009793166666384,74.59003224966668,0.24242424966668352,fdd:1,play 246.94
5:48,74.347608,74.410108,74.410108,74.46858831666663,0.12098031666663189,74.62862215266668,0.2810141526666854,fdd:2,play 123.47
4:67,74.510651,74.510651,74.510651,74.53162931666665,0.020978316666656838,74.70580195866668,0.1951509586666873,drum:1,drum_on 246.94
4:68,74.673694,74.673694,74.673694,74.69467231666665,0.020978316666656838,74.9373413766667,0.2636473766666967,drum:1,drum_on 246.94
5:53,74.673694,74.673694,74.673694,74.71467331666665,0.040979316666650334,75.0145211826667,0.3408271826667004,fdd:1,play 185.00
3:143,74.673694,74.673694,74.673694,74.73467331666664,0.060979316666646355,75.0531110856667,0.3794170856667023,fdd:2,play 123.47
5:52,74.673694,74.673694,74.673694,74.75467331666664,0.08097931666664238,75.0917009886667,0.41800698866670416,fdd:3,play 123.47
5:54,74.673694,74.736194,74.736194,74.77467431666663,0.10098031666663587,75.1302908916667,0.45659689166670603,fdd:1,play 246.94
1:186,74.673694,74.736194,74.736194,74.79467431666663,0.12098031666663189,75.1688807946667,0.4951867946667079,fdd:2,play 123.47
5:55,74.673694,74.736194,74.736194,74.81467431666663,0.14098031666662791,75.20747069766671,0.5337766976667098,fdd:3,play 311.13
4:69,74.99977999999999,74.99977999999999,74.99977999999999,75.02619499999997,0.026414999999985866,75.40042021266672,0.40064021266672967,drum:1,drum_on 246.94
4:70,75.16282299999999,75.16282299999999,75.16282299999999,75.18380131666665,0.020978316666656838,75.51618992166672,0.35336692166673345,drum:1,drum_on 220.00
4:71,75.32586599999999,75.32586599999999,75.32586599999999,75.34684431666665,0.020978316666656838,75.63195963066673,0.3060936306667372,drum:1,drum_on 220.00
3:144,75.32586599999999,75.32586599999999,75.32586599999999,75.36684531666664,0.040979316666650334,75.70913943666673,0.38327343666674096,fdd:1,play 185.00
1:187,75.32586599999999,75.32586599999999,75.32586599999999,75.38684531666664,0.060979316666646355,75.74772933966673,0.42186333966674283,fdd:2,play 123.47
1:188,75.32586599999999,75.38836599999999,75.38836599999999,75.40684531666663,0.08097931666664238,75.78631924266674,0.4604532426667447,fdd:1,play 185.00
4:72,75.48890899999999,75.48890899999999,75.48890899999999,75.52988731666665,0.04097831666665286,75.90208895166674,0.4131799516667485,drum:1,drum_on 246.94
1:190,75.48890899999999,75.48890899999999,75.48890899999999,75.54988831666664,0.060979316666646355,75.97926875766674,0.4903597576667522,fdd:1,play 185.00
1:189,75.48890899999999,75.48890899999999,75.48890899999999,75.56988831666663,0.08097931666664238,76.01785866066675,0.5289496606667541,fdd:4,play 123.47
3:145,75.651952,75.651952,75.651952,75.68895199999999,0.03699999999999193,76.17221827266675,0.5202662726667597,fdd:1,play 130.81
5:57,75.651952,75.651952,75.651952,75.70895299999998,0.057000999999985424,76.21080817566676,0.5588561756667616,fdd:2,play 261.63
1:192,75.651952,75.651952,75.651952,75.72895299999998,0.07700099999998145,76.24939807866676,0.5974460786667635,fdd:3,play 196.00
1:194,75.651952,75.651952,75.651952,75.74895299999997,0.09700099999997747,76.28798798166676,0.6360359816667653,fdd:4,play 329.63
1:191,75.651952,75.71445181666665,75.71445181666665,75.76895399999997,0.11700199999997096,76.32657788466676,0.6746258846667672,fdd:2,play 130.81
5:56,75.651952,75.714452,75.714452,75.78895399999996,0.13700199999996698,76.36516778766676,0.7132157876667691,fdd:1,play 130.81
1:193,75.651952,75.714452,75.714452,75.80895399999996,0.157001999999963,76.40375769066677,0.7518056906667709,fdd:3,play 261.63
5:58,75.73347349999999,75.77695181666665,75.77695181666665,75.82895499999995,0.0954814999999627,76.44234759366677,0.708874093666779,fdd:1,play 130.81
5:59,75.73347349999999,75.77695181666665,75.77695181666665,75.84895499999995,0.11548149999995871,76.48093749666677,0.7474639966667809,fdd:2,play 261.63
5:60,75.814995,75.814995,75.814995,75.88895599999994,0.07396099999994021,76.55811730266677,0.7431223026667766,fdd:3,play 130.81
5:61,75.814995,75.87749481666665,75.87749481666665,75.90895599999993,0.09396099999993623,76.59670720566677,0.7817122056667785,fdd:3,play 261.63
5:62,75.89651649999999,75.89651649999999,75.89651649999999,75.94895699999992,0.052440499999931944,76.67388701166678,0.7773705116667884,fdd:1,play 130.81
5:63,75.89651649999999,75.95901631666666,75.95901631666666,75.98895699999991,0.09244049999992399,76.75106681766678,0.8545503176667921,fdd:1,play 261.63
5:64,75.978038,75.978038,75.978038,76.0289579999999,0.050919999999905485,76.82824662366679,0.8502086236667878,fdd:2,play 130.81
5:65,75.978038,75.978038,75.978038,76.0489579999999,0.0709199999999015,76.86683652666679,0.8887985266667897,fdd:4,play 261.63
5:66,76.05955949999999,76.05955949999999,76.05955949999999,76.08895899999989,0.029399499999897216,76.94401633266679,0.8844568326667996,fdd:1,play 130.81
5:67,76.05955949999999,76.12205931666666,76.12205931666666,76.12895999999988,0.06940049999988673,77.0211961386668,0.9616366386668034,fdd:1,play 261.63
5:68,76.14108099999999,76.14108099999999,76.14108099999999,76.16895999999987,0.027878999999884968,77.0983759446668,0.9572949446668133,fdd:2,play 130.81
5:69,76.14108099999999,76.20358081666666,76.20358081666666,76.20896099999986,0.06787999999987449,77.1755557506668,1.034474750666817,fdd:2,play 261.63
5:70,76.2226025,76.2226025,76.2226025,76.24896199999985,0.026359499999855984,77.2527355566668,1.0301330566668128,fdd:1,play 130.81
5:71,76.2226025,76.28510231666665,76.28510231666665,76.28510231666665,0.0624998166666586,77.29132545966681,1.0687229596668146,fdd:1,play 261.63
5:72,76.30412399999999,76.30412399999999,76.30412399999999,76.32510231666664,0.020978316666656838,77.36850526566681,1.0643812656668246,fdd:2,play 130.81
5:73,76.30412399999999,76.36662381666666,76.36662381666666,76.36662381666666,0.062499816666672814,77.40709516866681,1.1029711686668264,fdd:2,play 261.63
5:74,76.3856455,76.3856455,76.3856455,76.40662381666665,0.020978316666656838,77.48427497466682,1.0986294746668221,fdd:1,play 130.81
5:75,76.3856455,76.44814531666665,76.44814531666665,76.44814531666665,0.0624998166666586,77.52286487766682,1.137219377666824,fdd:1,play 261.63
5:76,76.46716699999999,76.46716699999999,76.46716699999999,76.48814531666665,0.020978316666656838,77.60004468366682,1.132877683666834,fdd:2,play 130.81
5:77,76.46716699999999,76.52966681666666,76.52966681666666,76.52966681666666,0.062499816666672814,77.63863458666683,1.1714675866668358,fdd:2,play 261.63
5:78,76.5486885,76.5486885,76.5486885,76.56966681666665,0.020978316666656838,77.71581439266683,1.1671258926668315,fdd:1,play 130.81
5:79,76.5486885,76.61118831666666,76.61118831666666,76.61118831666666,0.0624998166666586,77.75440429566683,1.2057157956668334,fdd:1,play 261.63
5:81,76.63020999999999,76.63020999999999,76.63020999999999,76.65118831666665,0.020978316666656838,77.83158410166683,1.2013741016668433,fdd:2,play 261.63
5:80,76.63020999999999,76.63020999999999,76.63020999999999,76.67118931666664,0.040979316666650334,77.87017400466684,1.2399640046668452,fdd:3,play 130.81
5:82,76.71173149999998,76.71173149999998,76.71173149999998,76.73973149999998,0.027999999999991587,77.98594371366684,1.274212213666857,fdd:1,play 130.81
5:83,76.71173149999998,76.71173149999998,76.71173149999998,76.75973249999997,0.04800099999998508,78.02453361666684,1.3128021166668589,fdd:2,play 261.63
3:146,76.79325299999999,76.79325299999999,76.79325299999999,76.82125299999998,0.027999999999991587,78.14030332566685,1.3470503256668565,fdd:1,play 130.81
5:85,76.79325299999999,76.79325299999999,76.79325299999999,76.84125399999998,0.04800099999998508,78.17889322866685,1.3856402286668583,fdd:2,play 261.63
5:84,76.79325299999999,76.85575299999999,76.85575299999999,76.88125399999997,0.08800099999997713,78.25607303466685,1.462820034666862,fdd:1,play 130.81
5:86,76.87477449999999,76.87477449999999,76.87477449999999,76.92125499999996,0.046480499999972835,78.33325284066686,1.458478340666872,fdd:2,play 130.81
5:87,76.87477449999999,76.93727431666666,76.93727431666666,76.94125499999996,0.06648049999996886,78.37184274366686,1.4970682436668739,fdd:2,play 261.63
3:147,76.956296,76.956296,76.956296,76.98125599999995,0.024959999999950355,78.44902254966686,1.4927265496668696,fdd:1,play 130.81
5:89,76.956296,76.956296,76.956296,77.00125599999994,0.044959999999946376,78.48761245266687,1.5313164526668714,fdd:3,play 261.63
5:88,76.956296,77.018796,77.018796,77.02125699999993,0.06496099999993987,78.52620235566687,1.5699063556668733,fdd:1,play 130.81
5:90,77.03781749999999,77.03781749999999,77.03781749999999,77.06125699999993,0.023439499999938107,78.60338216166687,1.5655646616668832,fdd:2,play 130.81
5:91,77.03781749999999,77.10031731666666,77.10031731666666,77.10031731666666,0.062499816666672814,78.64197206466687,1.604154564666885,fdd:2,play 261.63
5:92,77.119339,77.119339,77.119339,77.14031731666665,0.020978316666656838,78.71915187066688,1.5998128706668808,fdd:1,play 130.81
5:93,77.119339,77.18183881666666,77.18183881666666,77.18183881666666,0.0624998166666586,78.79633167666688,1.6769926766668846,fdd:1,play 261.63
5:94,77.20086049999999,77.20086049999999,77.20086049999999,77.22183881666665,0.020978316666656838,78.87351148266688,1.6726509826668945,fdd:2,play 130.81
5:95,77.20086049999999,77.20086049999999,77.20086049999999,77.24183981666664,0.040979316666650334,78.91210138566689,1.7112408856668964,fdd:3,play 261.63
3:148,77.28238199999998,77.28238199999998,77.28238199999998,77.31038199999998,0.027999999999991587,79.02787109466689,1.7454890946669082,fdd:1,play 130.81
5:97,77.28238199999998,77.28238199999998,77.28238199999998,77.33038299999997,0.04800099999998508,79.0664609976669,1.78407899766691,fdd:3,play 261.63
5:96,77.28238199999998,77.34488199999998,77.34488199999998,77.35038299999997,0.0680009999999811,79.1050509006669,1.822668900666912,fdd:1,play 130.81
5:98,77.36390349999999,77.36390349999999,77.36390349999999,77.39038399999995,0.026480499999962603,79.1822307066669,1.8183272066669076,fdd:2,play 130.81
5:99,77.36390349999999,77.42640331666665,77.42640331666665,77.42640331666665,0.0624998166666586,79.2208206096669,1.8569171096669095,fdd:2,play 261.63
5:100,77.44542499999999,77.44542499999999,77.44542499999999,77.46640331666664,0.020978316666656838,79.2980004156669,1.8525754156669194,fdd:1,play 130.81
5:101,77.44542499999999,77.50792481666666,77.50792481666666,77.50792481666666,0.062499816666672814,79.37518022166691,1.9297552216669231,fdd:1,play 261.63
5:102,77.5269465,77.5269465,77.5269465,77.54792481666665,0.020978316666656838,79.45236002766691,1.9254135276669189,fdd:2,play 130.81
5:103,77.5269465,77.58944631666665,77.58944631666665,77.60944631666665,0.08249981666665462,79.52953983366692,2.0025933336669226,fdd:2,play 261.63
5:104,77.60846799999999,77.60846799999999,77.60846799999999,77.64944731666664,0.040979316666650334,79.60671963966692,1.9982516396669325,fdd:1,play 130.81
1:197,77.60846799999999,77.60846799999999,77.60846799999999,77.66944731666663,0.060979316666646355,79.64530954266692,2.0368415426669344,fdd:3,play 329.63
5:105,77.60846799999999,77.67096781666666,77.67096781666666,77.68944731666663,0.08097931666664238,79.68389944566692,2.0754314456669363,fdd:1,play 261.63
5:106,77.6899895,77.6899895,77.6899895,77.72944831666662,0.039458816666623875,79.76107925166693,2.071089751666932,fdd:2,play 130.81
5:107,77.6899895,77.75248931666665,77.75248931666665,77.75248931666665,0.0624998166666586,79.79966915466693,2.109679654666934,fdd:2,play 261.63
5:108,77.77151099999999,77.77151099999999,77.77151099999999,77.81249031666664,0.040979316666650334,79.91543886366694,2.1439278636669457,fdd:1,play 130.81
5:109,77.77151099999999,77.77151099999999,77.77151099999999,77.83249031666664,0.060979316666646355,79.95402876666694,2.1825177666669475,fdd:3,play 261.63
1:198,77.77151099999999,77.83401081666666,77.83401081666666,77.85249031666663,0.08097931666664238,79.99261866966694,2.2211076696669494,fdd:3,play 174.61
5:110,77.8530325,77.8530325,77.8530325,77.89249131666662,0.039458816666623875,80.06979847566694,2.216765975666945,fdd:1,play 130.81
5:111,77.8530325,77.91553231666666,77.91553231666666,77.91553231666666,0.0624998166666586,80.10838837866694,2.255355878666947,fdd:1,play 261.63
5:113,77.93455399999999,77.93455399999999,77.93455399999999,77.97553331666664,0.040979316666650334,80.22415808766695,2.2896040876669588,fdd:2,play 261.63
5:112,77.93455399999999,77.93455399999999,77.93455399999999,77.99553331666664,0.060979316666646355,80.26274799066695,2.3281939906669606,fdd:3,play 130.81
3:149,77.93455399999999,77.97803213333331,77.97803213333331,78.01553331666663,0.08097931666664238,80.30133789366695,2.3667838936669625,fdd:1,play 196.00
1:199,77.93455399999999,77.99705381666666,77.99705381666666,78.03553431666663,0.10098031666663587,80.33992779666696,2.4053737966669644,fdd:2,play 329.63
5:114,78.01607549999999,78.01607549999999,78.01607549999999,78.07553431666662,0.05945881666663411,80.41710760266696,2.4010321026669743,fdd:3,play 130.81
5:115,78.01607549999999,78.07857531666666,78.07857531666666,78.09553531666661,0.0794598166666276,80.45569750566696,2.439622005666976,fdd:3,play 261.63
5:116,78.097597,78.097597,78.097597,78.1355353166666,0.03793831666661163,80.53287731166697,2.435280311666972,fdd:1,play 130.81
5:117,78.097597,78.16009681666665,78.16009681666665,78.16009681666665,0.0624998166666586,80.57146721466697,2.4738702146669738,fdd:1,play 261.63
5:118,78.17911849999999,78.17911849999999,78.17911849999999,78.22009781666664,0.040979316666650334,80.68723692366697,2.5081184236669856,fdd:2,play 130.81
5:119,78.17911849999999,78.17911849999999,78.17911849999999,78.24009781666663,0.060979316666646355,80.72582682666697,2.5467083266669874,fdd:3,play 261.63
3:150,78.26064,78.26064,78.26064,78.30009881666662,0.039458816666623875,80.84159653566698,2.580956535666985,fdd:1,play 130.81
5:121,78.26064,78.26064,78.26064,78.32009881666661,0.059458816666619896,80.88018643866698,2.619546438666987,fdd:3,play 293.66
5:120,78.26064,78.32314,78.32314,78.34009981666661,0.07945981666661339,80.91877634166698,2.6581363416669888,fdd:1,play 146.83
5:122,78.34216149999999,78.34216149999999,78.34216149999999,78.3800998166666,0.03793831666661163,80.99595614766699,2.6537946476669987,fdd:2,play 146.83
5:123,78.34216149999999,78.40466131666666,78.40466131666666,78.40466131666666,0.062499816666672814,81.03454605066699,2.6923845506670006,fdd:2,play 293.66
5:124,78.423683,78.423683,78.423683,78.44466131666665,0.020978316666656838,81.111725856667,2.6880428566669963,fdd:1,play 146.83
5:125,78.423683,78.48618281666666,78.48618281666666,78.48618281666666,0.0624998166666586,81.188905662667,2.765222662667,fdd:1,play 293.66
5:126,78.50520449999999,78.50520449999999,78.50520449999999,78.52618281666665,0.020978316666656838,81.266085468667,2.76088096866701,fdd:2,play 146.83
5:127,78.50520449999999,78.56770431666666,78.56770431666666,78.56770431666666,0.062499816666672814,81.304675371667,2.799470871667012,fdd:2,play 293.66
5:128,78.58672599999998,78.58672599999998,78.58672599999998,78.60770431666666,0.02097831666667105,81.381855177667,2.7951291776670217,fdd:1,play 146.83
1:200,78.58672599999998,78.58672599999998,78.58672599999998,78.62770531666665,0.040979316666664545,81.42044508066701,2.8337190806670236,fdd:3,play 261.63
5:129,78.58672599999998,78.64922581666666,78.64922581666666,78.64922581666666,0.062499816666672814,81.45903498366701,2.8723089836670255,fdd:1,play 293.66
5:130,78.66824749999999,78.66824749999999,78.66824749999999,78.68922581666665,0.020978316666656838,81.53621478966701,2.867967289667021,fdd:2,play 146.83
5:131,78.66824749999999,78.73074731666665,78.73074731666665,78.73074731666665,0.0624998166666586,81.57480469266702,2.906557192667023,fdd:2,play 293.66
5:132,78.74976899999999,78.74976899999999,78.74976899999999,78.77074731666664,0.020978316666656838,81.65198449866702,2.902215498667033,fdd:1,play 146.83
5:133,78.74976899999999,78.81226881666666,78.81226881666666,78.81226881666666,0.062499816666672814,81.72916430466702,2.9793953046670367,fdd:1,play 293.66
5:134,78.8312905,78.8312905,78.8312905,78.85226881666665,0.020978316666656838,81.80634411066703,2.9750536106670324,fdd:2,play 146.83
5:135,78.8312905,78.89379031666665,78.89379031666665,78.89379031666665,0.0624998166666586,81.84493401366703,3.0136435136670343,fdd:2,play 293.66
5:136,78.91281199999999,78.91281199999999,78.91281199999999,78.93379031666665,0.020978316666656838,81.92211381966703,3.0093018196670442,fdd:1,play 146.83
5:137,78.91281199999999,78.97531181666666,78.97531181666666,78.97531181666666,0.062499816666672814,81.96070372266703,3.047891722667046,fdd:1,play 293.66
5:138,78.9943335,78.9943335,78.9943335,79.01531181666665,0.020978316666656838,82.03788352866704,3.043550028667042,fdd:2,play 146.83
5:139,78.9943335,79.05683331666665,79.05683331666665,79.05683331666665,0.0624998166666586,82.07647343166704,3.0821399316670437,fdd:2,play 293.66
5:140,79.07585499999999,79.07585499999999,79.07585499999999,79.09683331666665,0.020978316666656838,82.15365323766704,3.0777982376670536,fdd:1,play 146.83
5:141,79.07585499999999,79.13835481666666,79.13835481666666,79.13835481666666,0.062499816666672814,82.19224314066705,3.1163881406670555,fdd:1,play 293.66
5:142,79.1573765,79.1573765,79.1573765,79.17835481666665,0.020978316666656838,82.26942294666705,3.112046446667051,fdd:2,play 146.83
5:143,79.1573765,79.21987631666666,79.21987631666666,79.21987631666666,0.0624998166666586,82.30801284966705,3.150636349667053,fdd:2,play 293.66
5:144,79.23889799999999,79.23889799999999,79.23889799999999,79.25987631666665,0.020978316666656838,82.38519265566705,3.146294655667063,fdd:1,play 146.83
1:201,79.23889799999999,79.23889799999999,79.23889799999999,79.27987731666664,0.040979316666650334,82.42378255866706,3.184884558667065,fdd:4,play 196.00
5:145,79.23889799999999,79.30139781666666,79.30139781666666,79.30139781666666,0.062499816666672814,82.46237246166706,3.2234744616670667,fdd:1,play 293.66
5:146,79.32041949999999,79.32041949999999,79.32041949999999,79.34139781666666,0.02097831666667105,82.53955226766706,3.2191327676670767,fdd:2,play 146.83
5:147,79.32041949999999,79.38291931666666,79.38291931666666,79.38291931666666,0.062499816666672814,82.57814217066706,3.2577226706670785,fdd:2,play 293.66
3:151,79.401941,79.401941,79.401941,79.42291931666665,0.020978316666656838,82.65532197666707,3.2533809766670743,fdd:1,play 196.00
5:149,79.401941,79.401941,79.401941,79.44292031666664,0.040979316666650334,82.69391187966707,3.291970879667076,fdd:3,play 293.66
5:148,79.401941,79.464441,79.464441,79.48292031666664,0.08097931666664238,82.77109168566707,3.36915068566708,fdd:1,play 146.83
5:150,79.48346249999999,79.48346249999999,79.48346249999999,79.52292131666663,0.039458816666638086,82.84827149166708,3.36480899166709,fdd:3,play 146.83
5:151,79.48346249999999,79.54596231666666,79.54596231666666,79.54596231666666,0.062499816666672814,82.88686139466708,3.4033988946670917,fdd:3,play 293.66
4:73,79.564984,79.564984,79.564984,79.62596331666664,0.060979316666646355,83.00263110366708,3.4376471036670893,drum:1,drum_on 196.00
3:152,79.564984,79.564984,79.564984,79.64596331666664,0.08097931666664238,83.07981090966709,3.514826909667093,fdd:1,play 130.81
5:152,79.564984,79.627484,79.627484,79.66596431666663,0.10098031666663587,83.11840081266709,3.553416812667095,fdd:1,play 146.83
5:154,79.64650549999999,79.64650549999999,79.64650549999999,79.70596431666662,0.05945881666663411,83.1955806186671,3.549075118667105,fdd:2,play 146.83
5:155,79.64650549999999,79.70900531666666,79.70900531666666,79.72596531666662,0.0794598166666276,83.2341705216671,3.5876650216671067,fdd:2,play 293.66
5:156,79.728027,79.728027,79.728027,79.76596531666661,0.03793831666661163,83.3113503276671,3.5833233276671024,fdd:1,play 146.83
5:157,79.728027,79.79052681666666,79.79052681666666,79.8059663166666,0.07793931666660114,83.3885301336671,3.660503133667106,fdd:1,play 293.66
5:158,79.80954849999999,79.80954849999999,79.80954849999999,79.84596731666659,0.036418816666596854,83.46570993966711,3.656161439667116,fdd:2,play 146.83
5:159,79.80954849999999,79.87204831666666,79.87204831666666,79.89204831666666,0.08249981666666883,83.54288974566711,3.73334124566712,fdd:2,play 293.66
4:74,79.89106999999998,79.89106999999998,79.89106999999998,79.95204931666665,0.060979316666660566,83.62006955166711,3.7289995516671297,drum:1,drum_on 220.00
3:153,79.89106999999998,79.89106999999998,79.89106999999998,79.97204931666664,0.08097931666665659,83.69724935766712,3.8061793576671334,fdd:1,play 130.81
1:202,79.89106999999998,79.95356981666666,79.95356981666666,79.99205031666664,0.10098031666665008,83.73583926066712,3.8447692606671353,fdd:3,play 196.00
5:160,79.89106999999998,79.95356999999998,79.95356999999998,80.01205031666663,0.1209803166666461,83.77442916366712,3.883359163667137,fdd:1,play 146.83
5:162,79.9725915,79.9725915,79.9725915,80.05205131666662,0.0794598166666276,83.85160896966713,3.879017469667133,fdd:2,play 146.83
5:163,79.9725915,80.03509131666665,80.03509131666665,80.07205131666662,0.09945981666662362,83.89019887266713,3.9176073726671348,fdd:2,play 293.66
5:164,80.05411299999999,80.05411299999999,80.05411299999999,80.1120523166666,0.057939316666619334,83.96737867866713,3.9132656786671447,fdd:1,play 146.83
5:165,80.05411299999999,80.11661281666666,80.11661281666666,80.1320523166666,0.07793931666661535,84.00596858166713,3.9518555816671466,fdd:1,play 293.66
5:166,80.1356345,80.1356345,80.1356345,80.19205331666659,0.056418816666592875,84.12173829066714,3.986103790667144,fdd:2,play 146.83
5:167,80.1356345,80.1356345,80.1356345,80.21205331666658,0.0764188166665889,84.16032819366714,4.024693693667146,fdd:3,play 293.66
4:75,80.21715599999999,80.21715599999999,80.21715599999999,80.33205531666655,0.11489931666656616,84.35327770866715,4.136121708667162,drum:1,drum_on 196.00
5:168,80.21715599999999,80.27965599999999,80.27965599999999,80.35205631666655,0.13490031666655966,84.43045751466715,4.213301514667165,fdd:1,play 146.83
5:170,80.2986775,80.2986775,80.2986775,80.39205631666654,0.09337881666654368,84.50763732066716,4.208959820667161,fdd:2,play 146.83
5:171,80.2986775,80.36117731666666,80.36117731666666,80.41205731666653,0.11337981666653718,84.54622722366716,4.247549723667163,fdd:2,play 293.66
5:172,80.38019899999999,80.38019899999999,80.38019899999999,80.45205731666653,0.07185831666653542,84.62340702966716,4.243208029667173,fdd:1,play 146.83
5:173,80.38019899999999,80.44269881666666,80.44269881666666,80.49205831666652,0.11185931666652493,84.70058683566717,4.3203878356671765,fdd:1,play 293.66
5:174,80.46172049999998,80.46172049999998,80.46172049999998,80.5320593166665,0.07033881666652064,84.77776664166717,4.3160461416671865,fdd:2,play 146.83
5:175,80.46172049999998,80.52422031666666,80.52422031666666,80.5720593166665,0.11033881666651268,84.85494644766717,4.39322594766719,fdd:2,play 293.66
4:76,80.54324199999999,80.54324199999999,80.54324199999999,80.63206031666648,0.0888183166664902,84.93212625366718,4.388884253667186,drum:1,drum_on 233.08
5:176,80.54324199999999,80.60574199999999,80.60574199999999,80.65206131666648,0.1088193166664837,85.00930605966718,4.46606405966719,fdd:1,play 146.83
5:178,80.62476349999999,80.62476349999999,80.62476349999999,80.71206231666646,0.08729881666647543,85.12507576866719,4.5003122686672015,fdd:2,play 146.83
5:180,80.706285,80.706285,80.706285,80.77206331666645,0.06577831666645295,85.2408454776672,4.534560477667199,fdd:1,play 146.83
5:181,80.706285,80.706285,80.706285,80.79206331666644,0.08577831666644897,85.2794353806672,4.573150380667201,fdd:3,play 293.66
5:182,80.78780649999999,80.78780649999999,80.78780649999999,80.83206431666643,0.04425781666644468,85.3566151866672,4.568808686667211,fdd:1,play 146.83
5:183,80.78780649999999,80.85030631666666,80.85030631666666,80.87206431666642,0.08425781666643672,85.4337949926672,4.645988492667215,fdd:1,play 293.66
5:185,80.869328,80.869328,80.869328,80.91206531666641,0.042737316666418224,85.5109747986672,4.64164679866721,fdd:2,play 311.13
5:184,80.869328,80.869328,80.869328,80.93206531666641,0.06273731666641424,85.54956470166721,4.680236701667212,fdd:3,play 155.56
1:206,80.869328,80.869328,80.869328,80.9520663166664,0.08273831666640774,85.58815460466721,4.718826604667214,fdd:4,play 261.63
3:156,80.869328,80.91280613333333,80.91280613333333,80.9720663166664,0.10273831666640376,85.62674450766721,4.757416507667216,fdd:1,play 130.81
1:204,80.869328,80.93182781666665,80.93182781666665,80.9920663166664,0.12273831666639978,85.66533441066721,4.796006410667218,fdd:2,play 130.81
1:205,80.869328,80.93182781666665,80.93182781666665,81.01206731666639,0.14273931666639328,85.70392431366722,4.83459631366722,fdd:3,play 196.00
5:186,80.95084949999999,80.97530613333333,80.97530613333333,81.03206731666639,0.08121781666639549,85.74251421666722,4.791664716667228,fdd:1,play 155.56
5:189,81.032371,81.032371,81.032371,81.07206831666637,0.03969731666637699,85.81969402266722,4.787323022667223,fdd:2,play 311.13
5:187,80.95084949999999,81.03780595,81.03780595,81.09206831666637,0.14121881666638103,85.85828392566722,4.907434425667233,fdd:1,play 311.13
5:188,81.032371,81.10030576666668,81.10030576666668,81.11206831666637,0.07969731666636903,85.89687382866722,4.864502828667227,fdd:1,play 155.56
5:190,81.11389249999999,81.11389249999999,81.11389249999999,81.17206931666635,0.058176816666360764,86.01264353766723,4.898751037667239,fdd:2,play 155.56
5:191,81.11389249999999,81.11389249999999,81.11389249999999,81.19207031666635,0.07817781666635426,86.05123344066723,4.937340940667241,fdd:3,play 311.13
4:77,81.19541399999999,81.19541399999999,81.19541399999999,81.31207131666632,0.11665731666633405,86.24418295566724,5.048768955667256,drum:1,drum_on 196.00
5:194,81.2769355,81.2769355,81.2769355,81.35207231666631,0.07513681666631555,86.35995266466725,5.083017164667254,fdd:1,play 155.56
5:195,81.2769355,81.33943531666665,81.33943531666665,81.3920733166663,0.11513781666630507,86.43713247066725,5.160196970667258,fdd:1,play 311.13
5:196,81.35845699999999,81.35845699999999,81.35845699999999,81.43207331666629,0.0736163166663033,86.51431227666725,5.155855276667268,fdd:3,play 155.56
5:197,81.35845699999999,81.35845699999999,81.35845699999999,81.45207431666628,0.0936173166662968,86.55290217966726,5.1944451796672695,fdd:4,play 311.13
5:198,81.4399785,81.4399785,81.4399785,81.49207431666628,0.052095816666280825,86.63008198566726,5.190103485667265,fdd:1,play 155.56
5:199,81.4399785,81.50247831666665,81.50247831666665,81.51207531666627,0.07209681666627432,86.66867188866726,5.228693388667267,fdd:1,play 311.13
5:200,81.52149999999999,81.52149999999999,81.52149999999999,81.53207531666627,0.010575316666276535,86.70726179166726,5.185761791667275,fdd:2,play 155.56
5:201,81.52149999999999,81.58399981666666,81.58399981666666,81.59207631666625,0.07057631666626207,86.82303150066727,5.301531500667281,fdd:2,play 311.13
5:202,81.6030215,81.6030215,81.6030215,81.63207731666624,0.029055816666243572,86.90021130666727,5.2971898066672765,fdd:1,play 155.56
5:203,81.6030215,81.66552131666666,81.66552131666666,81.66552131666666,0.0624998166666586,86.93880120966728,5.335779709667278,fdd:1,play 311.13
5:204,81.68454299999999,81.68454299999999,81.68454299999999,81.70552131666665,0.020978316666656838,87.01598101566728,5.331438015667288,fdd:2,play 155.56
5:205,81.68454299999999,81.74704281666666,81.74704281666666,81.74704281666666,0.062499816666672814,87.05457091866728,5.37002791866729,fdd:2,play 311.13
5:206,81.76606449999998,81.76606449999998,81.76606449999998,81.78704281666666,0.02097831666667105,87.13175072466728,5.3656862246673,fdd:1,play 155.56
5:207,81.76606449999998,81.82856431666666,81.82856431666666,81.82856431666666,0.062499816666672814,87.17034062766729,5.404276127667302,fdd:1,play 311.13
5:208,81.84758599999999,81.84758599999999,81.84758599999999,81.86856431666665,0.020978316666656838,87.24752043366729,5.399934433667298,fdd:2,play 155.56
5:209,81.84758599999999,81.91008581666665,81.91008581666665,81.91008581666665,0.0624998166666586,87.28611033666729,5.4385243366672995,fdd:2,play 311.13
5:210,81.92910749999999,81.92910749999999,81.92910749999999,81.95008581666664,0.020978316666656838,87.3632901426673,5.434182642667309,fdd:1,play 155.56
5:211,81.92910749999999,81.99160731666666,81.99160731666666,81.99160731666666,0.062499816666672814,87.4018800456673,5.472772545667311,fdd:1,play 311.13
5:212,82.010629,82.010629,82.010629,82.03160731666665,0.020978316666656838,87.4790598516673,5.468430851667307,fdd:2,play 155.56
3:157,82.010629,82.05410713333333,82.05410713333333,82.05410713333333,0.04347813333333761,87.5176497546673,5.507020754667309,fdd:1,play 196.00
5:213,82.010629,82.07312881666665,82.07312881666665,82.07410713333333,0.06347813333333363,87.5562396576673,5.545610657667311,fdd:2,play 311.13
5:214,82.09215049999999,82.09215049999999,82.09215049999999,82.09410713333332,0.0019566333333358443,87.5948295606673,5.502679060667319,fdd:3,play 155.56
5:215,82.09215049999999,82.15465031666666,82.15465031666666,82.17465031666666,0.08249981666666883,87.67200936666731,5.579858866667323,fdd:3,play 311.13
3:158,82.173672,82.173672,82.173672,82.23465131666664,0.060979316666646355,87.78777907566732,5.61410707566732,fdd:1,play 130.81
5:217,82.173672,82.173672,82.173672,82.25465131666664,0.08097931666664238,87.82636897866732,5.652696978667322,fdd:2,play 311.13
5:216,82.173672,82.236172,82.236172,82.27465231666663,0.10098031666663587,87.86495888166732,5.691286881667324,fdd:1,play 155.56
5:218,82.25519349999999,82.25519349999999,82.25519349999999,82.31465231666662,0.05945881666663411,87.94213868766732,5.686945187667334,fdd:2,play 155.56
5:219,82.25519349999999,82.31769331666666,82.31769331666666,82.33465331666662,0.0794598166666276,87.98072859066733,5.725535090667336,fdd:2,play 311.13
5:220,82.33671499999998,82.33671499999998,82.33671499999998,82.37465331666661,0.03793831666662584,88.05790839666733,5.721193396667346,fdd:1,play 155.56
5:221,82.33671499999998,82.39921481666666,82.39921481666666,82.4146543166666,0.07793931666661535,88.13508820266733,5.798373202667349,fdd:1,play 311.13
5:222,82.41823649999999,82.41823649999999,82.41823649999999,82.45465531666659,0.036418816666596854,88.21226800866734,5.794031508667345,fdd:2,play 155.56
5:223,82.41823649999999,82.41823649999999,82.41823649999999,82.47465531666658,0.056418816666592875,88.25085791166734,5.832621411667347,fdd:3,play 311.13
3:159,82.49975799999999,82.49975799999999,82.49975799999999,82.53675799999998,0.03699999999999193,88.36662762066734,5.866869620667359,fdd:1,play 130.81
5:225,82.49975799999999,82.49975799999999,82.49975799999999,82.55675899999997,0.057000999999985424,88.40521752366735,5.905459523667361,fdd:2,play 311.13
5:224,82.49975799999999,82.56225799999999,82.56225799999999,82.57675899999997,0.07700099999998145,88.44380742666735,5.9440494266673625,fdd:1,play 155.56
5:226,82.5812795,82.5812795,82.5812795,82.61675999999996,0.035480499999962944,88.52098723266735,5.939707732667358,fdd:2,play 155.56
5:227,82.5812795,82.64377931666665,82.64377931666665,82.65675999999995,0.07548049999995499,88.59816703866736,6.016887538667362,fdd:2,play 311.13
5:228,82.66280099999999,82.66280099999999,82.66280099999999,82.69676099999994,0.033959999999950696,88.67534684466736,6.012545844667372,fdd:1,play 155.56
5:229,82.66280099999999,82.72530081666666,82.72530081666666,82.72530081666666,0.062499816666672814,88.71393674766736,6.051135747667374,fdd:1,play 311.13
5:230,82.7443225,82.7443225,82.7443225,82.76530081666665,0.020978316666656838,88.79111655366736,6.046794053667369,fdd:2,play 155.56
5:231,82.7443225,82.80682231666665,82.80682231666665,82.80682231666665,0.0624998166666586,88.82970645666737,6.085383956667371,fdd:2,play 311.13
3:160,82.82584399999999,82.82584399999999,82.82584399999999,82.84682231666665,0.020978316666656838,88.90688626266737,6.081042262667381,fdd:1,play 130.81
5:233,82.82584399999999,82.82584399999999,82.82584399999999,82.86682331666664,0.040979316666650334,88.94547616566737,6.119632165667383,fdd:3,play 311.13
5:232,82.82584399999999,82.88834399999999,82.88834399999999,82.88834399999999,0.0625,88.98406606866737,6.158222068667385,fdd:1,play 155.56
5:234,82.9073655,82.9073655,82.9073655,82.92834399999998,0.020978499999984024,89.06124587466738,6.153880374667381,fdd:2,play 155.56
5:235,82.9073655,82.96986531666666,82.96986531666666,82.96986531666666,0.0624998166666586,89.09983577766738,6.192470277667383,fdd:2,play 311.13
5:236,82.98888699999999,82.98888699999999,82.98888699999999,83.02986631666664,0.040979316666650334,89.21560548666739,6.226718486667394,fdd:1,play 155.56
5:237,82.98888699999999,82.98888699999999,82.98888699999999,83.04986631666664,0.060979316666646355,89.25419538966739,6.265308389667396,fdd:3,play 311.13
5:238,83.07040849999998,83.07040849999998,83.07040849999998,83.10986731666662,0.039458816666638086,89.3699650986674,6.299556598667408,fdd:1,play 155.56
5:239,83.07040849999998,83.07040849999998,83.07040849999998,83.12986731666662,0.05945881666663411,89.4085550016674,6.33814650166741,fdd:2,play 311.13
3:161,83.15193,83.15193,83.15193,83.1898683166666,0.03793831666661163,89.5243247106674,6.3723947106674075,fdd:1,play 196.00
5:241,83.15193,83.15193,83.15193,83.2098693166666,0.05793931666660512,89.5629146136674,6.410984613667409,fdd:3,play 311.13
5:240,83.15193,83.21443,83.21443,83.2298693166666,0.07793931666660114,89.6015045166674,6.449574516667411,fdd:1,play 155.56
5:243,83.23345149999999,83.23345149999999,83.23345149999999,83.28987031666658,0.056418816666592875,89.71727422566741,6.483822725667423,fdd:2,play 311.13
5:242,83.23345149999999,83.23345149999999,83.23345149999999,83.30987031666658,0.0764188166665889,89.75586412866741,6.522412628667425,fdd:3,play 155.56
5:244,83.314973,83.314973,83.314973,83.34987131666657,0.034898316666570395,89.83304393466742,6.518070934667421,fdd:1,play 155.56
5:245,83.314973,83.37747281666665,83.37747281666665,83.37747281666665,0.0624998166666586,89.87163383766742,6.5566608376674225,fdd:1,play 311.13
5:246,83.39649449999999,83.39649449999999,83.39649449999999,83.41747281666665,0.020978316666656838,89.94881364366742,6.552319143667432,fdd:2,play 155.56
5:247,83.39649449999999,83.45899431666666,83.45899431666666,83.45899431666666,0.062499816666672814,90.02599344966742,6.629498949667436,fdd:2,play 311.13
3:162,83.478016,83.478016,83.478016,83.49899431666665,0.020978316666656838,90.10317325566743,6.625157255667432,fdd:1,play 130.81
5:249,83.478016,83.478016,83.478016,83.51899531666665,0.040979316666650334,90.14176315866743,6.663747158667434,fdd:3,play 174.61
5:248,83.478016,83.540516,83.540516,83.540516,0.0625,90.18035306166743,6.702337061667436,fdd:1,play 174.61
5:250,83.55953749999999,83.55953749999999,83.55953749999999,83.60051699999998,0.04097949999999173,90.29612277066744,6.736585270667447,fdd:2,play 174.61
5:251,83.55953749999999,83.55953749999999,83.55953749999999,83.62051699999998,0.06097949999998775,90.33471267366744,6.775175173667449,fdd:3,play 174.61
5:252,83.64105899999998,83.64105899999998,83.64105899999998,83.68051799999996,0.03945899999997948,90.45048238266745,6.809423382667461,fdd:1,play 174.61
5:253,83.64105899999998,83.64105899999998,83.64105899999998,83.70051799999996,0.059458999999975504,90.48907228566745,6.848013285667463,fdd:3,play 174.61
5:254,83.72258049999999,83.72258049999999,83.72258049999999,83.76051899999995,0.037938499999953024,90.60484199466745,6.8822614946674605,fdd:1,play 174.61
5:255,83.72258049999999,83.72258049999999,83.72258049999999,83.78051999999994,0.05793949999994652,90.64343189766745,6.920851397667462,fdd:3,play 174.61
5:256,83.80410199999999,83.80410199999999,83.80410199999999,83.86052099999992,0.05641899999993427,90.79779150966746,6.993689509667476,fdd:1,play 174.61
5:257,83.80410199999999,83.80410199999999,83.80410199999999,83.88052099999992,0.07641899999993029,90.83638141266746,7.032279412667478,fdd:3,play 174.61
5:258,83.8856235,83.8856235,83.8856235,83.9205219999999,0.03489849999991179,90.91356121866747,7.027937718667474,fdd:1,play 174.61
5:259,83.8856235,83.8856235,83.8856235,83.9405219999999,0.05489849999990781,90.95215112166747,7.0665276216674755,fdd:2,play 174.61
5:260,83.96714499999999,83.96714499999999,83.96714499999999,84.00052299999989,0.033377999999899544,91.06792083066748,7.100775830667487,fdd:1,play 174.61
5:261,83.96714499999999,83.96714499999999,83.96714499999999,84.02052399999988,0.05337899999989304,91.10651073366748,7.139365733667489,fdd:2,play 174.61
5:262,84.0486665,84.0486665,84.0486665,84.10052499999986,0.05185849999986658,91.26087034566748,7.212203845667489,fdd:1,play 174.61
5:263,84.0486665,84.0486665,84.0486665,84.12052499999986,0.0718584999998626,91.29946024866749,7.2507937486674905,fdd:2,play 174.61
5:264,84.13018799999999,84.13018799999999,84.13018799999999,84.18052599999984,0.05033799999985433,91.41522995766749,7.285041957667502,fdd:1,play 174.61
5:265,84.13018799999999,84.13018799999999,84.13018799999999,84.20052699999984,0.07033899999984783,91.4538198606675,7.323631860667504,fdd:2,play 174.61
5:266,84.21170949999998,84.21170949999998,84.21170949999998,84.26052799999982,0.04881849999983956,91.5695895696675,7.357880069667516,fdd:1,play 174.61
5:267,84.21170949999998,84.21170949999998,84.21170949999998,84.28052799999982,0.06881849999983558,91.6081794726675,7.396469972667518,fdd:2,play 174.61
5:268,84.29323099999999,84.29323099999999,84.29323099999999,84.3405289999998,0.0472979999998131,91.7239491816675,7.430718181667515,fdd:1,play 174.61
5:269,84.29323099999999,84.29323099999999,84.29323099999999,84.3605289999998,0.06729799999980912,91.76253908466751,7.469308084667517,fdd:2,play 174.61
5:270,84.37475249999999,84.37475249999999,84.37475249999999,84.42052999999979,0.04577749999980085,91.87830879366751,7.503556293667529,fdd:1,play 174.61
5:271,84.37475249999999,84.37475249999999,84.37475249999999,84.44053099999978,0.06577849999979435,91.91689869666752,7.542146196667531,fdd:2,play 174.61
5:272,84.456274,84.456274,84.456274,84.50053199999977,0.04425799999977187,92.03266840566752,7.5763944056675285,fdd:1,play 174.61
5:273,84.456274,84.456274,84.456274,84.52053199999976,0.06425799999976789,92.07125830866752,7.61498430866753,fdd:2,play 174.61
5:274,84.53779549999999,84.53779549999999,84.53779549999999,84.58053299999975,0.04273749999975962,92.18702801766753,7.649232517667542,fdd:1,play 174.61
5:275,84.53779549999999,84.53779549999999,84.53779549999999,84.60053299999974,0.06273749999975564,92.22561792066753,7.687822420667544,fdd:2,play 174.61
4:78,84.619317,84.619317,84.619317,84.68053399999972,0.06121699999972918,92.34138762966754,7.722070629667542,drum:1,drum_on 146.83
5:276,84.619317,84.619317,84.619317,84.70053499999972,0.08121799999972268,92.41856743566754,7.799250435667545,fdd:1,play 174.61
5:278,84.70083849999999,84.70083849999999,84.70083849999999,84.7605359999997,0.05969749999971441,92.53433714466755,7.833498644667557,fdd:1,play 174.61
5:279,84.70083849999999,84.70083849999999,84.70083849999999,84.7805359999997,0.07969749999971043,92.57292704766755,7.872088547667559,fdd:2,play 174.61
4:79,84.78236,84.78236,84.78236,84.88053699999968,0.09817699999967999,92.72728665966756,7.9449266596675585,drum:1,drum_on 220.00
5:282,84.86388149999999,84.86388149999999,84.86388149999999,84.94053799999966,0.07665649999967172,92.88164627166756,8.017764771667572,fdd:1,play 174.61
5:283,84.86388149999999,84.86388149999999,84.86388149999999,84.96053899999966,0.09665749999966522,92.92023617466756,8.056354674667574,fdd:2,play 174.61
5:284,84.94540299999998,84.94540299999998,84.94540299999998,85.02053999999964,0.07513699999965695,93.03600588366757,8.090602883667586,fdd:1,play 174.61
5:285,84.94540299999998,84.94540299999998,84.94540299999998,85.04053999999964,0.09513699999965297,93.07459578666757,8.129192786667588,fdd:2,play 174.61
5:286,85.02692449999999,85.02692449999999,85.02692449999999,85.10054099999962,0.07361649999963049,93.19036549566758,8.163440995667585,fdd:1,play 174.61
5:287,85.02692449999999,85.02692449999999,85.02692449999999,85.12054099999962,0.09361649999962651,93.22895539866758,8.202030898667587,fdd:2,play 174.61
4:80,85.10844599999999,85.10844599999999,85.10844599999999,85.2205429999996,0.11209699999960776,93.38331501066759,8.2748690106676,drum:1,drum_on 196.00
5:290,85.1899675,85.1899675,85.1899675,85.28054399999958,0.09057649999958528,93.5376746226676,8.3477071226676,fdd:1,play 174.61
4:81,85.27148899999999,85.27148899999999,85.27148899999999,85.38054499999956,0.10905599999956905,93.6920342346676,8.420545234667614,drum:1,drum_on 196.00
5:294,85.3530105,85.3530105,85.3530105,85.44054599999954,0.08753549999954657,93.84639384666761,8.493383346667613,fdd:1,play 174.61
4:82,85.43453199999999,85.43453199999999,85.43453199999999,85.54054799999952,0.10601599999952782,94.00075345866762,8.566221458667627,drum:1,drum_on 185.00
5:298,85.51605349999998,85.51605349999998,85.51605349999998,85.6005489999995,0.08449549999951955,94.15511307066762,8.63905957066764,fdd:1,play 174.61
5:300,85.59757499999999,85.59757499999999,85.59757499999999,85.66054999999949,0.06297499999949707,94.27088277966763,8.673307779667638,fdd:1,play 174.61
5:301,85.59757499999999,85.59757499999999,85.59757499999999,85.68054999999949,0.0829749999994931,94.30947268266763,8.71189768266764,fdd:2,play 174.61
5:302,85.67909649999999,85.67909649999999,85.67909649999999,85.74055099999947,0.061454499999484824,94.42524239166764,8.746145891667652,fdd:1,play 174.61
5:303,85.67909649999999,85.67909649999999,85.67909649999999,85.76055199999946,0.08145549999947832,94.46383229466764,8.784735794667654,fdd:2,play 174.61
4:83,85.760618,85.760618,85.760618,85.86055299999944,0.09993499999944788,94.61819190666765,8.857573906667653,drum:1,drum_on 196.00
5:306,85.84213949999999,85.84213949999999,85.84213949999999,85.92055399999943,0.07841449999943961,94.77255151866765,8.930412018667667,fdd:1,play 174.61
5:307,85.84213949999999,85.84213949999999,85.84213949999999,85.94055499999942,0.09841549999943311,94.81114142166766,8.969001921667669,fdd:2,play 174.61
5:308,85.923661,85.923661,85.923661,86.0005559999994,0.07689499999941063,94.92691113066766,9.003250130667666,fdd:1,play 174.61
5:310,85.923661,85.923661,85.923661,86.0205559999994,0.09689499999940665,94.96550103366766,9.041840033667668,fdd:2,play 174.61
5:309,85.923661,85.98616081666665,85.98616081666665,86.0405559999994,0.11689499999940267,95.00409093666767,9.08042993666767,fdd:1,play 196.00
5:311,85.923661,85.98616081666665,85.98616081666665,86.06055699999939,0.13689599999939617,95.04268083966767,9.119019839667672,fdd:2,play 196.00
5:312,86.00518249999999,86.00518249999999,86.00518249999999,86.08055699999939,0.07537449999939838,95.08127074266767,9.07608824266768,fdd:3,play 174.61
5:313,86.00518249999999,86.06768231666666,86.06768231666666,86.10055699999938,0.0953744999993944,95.11986064566767,9.114678145667682,fdd:3,play 174.61
3:163,86.08670399999998,86.08670399999998,86.08670399999998,86.14055799999937,0.05385399999939011,95.19704045166768,9.110336451667692,fdd:1,play 196.00
1:210,86.08670399999998,86.14920399999998,86.14920399999998,86.16055799999937,0.07385399999938613,95.23563035466768,9.148926354667694,fdd:1,play 196.00
4:84,86.41278999999999,86.41278999999999,86.41278999999999,86.43376831666664,0.020978316666656838,95.42857986966769,9.0157898696677,drum:1,drum_on 146.83
1:211,86.41278999999999,86.41278999999999,86.41278999999999,86.45376931666664,0.040979316666650334,95.50575967566769,9.092969675667703,fdd:1,play 146.83
1:212,86.73887599999999,86.73887599999999,86.73887599999999,86.73985431666665,0.0009783166666608167,95.6215293846677,8.882653384667705,fdd:1,play 196.00
1:213,87.064962,87.064962,87.064962,87.064962,0.0,95.6987091906677,8.633747190667705,fdd:1,play 146.83
3:164,87.228005,87.228005,87.228005,87.24500499999999,0.016999999999995907,95.7758889966677,8.547883996667707,fdd:1,play 196.00
3:165,87.39104799999998,87.39104799999998,87.39104799999998,87.39904799999998,0.007999999999995566,95.8530688026677,8.462020802667723,fdd:1,play 196.00
1:214,87.39104799999998,87.45354799999998,87.45354799999998,87.45354799999998,0.0625,95.89165870566771,8.500610705667725,fdd:1,play 196.00
3:166,87.71713399999999,87.71713399999999,87.71713399999999,87.71713399999999,0.0,95.96883851166771,8.251704511667725,fdd:1,play 196.00
1:215,87.71713399999999,87.71713399999999,87.71713399999999,87.73713399999998,0.01999999999999602,96.00742841466771,8.290294414667727,fdd:3,play 246.94
1:216,88.04321999999999,88.04321999999999,88.04321999999999,88.04321999999999,0.0,96.12319812366772,8.079978123667729,fdd:1,play 196.00
3:167,88.369306,88.369306,88.369306,88.369306,0.0,96.20037792966772,7.831071929667729,fdd:1,play 196.00
1:217,88.369306,88.431806,88.431806,88.431806,0.0625,96.23896783266773,7.869661832667731,fdd:1,play 146.83
3:168,88.69539199999998,88.69539199999998,88.69539199999998,88.69539199999998,0.0,96.31614763866773,7.620755638667745,fdd:1,play 196.00
1:218,88.69539199999998,88.75789199999998,88.75789199999998,88.75789199999998,0.0625,96.35473754166773,7.659345541667747,fdd:1,play 146.83
1:219,89.02147799999999,89.02147799999999,89.02147799999999,89.02147799999999,0.0,96.43191734766773,7.410439347667747,fdd:1,play 196.00
1:220,89.34756399999999,89.34756399999999,89.34756399999999,89.34756399999999,0.0,96.50909715366774,7.161533153667747,fdd:1,play 196.00
1:221,89.67365,89.67365,89.67365,89.67365,0.0,96.58627695966774,6.912626959667747,fdd:1,play 146.83
4:85,89.836693,89.836693,89.836693,89.87369299999999,0.03699999999999193,96.66345676566775,6.826763765667749,drum:1,drum_on 146.83
3:169,89.836693,89.836693,89.836693,89.89369399999998,0.057000999999985424,96.74063657166775,6.903943571667753,fdd:1,play 196.00
4:86,89.99973599999998,89.99973599999998,89.99973599999998,90.04071431666665,0.04097831666666707,96.85640628066776,6.856670280667771,drum:1,drum_on 196.00
3:170,89.99973599999998,89.99973599999998,89.99973599999998,90.06071531666664,0.060979316666660566,96.93358608666776,6.933850086667775,fdd:1,play 196.00
1:222,89.99973599999998,90.06223599999998,90.06223599999998,90.08071531666664,0.08097931666665659,96.97217598966776,6.972439989667777,fdd:1,play 146.83
4:87,90.16277899999999,90.16277899999999,90.16277899999999,90.18375731666664,0.020978316666656838,97.04935579566776,6.886576795667779,drum:1,drum_on 220.00
4:88,90.32582199999999,90.32582199999999,90.32582199999999,90.34680031666664,0.020978316666656838,97.20371540766777,6.877893407667784,drum:1,drum_on 196.00
3:171,90.32582199999999,90.32582199999999,90.32582199999999,90.36680131666664,0.040979316666650334,97.28089521366778,6.955073213667788,fdd:1,play 196.00
1:223,90.32582199999999,90.38832199999999,90.38832199999999,90.38832199999999,0.0625,97.31948511666778,6.99366311666779,fdd:1,play 196.00
4:89,90.65190799999999,90.65190799999999,90.65190799999999,90.67288631666665,0.020978316666656838,97.43525482566778,6.783346825667792,drum:1,drum_on 196.00
1:224,90.65190799999999,90.65190799999999,90.65190799999999,90.69288731666664,0.040979316666650334,97.51243463166779,6.8605266316677955,fdd:1,play 196.00
4:90,90.977994,90.977994,90.977994,90.99897231666665,0.020978316666656838,97.62820434066779,6.6502103406677975,drum:1,drum_on 185.00
3:172,90.977994,90.977994,90.977994,91.01897331666665,0.040979316666650334,97.7053841466678,6.727390146667801,fdd:1,play 196.00
1:225,90.977994,91.040494,91.040494,91.040494,0.0625,97.7439740496678,6.765980049667803,fdd:1,play 146.83
3:173,91.30407999999998,91.30407999999998,91.30407999999998,91.30407999999998,0.0,97.8211538556678,6.517073855667817,fdd:3,play 123.47
1:226,91.30407999999998,91.36657999999998,91.36657999999998,91.36657999999998,0.0625,97.8597437586678,6.555663758667819,fdd:3,play 123.47
1:227,91.63016599999999,91.63016599999999,91.63016599999999,91.63016599999999,0.0,97.93692356466781,6.306757564667819,fdd:1,play 185.00
1:228,91.95625199999999,91.95625199999999,91.95625199999999,91.95723031666665,0.0009783166666608167,98.05269327366781,6.096441273667821,fdd:1,play 246.94
3:174,92.44538099999998,92.44538099999998,92.44538099999998,92.44538099999998,0.0,98.12987307966782,5.684492079667834,fdd:1,play 185.00
1:229,92.60842399999999,92.60842399999999,92.60842399999999,92.61642399999998,0.007999999999995566,98.20705288566782,5.598628885667836,fdd:1,play 185.00
3:175,92.60842399999999,92.60842399999999,92.60842399999999,92.63642399999998,0.027999999999991587,98.24564278866782,5.6372187886678375,fdd:3,play 123.47
1:230,92.93450999999999,92.93450999999999,92.93450999999999,92.93450999999999,0.0,98.36141249766783,5.4269024976678395,fdd:1,play 246.94
3:176,92.93450999999999,92.93450999999999,92.93450999999999,92.95450999999998,0.01999999999999602,98.40000240066783,5.465492400667841,fdd:3,play 123.47
3:177,93.586682,93.586682,93.586682,93.586682,0.0,98.51577210966784,4.92909010966784,fdd:1,play 246.94
1:231,93.586682,93.649182,93.649182,93.649182,0.0625,98.55436201266784,4.9676800126678415,fdd:1,play 185.00
3:178,93.91276799999999,93.91276799999999,93.91276799999999,93.91276799999999,0.0,98.63154181866784,4.718773818667856,fdd:1,play 246.94
1:232,93.91276799999999,93.97526799999999,93.97526799999999,93.97526799999999,0.0625,98.67013172166784,4.757363721667858,fdd:1,play 311.13
1:233,94.23885399999999,94.23885399999999,94.23885399999999,94.23885399999999,0.0,98.74731152766785,4.508457527667858,fdd:1,play 246.94
1:234,94.56493999999999,94.56493999999999,94.56493999999999,94.56493999999999,0.0,98.82449133366785,4.259551333667858,fdd:1,play 185.00
1:235,94.89102599999998,94.89102599999998,94.89102599999998,94.89102599999998,0.0,98.90167113966785,4.010645139667872,fdd:1,play 246.94
4:91,95.05406899999998,95.05406899999998,95.05406899999998,95.09106899999998,0.03699999999999193,98.97885094566786,3.924781945667874,drum:1,drum_on 146.83
3:179,95.05406899999998,95.05406899999998,95.05406899999998,95.11106999999997,0.057000999999985424,99.05603075166786,4.001961751667878,fdd:1,play 185.00
4:92,95.21711199999999,95.21711199999999,95.21711199999999,95.25809031666664,0.04097831666665286,99.17180046066787,3.9546884606678816,drum:1,drum_on 220.00
3:180,95.21711199999999,95.21711199999999,95.21711199999999,95.27809131666663,0.060979316666646355,99.24898026666787,4.031868266667885,fdd:1,play 246.94
4:93,95.38015499999999,95.38015499999999,95.38015499999999,95.40113331666664,0.020978316666656838,99.32616007266788,3.9460050726678872,drum:1,drum_on 220.00
4:94,95.54319799999999,95.54319799999999,95.54319799999999,95.56417631666665,0.020978316666656838,99.48051968466788,3.937321684667893,drum:1,drum_on 220.00
3:181,95.54319799999999,95.54319799999999,95.54319799999999,95.58417731666664,0.040979316666650334,99.55769949066789,4.014501490667897,fdd:1,play 246.94
1:236,95.54319799999999,95.60569799999999,95.60569799999999,95.60569799999999,0.0625,99.59628939366789,4.0530913936678985,fdd:1,play 185.00
4:95,95.869284,95.869284,95.869284,95.89026231666665,0.020978316666656838,99.7120591026679,3.8427751026679005,drum:1,drum_on 185.00
3:182,95.869284,95.869284,95.869284,95.91026331666664,0.040979316666650334,99.7892389086679,3.919954908667904,fdd:1,play 246.94
1:237,95.869284,95.931784,95.931784,95.931784,0.0625,99.8278288116679,3.958544811667906,fdd:1,play 311.13
4:96,96.19536999999998,96.19536999999998,96.19536999999998,96.21634831666665,0.02097831666667105,99.9435985206679,3.7482285206679222,drum:1,drum_on 220.00
3:183,96.19536999999998,96.19536999999998,96.19536999999998,96.23634931666665,0.040979316666664545,100.02077832666791,3.825408326667926,fdd:1,play 130.81
3:184,96.52145599999999,96.52145599999999,96.52145599999999,96.52145599999999,0.0,100.09795813266791,3.576502132667926,fdd:1,play 130.81
1:238,96.52145599999999,96.58395599999999,96.58395599999999,96.58395599999999,0.0625,100.13654803566791,3.615092035667928,fdd:1,play 196.00
4:97,96.84754199999999,96.84754199999999,96.84754199999999,96.86852031666665,0.020978316666656838,100.25231774466792,3.40477574466793,drum:1,drum_on 164.81
1:239,96.84754199999999,96.84754199999999,96.84754199999999,96.88852131666664,0.040979316666650334,100.32949755066792,3.4819555506679336,fdd:1,play 261.63
1:240,97.173628,97.173628,97.173628,97.173628,0.0,100.40667735666793,3.2330493566679337,fdd:1,play 329.63
4:98,97.49971399999998,97.49971399999998,97.49971399999998,97.52069231666665,0.02097831666667105,100.52244706566793,3.02273306566795,drum:1,drum_on 146.83
4:99,97.66275699999998,97.66275699999998,97.66275699999998,97.68373531666664,0.020978316666656838,100.63821677466794,2.9754597746679536,drum:1,drum_on 130.81
3:185,97.66275699999998,97.66275699999998,97.66275699999998,97.70373631666664,0.040979316666650334,100.71539658066794,3.0526395806679574,fdd:1,play 196.00
3:186,97.82579999999999,97.82579999999999,97.82579999999999,97.84677831666664,0.020978316666656838,100.83116628966795,3.005366289667961,fdd:1,play 130.81
1:241,97.82579999999999,97.88829999999999,97.88829999999999,97.88829999999999,0.0625,100.86975619266795,3.043956192667963,fdd:1,play 196.00
3:187,98.15188599999999,98.15188599999999,98.15188599999999,98.15188599999999,0.0,100.94693599866795,2.795049998667963,fdd:1,play 130.81
1:242,98.15188599999999,98.21438599999999,98.21438599999999,98.21438599999999,0.0625,100.98552590166796,2.833639901667965,fdd:1,play 261.63
3:188,98.80405799999998,98.80405799999998,98.80405799999998,98.80405799999998,0.0,101.06270570766796,2.2586477076679756,fdd:1,play 196.00
1:243,98.80405799999998,98.86655799999998,98.86655799999998,98.86655799999998,0.0625,101.10129561066796,2.2972376106679775,fdd:1,play 196.00
3:189,99.13014399999999,99.13014399999999,99.13014399999999,99.13014399999999,0.0,101.17847541666796,2.0483314166679776,fdd:1,play 130.81
1:244,99.13014399999999,99.19264399999999,99.19264399999999,99.19264399999999,0.0625,101.21706531966797,2.0869213196679794,fdd:1,play 329.63
1:245,99.45622999999999,99.45622999999999,99.45622999999999,99.45622999999999,0.0,101.29424512566797,1.8380151256679795,fdd:1,play 261.63
3:190,99.782316,99.782316,99.782316,99.782316,0.0,101.37142493166797,1.5891089316679796,fdd:1,play 130.81
1:246,99.782316,99.844816,99.844816,99.844816,0.0625,101.41001483466798,1.6276988346679815,fdd:1,play 196.00
1:247,100.10840199999998,100.10840199999998,100.10840199999998,100.10840199999998,0.0,101.48719464066798,1.3787926406679958,fdd:1,play 261.63
4:100,100.27144499999999,100.27144499999999,100.27144499999999,100.30844499999998,0.03699999999999193,101.56437444666798,1.2929294466679977,drum:1,drum_on 164.81
3:191,100.27144499999999,100.27144499999999,100.27144499999999,100.32844599999997,0.057000999999985424,101.64155425266799,1.3701092526680014,fdd:1,play 196.00
4:101,100.43448799999999,100.43448799999999,100.43448799999999,100.47546631666664,0.04097831666665286,101.75732396166799,1.3228359616680052,drum:1,drum_on 220.00
3:192,100.43448799999999,100.43448799999999,100.43448799999999,100.49546731666663,0.060979316666646355,101.834503767668,1.400015767668009,fdd:1,play 130.81
4:102,100.59753099999999,100.59753099999999,100.59753099999999,100.61850931666665,0.020978316666656838,101.911683573668,1.3141525736680109,drum:1,drum_on 220.00
4:103,100.76057399999999,100.76057399999999,100.76057399999999,100.78155231666665,0.020978316666656838,102.06604318566801,1.3054691856680165,drum:1,drum_on 196.00
3:193,100.76057399999999,100.76057399999999,100.76057399999999,100.80155331666664,0.040979316666650334,102.14322299166801,1.3826489916680202,fdd:1,play 130.81
1:248,100.76057399999999,100.82307399999999,100.82307399999999,100.82307399999999,0.0625,102.18181289466801,1.4212388946680221,fdd:1,play 196.00
4:104,101.08666,101.08666,101.08666,101.10763831666665,0.020978316666656838,102.29758260366802,1.210922603668024,drum:1,drum_on 185.00
1:249,101.08666,101.08666,101.08666,101.12763931666665,0.040979316666650334,102.37476240966802,1.2881024096680278,fdd:1,play 329.63
4:105,101.41274599999998,101.41274599999998,101.41274599999998,101.43372431666664,0.020978316666656838,102.49053211866803,1.077786118668044,drum:1,drum_on 196.00
3:194,101.41274599999998,101.41274599999998,101.41274599999998,101.45372531666663,0.040979316666650334,102.56771192466803,1.1549659246680477,fdd:1,play 246.94
1:250,101.41274599999998,101.47524599999998,101.47524599999998,101.47524599999998,0.0625,102.60630182766803,1.1935558276680496,fdd:1,play 261.63
3:195,101.73883199999999,101.73883199999999,101.73883199999999,101.73883199999999,0.0,102.68348163366804,0.9446496336680497,fdd:1,play 130.81
1:251,101.73883199999999,101.80133199999999,101.80133199999999,101.80133199999999,0.0625,102.72207153666804,0.9832395366680515,fdd:1,play 130.81
1:252,102.06491799999999,102.06491799999999,102.06491799999999,102.06491799999999,0.0,102.79925134266804,0.7343333426680516,fdd:1,play 196.00
3:196,102.391004,102.391004,102.391004,102.39198231666666,0.0009783166666608167,102.91502105166805,0.5240170516680536,fdd:1,play 130.81
1:253,102.391004,102.453504,102.453504,102.453504,0.0625,102.95361095466805,0.5626069546680554,fdd:1,play 261.63
1:254,102.71708999999998,102.71708999999998,102.71708999999998,102.71708999999998,0.0,103.03079076066805,0.31370076066806973,fdd:1,play 196.00
3:197,102.88013299999999,102.88013299999999,102.88013299999999,102.88813299999998,0.007999999999995566,103.10797056666806,0.22783756666807164,fdd:1,play 196.00
3:198,103.04317599999999,103.04317599999999,103.04317599999999,103.06017599999998,0.016999999999995907,103.18515037266806,0.14197437266807356,fdd:1,play 130.81
1:255,103.04317599999999,103.10567599999999,103.10567599999999,103.10567599999999,0.0625,103.22374027566806,0.18056427566807542,fdd:1,play 311.13
3:199,103.36926199999999,103.36926199999999,103.36926199999999,103.36926199999999,0.0,103.36926199999999,0.0,fdd:1,play 130.81
1:256,103.36926199999999,103.43176199999999,103.43176199999999,103.43176199999999,0.0625,103.43176199999999,0.0625,fdd:1,play 261.63
1:257,103.69534799999998,103.69534799999998,103.69534799999998,103.69534799999998,0.0,103.69534799999998,0.0,fdd:1,play 196.00
3:200,104.02143399999999,104.02143399999999,104.02143399999999,104.02143399999999,0.0,104.02143399999999,0.0,fdd:1,play 196.00
1:258,104.02143399999999,104.08393399999999,104.08393399999999,104.08393399999999,0.0625,104.08393399999999,0.0625,fdd:1,play 261.63
3:201,104.34751999999999,104.34751999999999,104.34751999999999,104.34751999999999,0.0,104.34751999999999,0.0,fdd:1,play 130.81
1:259,104.34751999999999,104.41001999999999,104.41001999999999,104.41001999999999,0.0625,104.41001999999999,0.0625,fdd:1,play 130.81
1:260,104.67360599999999,104.67360599999999,104.67360599999999,104.67360599999999,0.0,104.67360599999999,0.0,fdd:1,play 196.00
3:202,104.99969199999998,104.99969199999998,104.99969199999998,104.99969199999998,0.0,104.99969199999998,0.0,fdd:1,play 146.83
1:261,104.99969199999998,105.06219199999998,105.06219199999998,105.06219199999998,0.0625,105.06219199999998,0.0625,fdd:1,play 261.63
1:262,105.32577799999999,105.32577799999999,105.32577799999999,105.32577799999999,0.0,105.32577799999999,0.0,fdd:1,play 196.00
4:106,105.48882099999999,105.48882099999999,105.48882099999999,105.50882099999998,0.01999999999999602,105.48882099999999,0.0,drum:1,drum_on 146.83
4:107,105.65186399999999,105.65186399999999,105.65186399999999,105.67284231666665,0.020978316666656838,105.67143221966666,0.019568219666666664,drum:1,drum_on 220.00
3:203,105.65186399999999,105.65186399999999,105.65186399999999,105.69284331666664,0.040979316666650334,105.74861202566666,0.0967480256666704,fdd:1,play 155.56
1:263,105.65186399999999,105.71436399999999,105.71436399999999,105.71436399999999,0.0625,105.78720192866666,0.13533792866667227,fdd:1,play 311.13
4:108,105.97794999999999,105.97794999999999,105.97794999999999,105.99892831666665,0.020978316666656838,105.99751821966666,0.019568219666666664,drum:1,drum_on 196.00
1:264,105.97794999999999,105.97794999999999,105.97794999999999,106.01892931666664,0.040979316666650334,106.07469802566666,0.0967480256666704,fdd:1,play 261.63
4:109,106.30403599999998,106.30403599999998,106.30403599999998,106.32501431666665,0.02097831666667105,106.32360421966666,0.019568219666680875,drum:1,drum_on 185.00
3:204,106.30403599999998,106.30403599999998,106.30403599999998,106.34501531666665,0.040979316666664545,106.40078402566667,0.09674802566668461,fdd:1,play 174.61
1:265,106.30403599999998,106.36653599999998,106.36653599999998,106.36653599999998,0.0625,106.43937392866667,0.13533792866668648,fdd:1,play 196.00
4:110,106.63012199999999,106.63012199999999,106.63012199999999,106.65110031666664,0.020978316666656838,106.64969021966665,0.019568219666666664,drum:1,drum_on 196.00
3:205,106.95620799999999,106.95620799999999,106.95620799999999,106.95620799999999,0.0,106.95620799999999,0.0,fdd:1,play 196.00
1:266,106.95620799999999,107.01870799999999,107.01870799999999,107.01870799999999,0.0625,107.01870799999999,0.0625,fdd:1,play 196.00
4:111,107.282294,107.282294,107.282294,107.30327231666665,0.020978316666656838,107.30186221966666,0.019568219666666664,drum:1,drum_on 146.83
1:267,107.282294,107.282294,107.282294,107.32327331666664,0.040979316666650334,107.37904202566666,0.0967480256666704,fdd:1,play 146.83
1:268,107.60837999999998,107.60837999999998,107.60837999999998,107.60837999999998,0.0,107.60837999999998,0.0,fdd:1,play 246.94
4:112,107.93446599999999,107.93446599999999,107.93446599999999,107.95544431666664,0.020978316666656838,107.95403421966665,0.019568219666666664,drum:1,drum_on 130.81
1:269,107.93446599999999,107.93446599999999,107.93446599999999,107.97544531666664,0.040979316666650334,108.03121402566666,0.0967480256666704,fdd:1,play 146.83
4:113,108.09750899999999,108.09750899999999,108.09750899999999,108.13848731666664,0.04097831666665286,108.15566712266666,0.05815812266666853,drum:1,drum_on 123.47
3:206,108.09750899999999,108.09750899999999,108.09750899999999,108.15848831666663,0.060979316666646355,108.23284692866666,0.13533792866667227,fdd:1,play 196.00
3:207,108.26055199999999,108.26055199999999,108.26055199999999,108.26855199999999,0.007999999999995566,108.31002673466666,0.04947473466667418,fdd:1,play 196.00
1:270,108.26055199999999,108.32305199999999,108.32305199999999,108.32305199999999,0.0625,108.34861663766667,0.08806463766667605,fdd:1,play 196.00
3:208,108.586638,108.586638,108.586638,108.586638,0.0,108.586638,0.0,fdd:1,play 196.00
1:271,108.586638,108.649138,108.649138,108.649138,0.0625,108.649138,0.0625,fdd:1,play 246.94
1:272,108.91272399999998,108.91272399999998,108.91272399999998,108.91370231666664,0.0009783166666608167,108.93229221966665,0.019568219666666664,fdd:1,play 196.00
3:209,109.23880999999999,109.23880999999999,109.23880999999999,109.23880999999999,0.0,109.23880999999999,0.0,fdd:1,play 196.00
1:273,109.23880999999999,109.30130999999999,109.30130999999999,109.30130999999999,0.0625,109.30130999999999,0.0625,fdd:1,play 246.94
3:210,109.56489599999999,109.56489599999999,109.56489599999999,109.56489599999999,0.0,109.56489599999999,0.0,fdd:1,play 196.00
1:274,109.56489599999999,109.56489599999999,109.56489599999999,109.58489599999999,0.01999999999999602,109.60348590299999,0.03858990300000187,fdd:2,play 196.00
1:275,109.890982,109.890982,109.890982,109.890982,0.0,109.890982,0.0,fdd:1,play 293.66
1:276,110.21706799999998,110.21706799999998,110.21706799999998,110.21706799999998,0.0,110.21706799999998,0.0,fdd:1,play 246.94
1:277,110.54315399999999,110.54315399999999,110.54315399999999,110.54315399999999,0.0,110.54315399999999,0.0,fdd:1,play 293.66
4:114,110.70619699999999,110.70619699999999,110.70619699999999,110.74319699999998,0.03699999999999193,110.74178690299999,0.035589903000001755,drum:1,drum_on 123.47
3:211,110.70619699999999,110.70619699999999,110.70619699999999,110.76319799999997,0.057000999999985424,110.818966709,0.11276970900000549,fdd:1,play 196.00
4:115,110.86923999999999,110.86923999999999,110.86923999999999,110.91021831666664,0.04097831666665286,110.934736418,0.06549641800000927,drum:1,drum_on 220.00
3:212,110.86923999999999,110.86923999999999,110.86923999999999,110.93021931666664,0.060979316666646355,111.011916224,0.142676224000013,fdd:1,play 196.00
4:116,111.195326,111.195326,111.195326,111.21630431666665,0.020978316666656838,111.21489421966666,0.019568219666666664,drum:1,drum_on 196.00
3:213,111.195326,111.195326,111.195326,111.23630531666664,0.040979316666650334,111.29207402566666,0.0967480256666704,fdd:1,play 196.00
1:278,111.195326,111.257826,111.257826,111.257826,0.0625,111.33066392866667,0.13533792866667227,fdd:1,play 146.83
4:117,111.52141199999998,111.52141199999998,111.52141199999998,111.54239031666664,0.020978316666656838,111.54098021966665,0.019568219666666664,drum:1,drum_on 196.00
1:279,111.52141199999998,111.52141199999998,111.52141199999998,111.56239131666663,0.040979316666650334,111.61816002566665,0.0967480256666704,fdd:1,play 246.94
4:118,111.84749799999999,111.84749799999999,111.84749799999999,111.86847631666664,0.020978316666656838,111.86706621966665,0.019568219666666664,drum:1,drum_on 185.00
3:214,111.84749799999999,111.84749799999999,111.84749799999999,111.88847731666664,0.040979316666650334,111.94424602566666,0.0967480256666704,fdd:1,play 196.00
3:215,112.17358399999999,112.17358399999999,112.17358399999999,112.17358399999999,0.0,112.17358399999999,0.0,fdd:2,play 123.47
1:280,112.17358399999999,112.23608399999999,112.23608399999999,112.23608399999999,0.0625,112.23608399999999,0.0625,fdd:2,play 123.47
1:281,112.49966999999998,112.49966999999998,112.49966999999998,112.49966999999998,0.0,112.49966999999998,0.0,fdd:2,play 246.94
1:282,112.82575599999998,112.82575599999998,112.82575599999998,112.82673431666664,0.0009783166666608167,112.84532421966665,0.019568219666666664,fdd:2,play 311.13
1:283,113.15184199999999,113.15184199999999,113.15184199999999,113.15184199999999,0.0,113.15184199999999,0.0,fdd:1,play 246.94
3:216,113.31488499999999,113.31488499999999,113.31488499999999,113.33188499999999,0.016999999999995907,113.35047490299999,0.035589903000001755,fdd:1,play 185.00
3:217,113.47792799999999,113.47792799999999,113.47792799999999,113.49492799999999,0.016999999999995907,113.513517903,0.035589903000001755,fdd:1,play 246.94
1:284,113.47792799999999,113.54042799999999,113.54042799999999,113.54042799999999,0.0625,113.552107806,0.07417980600000362,fdd:1,play 246.94
3:218,113.80401399999998,113.80401399999998,113.80401399999998,113.80401399999998,0.0,113.80401399999998,0.0,fdd:1,play 246.94
1:285,113.80401399999998,113.86651399999998,113.86651399999998,113.86651399999998,0.0625,113.86651399999998,0.0625,fdd:1,play 311.13
3:219,114.45618599999999,114.45618599999999,114.45618599999999,114.45618599999999,0.0,114.45618599999999,0.0,fdd:1,play 185.00
1:286,114.45618599999999,114.51868599999999,114.51868599999999,114.51868599999999,0.0625,114.51868599999999,0.0625,fdd:1,play 246.94
3:220,114.78227199999999,114.78227199999999,114.78227199999999,114.78227199999999,0.0,114.78227199999999,0.0,fdd:1,play 246.94
1:287,114.78227199999999,114.84477199999999,114.84477199999999,114.84477199999999,0.0625,114.84477199999999,0.0625,fdd:1,play 246.94
1:288,115.10835799999998,115.10835799999998,115.10835799999998,115.10835799999998,0.0,115.10835799999998,0.0,fdd:2,play 185.00
1:289,115.43444399999998,115.43444399999998,115.43444399999998,115.43444399999998,0.0,115.43444399999998,0.0,fdd:1,play 311.13
1:290,115.76052999999999,115.76052999999999,115.76052999999999,115.76052999999999,0.0,115.76052999999999,0.0,fdd:1,play 246.94
4:119,115.92357299999999,115.92357299999999,115.92357299999999,115.96057299999998,0.03699999999999193,115.95916290299999,0.035589903000001755,drum:1,drum_on 220.00
3:221,115.92357299999999,115.92357299999999,115.92357299999999,115.98057399999998,0.057000999999985424,116.036342709,0.11276970900000549,fdd:1,play 185.00
4:120,116.08661599999999,116.08661599999999,116.08661599999999,116.12759431666665,0.04097831666665286,116.152112418,0.06549641800000927,drum:1,drum_on 220.00
1:291,116.08661599999999,116.08661599999999,116.08661599999999,116.14759531666664,0.060979316666646355,116.229292224,0.142676224000013,fdd:1,play 246.94
3:222,116.08661599999999,116.08661599999999,116.08661599999999,116.16759531666663,0.08097931666664238,116.26788212700001,0.18126612700001488,fdd:2,play 123.47
4:121,116.41270199999998,116.41270199999998,116.41270199999998,116.43368031666664,0.020978316666656838,116.43227021966665,0.019568219666666664,drum:1,drum_on 220.00
3:223,116.41270199999998,116.41270199999998,116.41270199999998,116.45368131666663,0.040979316666650334,116.50945002566665,0.0967480256666704,fdd:2,play 123.47
1:292,116.41270199999998,116.47520199999998,116.47520199999998,116.47520199999998,0.0625,116.54803992866665,0.13533792866667227,fdd:2,play 311.13
4:122,116.73878799999999,116.73878799999999,116.73878799999999,116.75976631666664,0.020978316666656838,116.75835621966665,0.019568219666666664,drum:1,drum_on 196.00
1:293,116.73878799999999,116.73878799999999,116.73878799999999,116.77976731666664,0.040979316666650334,116.83553602566666,0.0967480256666704,fdd:2,play 185.00
4:123,117.06487399999999,117.06487399999999,117.06487399999999,117.08585231666665,0.020978316666656838,117.08444221966666,0.019568219666666664,drum:1,drum_on 233.08
3:224,117.06487399999999,117.06487399999999,117.06487399999999,117.10585331666664,0.040979316666650334,117.16162202566666,0.0967480256666704,fdd:1,play 185.00
1:294,117.06487399999999,117.12737399999999,117.12737399999999,117.12737399999999,0.0625,117.20021192866666,0.13533792866667227,fdd:1,play 311.13
3:225,117.39095999999999,117.39095999999999,117.39095999999999,117.39095999999999,0.0,117.39095999999999,0.0,fdd:1,play 130.81
1:295,117.39095999999999,117.45345999999999,117.45345999999999,117.45345999999999,0.0625,117.45345999999999,0.0625,fdd:1,play 130.81
4:124,117.71704599999998,117.71704599999998,117.71704599999998,117.73802431666664,0.020978316666656838,117.73661421966665,0.019568219666666664,drum:1,drum_on 196.00
1:296,117.71704599999998,117.71704599999998,117.71704599999998,117.75802531666663,0.040979316666650334,117.81379402566665,0.0967480256666704,fdd:1,play 261.63
1:297,118.04313199999999,118.04313199999999,118.04313199999999,118.04313199999999,0.0,118.04313199999999,0.0,fdd:1,play 329.63
1:298,118.36921799999999,118.36921799999999,118.36921799999999,118.36921799999999,0.0,118.36921799999999,0.0,fdd:1,play 261.63
3:226,118.53226099999999,118.53226099999999,118.53226099999999,118.54926099999999,0.016999999999995907,118.567850903,0.035589903000001755,fdd:1,play 196.00
3:227,118.695304,118.695304,118.695304,118.71628231666665,0.020978316666656838,118.75346212266666,0.05815812266666853,fdd:1,play 130.81
1:299,118.695304,118.757804,118.757804,118.757804,0.0625,118.79205202566666,0.0967480256666704,fdd:1,play 329.63
3:228,119.02138999999998,119.02138999999998,119.02138999999998,119.02138999999998,0.0,119.02138999999998,0.0,fdd:1,play 130.81
1:300,119.02138999999998,119.08388999999998,119.08388999999998,119.08388999999998,0.0625,119.08388999999998,0.0625,fdd:1,play 329.63
4:125,119.67356199999999,119.67356199999999,119.67356199999999,119.69356199999999,0.01999999999999602,119.67356199999999,0.0,drum:1,drum_on 196.00
3:229,119.67356199999999,119.67356199999999,119.67356199999999,119.71356199999998,0.03999999999999204,119.750741806,0.07717980600000374,fdd:1,play 196.00
1:301,119.67356199999999,119.73606199999999,119.73606199999999,119.73606199999999,0.0625,119.789331709,0.1157697090000056,fdd:1,play 261.63
4:126,119.99964799999998,119.99964799999998,119.99964799999998,120.02062631666665,0.02097831666667105,120.01921621966666,0.019568219666680875,drum:1,drum_on 196.00
3:230,119.99964799999998,119.99964799999998,119.99964799999998,120.04062731666664,0.040979316666664545,120.09639602566666,0.09674802566668461,fdd:1,play 130.81
1:302,119.99964799999998,120.06214799999998,120.06214799999998,120.06214799999998,0.0625,120.13498592866667,0.13533792866668648,fdd:1,play 261.63
4:127,120.32573399999998,120.32573399999998,120.32573399999998,120.34671231666664,0.020978316666656838,120.34530221966665,0.019568219666666664,drum:1,drum_on 220.00
1:303,120.32573399999998,120.32573399999998,120.32573399999998,120.36671331666663,0.040979316666650334,120.42248202566665,0.0967480256666704,fdd:2,play 196.00
4:128,120.65181999999999,120.65181999999999,120.65181999999999,120.67279831666664,0.020978316666656838,120.67138821966665,0.019568219666666664,drum:1,drum_on 196.00
3:231,120.65181999999999,120.65181999999999,120.65181999999999,120.69279931666664,0.040979316666650334,120.74856802566666,0.0967480256666704,fdd:1,play 130.81
1:304,120.65181999999999,120.71431999999999,120.71431999999999,120.71431999999999,0.0625,120.78715792866666,0.13533792866667227,fdd:1,play 329.63
4:129,120.97790599999999,120.97790599999999,120.97790599999999,120.99888431666665,0.020978316666656838,120.99747421966666,0.019568219666666664,drum:1,drum_on 233.08
1:305,120.97790599999999,120.97790599999999,120.97790599999999,121.01888531666664,0.040979316666650334,121.07465402566666,0.0967480256666704,fdd:1,play 261.63
3:232,121.14094899999999,121.14094899999999,121.14094899999999,121.15794899999999,0.016999999999995907,121.176538903,0.035589903000001755,fdd:1,play 196.00
3:233,121.30399199999998,121.30399199999998,121.30399199999998,121.32099199999998,0.016999999999995907,121.33958190299998,0.035589903000001755,fdd:1,play 130.81
4:130,121.63007799999998,121.63007799999998,121.63007799999998,121.65105631666664,0.020978316666656838,121.64964621966665,0.019568219666666664,drum:1,drum_on 196.00
3:234,121.63007799999998,121.63007799999998,121.63007799999998,121.67105731666663,0.040979316666650334,121.72682602566665,0.0967480256666704,fdd:1,play 130.81
1:306,121.63007799999998,121.69257799999998,121.69257799999998,121.69257799999998,0.0625,121.76541592866666,0.13533792866667227,fdd:1,play 329.63
1:307,121.95616399999999,121.95616399999999,121.95616399999999,121.95616399999999,0.0,121.95616399999999,0.0,fdd:2,play 196.00
1:308,122.28224999999999,122.28224999999999,122.28224999999999,122.28224999999999,0.0,122.28224999999999,0.0,fdd:1,play 329.63
3:235,122.28224999999999,122.28224999999999,122.28224999999999,122.30224999999999,0.01999999999999602,122.32083990299999,0.03858990300000187,fdd:2,play 123.47
3:236,122.60833599999998,122.60833599999998,122.60833599999998,122.60833599999998,0.0,122.60833599999998,0.0,fdd:1,play 130.81
1:309,122.60833599999998,122.67083599999998,122.67083599999998,122.67083599999998,0.0625,122.67083599999998,0.0625,fdd:1,play 196.00
1:310,122.93442199999998,122.93442199999998,122.93442199999998,122.93442199999998,0.0,122.93442199999998,0.0,fdd:2,play 196.00
3:237,123.26050799999999,123.26050799999999,123.26050799999999,123.26148631666665,0.0009783166666608167,123.28007621966665,0.019568219666666664,fdd:1,play 130.81
1:311,123.26050799999999,123.32300799999999,123.32300799999999,123.32300799999999,0.0625,123.32300799999999,0.0625,fdd:1,play 261.63
1:312,123.58659399999999,123.58659399999999,123.58659399999999,123.58659399999999,0.0,123.58659399999999,0.0,fdd:1,play 196.00
3:238,123.74963699999999,123.74963699999999,123.74963699999999,123.75763699999999,0.007999999999995566,123.776226903,0.026589903000001414,fdd:1,play 196.00
3:239,123.91267999999998,123.91267999999998,123.91267999999998,123.92967999999998,0.016999999999995907,123.94826990299998,0.035589903000001755,fdd:1,play 130.81
5:315,123.91267999999998,123.91267999999998,123.91267999999998,123.94967999999997,0.03699999999999193,123.98685980599998,0.07417980600000362,fdd:2,play 110.00
1:313,123.91267999999998,123.92267999999999,123.92267999999999,123.96968099999997,0.057000999999985424,124.02544970899999,0.11276970900000549,fdd:2,play 196.00
5:314,123.91267999999998,123.97517999999998,123.97517999999998,123.98968099999996,0.07700099999998145,124.06403961199999,0.15135961200000736,fdd:1,play 164.81
5:316,123.91267999999998,123.98517999999999,123.98517999999999,124.00968099999996,0.09700099999997747,124.10262951499999,0.18994951500000923,fdd:1,play 146.83
5:317,123.91267999999998,123.99517999999999,123.99517999999999,124.02968199999995,0.11700199999997096,124.14121941799999,0.2285394180000111,fdd:1,play 196.00
5:318,124.07572299999998,124.07572299999998,124.07572299999998,124.11272299999997,0.03699999999999193,124.256989127,0.18126612700001488,fdd:1,play 164.81
5:319,124.07572299999998,124.07572299999998,124.07572299999998,124.13272399999997,0.057000999999985424,124.29557903,0.21985603000001674,fdd:2,play 110.00
5:320,124.07572299999998,124.08572299999999,124.08572299999999,124.15272399999996,0.07700099999998145,124.334168933,0.2584459330000186,fdd:1,play 146.83
5:321,124.07572299999998,124.09572299999999,124.09572299999999,124.17272399999996,0.09700099999997747,124.372758836,0.2970358360000205,fdd:1,play 196.00
3:240,124.23876599999998,124.23876599999998,124.23876599999998,124.25576599999998,0.016999999999995907,124.449938642,0.2111726420000224,fdd:1,play 130.81
1:314,124.23876599999998,124.30126599999998,124.30126599999998,124.30126599999998,0.0625,124.52711844800001,0.28835244800002613,fdd:1,play 311.13
3:241,124.89093799999999,124.89093799999999,124.89093799999999,124.89093799999999,0.0,124.89093799999999,0.0,fdd:1,play 196.00
1:315,124.89093799999999,124.95343799999999,124.95343799999999,124.95343799999999,0.0625,124.95343799999999,0.0625,fdd:1,play 261.63
3:242,125.21702399999998,125.21702399999998,125.21702399999998,125.21702399999998,0.0,125.21702399999998,0.0,fdd:1,play 130.81
1:316,125.21702399999998,125.21702399999998,125.21702399999998,125.23702399999998,0.01999999999999602,125.25561390299998,0.03858990300000187,fdd:2,play 196.00
5:322,125.54310999999998,125.54310999999998,125.54310999999998,125.54310999999998,0.0,125.54310999999998,0.0,fdd:1,play 164.81
5:323,125.54310999999998,125.54310999999998,125.54310999999998,125.56310999999998,0.01999999999999602,125.58169990299999,0.03858990300000187,fdd:2,play 110.00
5:324,125.54310999999998,125.55310999999999,125.55310999999999,125.58310999999998,0.03999999999999204,125.62028980599999,0.07717980600000374,fdd:1,play 146.83
1:317,125.54310999999998,125.55310999999999,125.55310999999999,125.60311099999997,0.06000099999998554,125.65887970899999,0.1157697090000056,fdd:2,play 311.13
5:325,125.54310999999998,125.56311,125.56311,125.62311099999997,0.08000099999998156,125.69746961199999,0.15435961200000747,fdd:1,play 196.00
5:326,125.70615299999999,125.70615299999999,125.70615299999999,125.74315299999998,0.03699999999999193,125.813239321,0.10708632100001125,fdd:1,play 164.81
5:327,125.70615299999999,125.70615299999999,125.70615299999999,125.76315399999997,0.057000999999985424,125.851829224,0.14567622400001312,fdd:2,play 110.00
5:328,125.70615299999999,125.71615299999999,125.71615299999999,125.78315399999997,0.07700099999998145,125.890419127,0.184266127000015,fdd:1,play 146.83
5:329,125.70615299999999,125.726153,125.726153,125.80315399999996,0.09700099999997747,125.92900903,0.22285603000001686,fdd:1,play 196.00
3:243,125.86919599999999,125.86919599999999,125.86919599999999,125.90619599999998,0.03699999999999193,126.04477873900001,0.17558273900002064,fdd:1,play 146.83
1:318,125.86919599999999,125.86919599999999,125.86919599999999,125.92619699999997,0.057000999999985424,126.08336864200001,0.2141726420000225,fdd:2,play 261.63
1:319,126.19528199999999,126.19528199999999,126.19528199999999,126.19528199999999,0.0,126.19913835100002,0.0038563510000244605,fdd:1,play 311.13
4:131,126.35832499999998,126.35832499999998,126.35832499999998,126.37832499999998,0.01999999999999602,126.35832499999998,0.0,drum:1,drum_on 196.00
4:132,126.52136799999998,126.52136799999998,126.52136799999998,126.54234631666664,0.020978316666656838,126.54093621966665,0.019568219666666664,drum:1,drum_on 196.00
3:244,126.52136799999998,126.52136799999998,126.52136799999998,126.56234731666663,0.040979316666650334,126.61811602566665,0.0967480256666704,fdd:1,play 155.56
4:133,126.84745399999998,126.84745399999998,126.84745399999998,126.86843231666664,0.020978316666656838,126.86702221966665,0.019568219666666664,drum:1,drum_on 220.00
1:320,126.84745399999998,126.84745399999998,126.84745399999998,126.88843331666664,0.040979316666650334,126.94420202566666,0.0967480256666704,fdd:1,play 261.63
4:134,127.01049699999999,127.01049699999999,127.01049699999999,127.03147531666664,0.020978316666656838,127.03006521966665,0.019568219666666664,drum:1,drum_on 246.94
3:245,127.17353999999999,127.17353999999999,127.17353999999999,127.17353999999999,0.0,127.17353999999999,0.0,fdd:1,play 174.61
5:331,127.17353999999999,127.17353999999999,127.17353999999999,127.19353999999998,0.01999999999999602,127.21212990299999,0.03858990300000187,fdd:2,play 110.00
1:321,127.17353999999999,127.18354,127.18354,127.21353999999998,0.03999999999999204,127.25071980599999,0.07717980600000374,fdd:2,play 196.00
5:330,127.17353999999999,127.23603999999999,127.23603999999999,127.23603999999999,0.0625,127.289309709,0.1157697090000056,fdd:1,play 164.81
5:332,127.17353999999999,127.24604,127.24604,127.25603999999998,0.08249999999999602,127.327899612,0.15435961200000747,fdd:1,play 146.83
5:333,127.17353999999999,127.25604,127.25604,127.27603999999998,0.10249999999999204,127.366489515,0.19294951500000934,fdd:1,play 196.00
5:334,127.33658299999999,127.33658299999999,127.33658299999999,127.37358299999998,0.03699999999999193,127.482259224,0.14567622400001312,fdd:1,play 164.81
5:335,127.33658299999999,127.33658299999999,127.33658299999999,127.39358399999998,0.057000999999985424,127.520849127,0.184266127000015,fdd:2,play 110.00
5:336,127.33658299999999,127.346583,127.346583,127.41358399999997,0.07700099999998145,127.55943903000001,0.22285603000001686,fdd:1,play 146.83
5:337,127.33658299999999,127.356583,127.356583,127.43358399999997,0.09700099999997747,127.59802893300001,0.2614459330000187,fdd:1,play 196.00
4:135,127.49962599999999,127.49962599999999,127.49962599999999,127.52060431666665,0.020978316666656838,127.67520873900001,0.17558273900002064,drum:1,drum_on 246.94
3:246,127.82571199999998,127.82571199999998,127.82571199999998,127.82669031666664,0.0009783166666608167,127.86815825400002,0.04244625400004054,fdd:1,play 196.00
1:323,127.82571199999998,127.82571199999998,127.82571199999998,127.84669031666664,0.020978316666656838,127.90674815700002,0.08103615700004241,fdd:2,play 146.83
5:339,127.82571199999998,127.82571199999998,127.82571199999998,127.86669131666663,0.040979316666650334,127.94533806000003,0.11962606000004428,fdd:3,play 146.83
5:338,127.82571199999998,127.82571199999998,127.82571199999998,127.88669131666663,0.060979316666646355,127.98392796300003,0.15821596300004614,fdd:4,play 98.00
1:322,127.82571199999998,127.88821199999998,127.88821199999998,127.90669131666662,0.08097931666664238,128.02251786600002,0.1968058660000338,fdd:1,play 196.00
1:324,127.82571199999998,127.88821199999998,127.88821199999998,127.92669231666662,0.10098031666663587,128.06110776900002,0.23539576900003567,fdd:2,play 196.00
5:340,127.82571199999998,127.88821199999998,127.88821199999998,127.94669231666661,0.12098031666663189,128.09969767200002,0.27398567200003754,fdd:3,play 196.00
5:341,127.82571199999998,127.88821199999998,127.88821199999998,127.96669231666661,0.14098031666662791,128.13828757500002,0.3125755750000394,fdd:4,play 246.94
3:247,128.96701299999998,128.96701299999998,128.96701299999998,128.96701299999998,0.0,128.96701299999998,0.0,fdd:1,play 196.00
3:248,129.130056,129.130056,129.130056,129.138056,0.008000000000009777,129.156645903,0.026589903000001414,fdd:1,play 196.00
3:249,129.45614199999997,129.45614199999997,129.45614199999997,129.45614199999997,0.0,129.45614199999997,0.0,fdd:1,play 196.00
1:325,129.78222799999998,129.78222799999998,129.78222799999998,129.78222799999998,0.0,129.78222799999998,0.0,fdd:1,play 246.94
1:326,129.945271,129.945271,129.945271,129.945271,0.0,129.945271,0.0,fdd:2,play 261.63
3:250,130.10831399999998,130.10831399999998,130.10831399999998,130.10831399999998,0.0,130.10831399999998,0.0,fdd:1,play 196.00
1:327,130.10831399999998,130.17081399999998,130.17081399999998,130.17081399999998,0.0625,130.18549380599998,0.07717980600000374,fdd:1,play 246.94
3:251,130.43439999999998,130.43439999999998,130.43439999999998,130.43439999999998,0.0,130.43439999999998,0.0,fdd:1,play 196.00
1:328,130.760486,130.760486,130.760486,130.760486,0.0,130.760486,0.0,fdd:1,play 196.00
1:329,131.412658,131.412658,131.412658,131.412658,0.0,131.412658,0.0,fdd:1,play 146.83
3:252,131.57570099999998,131.57570099999998,131.57570099999998,131.592701,0.01700000000002433,131.611290903,0.035589903000015966,fdd:1,play 196.00
4:136,131.738744,131.738744,131.738744,131.76674400000002,0.02800000000002001,131.765333903,0.026589903000001414,drum:1,drum_on 196.00
3:253,131.738744,131.738744,131.738744,131.78674500000002,0.048001000000027716,131.842513709,0.10376970900000515,fdd:1,play 196.00
4:137,132.06482999999997,132.06482999999997,132.06482999999997,132.0858083166667,0.02097831666671368,132.08439821966667,0.019568219666695086,drum:1,drum_on 220.00
3:254,132.06482999999997,132.06482999999997,132.06482999999997,132.1058093166667,0.04097931666672139,132.16157802566667,0.09674802566669882,fdd:1,play 196.00
1:330,132.06482999999997,132.12732999999997,132.12732999999997,132.12732999999997,0.0625,132.20016792866667,0.1353379286667007,fdd:1,play 196.00
4:138,132.227873,132.227873,132.227873,132.24885131666667,0.02097831666668526,132.27734773466668,0.04947473466668839,drum:1,drum_on 246.94
1:331,132.39091599999998,132.39091599999998,132.39091599999998,132.39091599999998,0.0,132.39311744366668,0.002201443666706382,fdd:1,play 146.83
4:139,132.71700199999998,132.71700199999998,132.71700199999998,132.73798031666666,0.02097831666668526,132.73657021966665,0.019568219666666664,drum:1,drum_on 246.94
3:255,132.71700199999998,132.71700199999998,132.71700199999998,132.75798131666667,0.040979316666692966,132.81375002566665,0.0967480256666704,fdd:1,play 196.00
5:343,133.04308799999998,133.04308799999998,133.04308799999998,133.04308799999998,0.0,133.04308799999998,0.0,fdd:1,play 185.00
3:256,133.04308799999998,133.04308799999998,133.04308799999998,133.063088,0.020000000000010232,133.08167790299999,0.03858990300000187,fdd:2,play 123.47
5:344,133.04308799999998,133.04308799999998,133.04308799999998,133.083088,0.040000000000020464,133.120267806,0.07717980600000374,fdd:3,play 246.94
1:332,133.04308799999998,133.04308799999998,133.04308799999998,133.103089,0.06000100000002817,133.158857709,0.1157697090000056,fdd:4,play 123.47
1:333,133.04308799999998,133.10558799999998,133.10558799999998,133.12308900000002,0.0800010000000384,133.197447612,0.15435961200000747,fdd:1,play 185.00
5:342,133.04308799999998,133.10558799999998,133.10558799999998,133.14308900000003,0.10000100000004863,133.236037515,0.19294951500000934,fdd:2,play 123.47
5:345,133.04308799999998,133.10558799999998,133.10558799999998,133.16309000000004,0.12000200000005634,133.274627418,0.2315394180000112,fdd:3,play 311.13
1:334,133.04308799999998,133.10558799999998,133.10558799999998,133.18309000000005,0.14000200000006657,133.313217321,0.2701293210000131,fdd:4,play 246.94
4:140,133.369174,133.369174,133.369174,133.41558900000004,0.04641500000005294,133.544756739,0.17558273900002064,drum:1,drum_on 185.00
4:141,134.021346,134.021346,134.021346,134.04232431666668,0.02097831666668526,134.04091421966666,0.019568219666666664,drum:1,drum_on 164.81
4:142,134.18438899999998,134.18438899999998,134.18438899999998,134.20536731666667,0.02097831666668526,134.20395721966665,0.019568219666666664,drum:1,drum_on 155.56
3:257,134.18438899999998,134.18438899999998,134.18438899999998,134.22536831666667,0.040979316666692966,134.28113702566665,0.0967480256666704,fdd:1,play 185.00
3:258,134.347432,134.347432,134.347432,134.347432,0.0,134.347432,0.0,fdd:2,play 123.47
3:259,134.67351799999997,134.67351799999997,134.67351799999997,134.67351799999997,0.0,134.67351799999997,0.0,fdd:4,play 123.47
1:335,134.99960399999998,134.99960399999998,134.99960399999998,135.00058231666665,0.0009783166666750276,135.01917221966664,0.019568219666666664,fdd:1,play 311.13
5:348,134.99960399999998,134.99960399999998,134.99960399999998,135.02058231666666,0.02097831666668526,135.05776212266665,0.05815812266666853,fdd:2,play 246.94
5:346,134.99960399999998,134.99960399999998,134.99960399999998,135.04058331666667,0.040979316666692966,135.09635202566665,0.0967480256666704,fdd:4,play 123.47
5:347,134.99960399999998,135.06210399999998,135.06210399999998,135.06210399999998,0.0625,135.13494192866665,0.13533792866667227,fdd:1,play 185.00
5:349,134.99960399999998,135.06210399999998,135.06210399999998,135.082104,0.08250000000001023,135.17353183166665,0.17392783166667414,fdd:2,play 311.13
1:336,135.162647,135.162647,135.162647,135.17964700000002,0.01700000000002433,135.25071163766665,0.08806463766666184,fdd:2,play 329.63
3:260,135.32568999999998,135.32568999999998,135.32568999999998,135.34269,0.01700000000002433,135.40507124966666,0.0793812496666817,fdd:1,play 185.00
5:350,135.32568999999998,135.32568999999998,135.32568999999998,135.36269000000001,0.03700000000003456,135.44366115266666,0.11797115266668357,fdd:2,play 123.47
5:352,135.32568999999998,135.32568999999998,135.32568999999998,135.38269100000002,0.05700100000004227,135.48225105566667,0.15656105566668543,fdd:3,play 246.94
1:337,135.32568999999998,135.38818999999998,135.38818999999998,135.40269100000003,0.0770010000000525,135.52084095866667,0.1951509586666873,fdd:1,play 311.13
5:351,135.32568999999998,135.38818999999998,135.38818999999998,135.42269100000004,0.09700100000006273,135.55943086166667,0.23374086166668917,fdd:2,play 185.00
5:353,135.32568999999998,135.38818999999998,135.38818999999998,135.44269200000005,0.11700200000007044,135.59802076466667,0.27233076466669104,fdd:3,play 311.13
3:261,135.65177599999998,135.65177599999998,135.65177599999998,135.65177599999998,0.0,135.75238037666668,0.10060437666669486,fdd:2,play 123.47
1:338,135.977862,135.977862,135.977862,135.977862,0.0,135.977862,0.0,fdd:1,play 246.94
4:143,136.52133866666665,136.52133866666665,136.52133866666665,136.54133866666666,0.020000000000010232,136.52133866666665,0.0,drum:1,drum_on 246.94
1:339,136.630034,136.630034,136.630034,136.630034,0.0,136.630034,0.0,fdd:1,play 185.00
4:144,136.7387293333333,136.7387293333333,136.7387293333333,136.75970765,0.02097831666668526,136.75829755299998,0.019568219666666664,drum:1,drum_on 246.94
3:262,136.79307699999998,136.79307699999998,136.79307699999998,136.801077,0.008000000000009777,136.87406726199998,0.08099026200000026,fdd:1,play 185.00
4:145,136.95612,136.95612,136.95612,136.9970983166667,0.04097831666669549,137.01427812266667,0.05815812266666853,drum:1,drum_on 261.63
5:355,136.95612,136.95612,136.95612,137.0170993166667,0.0609793166667032,137.09145792866667,0.13533792866667227,fdd:1,play 185.00
3:263,136.95612,136.95612,136.95612,137.0370993166667,0.08097931666671343,137.13004783166667,0.17392783166667414,fdd:2,play 123.47
5:357,136.95612,137.01862,137.01862,137.05709931666672,0.10097931666672366,137.16863773466667,0.212517734666676,fdd:1,play 311.13
5:354,136.95612,137.01862,137.01862,137.07710031666673,0.12098031666673137,137.20722763766668,0.2511076376666779,fdd:2,play 123.47
4:146,137.119163,137.119163,137.119163,137.14014131666667,0.02097831666668526,137.28440744366668,0.165244443666694,drum:1,drum_on 246.94
4:147,137.28220599999997,137.28220599999997,137.28220599999997,137.30318431666666,0.02097831666668526,137.5159468616667,0.2337408616667176,drum:1,drum_on 246.94
5:359,137.28220599999997,137.28220599999997,137.28220599999997,137.32318531666667,0.040979316666692966,137.5931266676667,0.31092066766672133,fdd:1,play 185.00
3:264,137.28220599999997,137.28220599999997,137.28220599999997,137.34318531666668,0.0609793166667032,137.6317165706667,0.3495105706667232,fdd:2,play 123.47
5:358,137.28220599999997,137.28220599999997,137.28220599999997,137.3631853166667,0.08097931666671343,137.6703064736667,0.38810047366672507,fdd:3,play 123.47
5:360,137.28220599999997,137.34470599999997,137.34470599999997,137.3831863166667,0.10098031666672114,137.7088963766667,0.42669037666672693,fdd:1,play 246.94
1:340,137.28220599999997,137.34470599999997,137.34470599999997,137.4031863166667,0.12098031666673137,137.7474862796667,0.4652802796667288,fdd:2,play 123.47
5:361,137.28220599999997,137.34470599999997,137.34470599999997,137.42318631666672,0.1409803166667416,137.7860761826667,0.5038701826667307,fdd:3,play 311.13
4:148,137.60829199999998,137.60829199999998,137.60829199999998,137.63470700000002,0.02641500000004271,137.9790256976667,0.37073369766673636,drum:1,drum_on 246.94
4:149,137.771335,137.771335,137.771335,137.79231331666668,0.02097831666668526,138.09479540666672,0.32346040666672593,drum:1,drum_on 220.00
4:150,137.93437799999998,137.93437799999998,137.93437799999998,137.95535631666667,0.02097831666668526,138.21056511566672,0.2761871156667439,drum:1,drum_on 220.00
3:265,137.93437799999998,137.93437799999998,137.93437799999998,137.97535731666667,0.040979316666692966,138.28774492166673,0.35336692166674766,fdd:1,play 185.00
1:341,137.93437799999998,137.93437799999998,137.93437799999998,137.99535731666668,0.0609793166667032,138.32633482466673,0.3919568246667495,fdd:2,play 123.47
1:342,137.93437799999998,137.99687799999998,137.99687799999998,138.0153573166667,0.08097931666671343,138.36492472766673,0.4305467276667514,fdd:1,play 185.00
4:151,138.097421,138.097421,138.097421,138.1383993166667,0.04097831666669549,138.48069443666674,0.38327343666674096,drum:1,drum_on 246.94
1:344,138.097421,138.097421,138.097421,138.1584003166667,0.0609793166667032,138.55787424266674,0.4604532426667447,fdd:1,play 185.00
1:343,138.097421,138.097421,138.097421,138.1784003166667,0.08097931666671343,138.59646414566674,0.49904314566674657,fdd:3,play 123.47
3:266,138.26046399999998,138.26046399999998,138.26046399999998,138.29746400000002,0.03700000000003456,138.75082375766675,0.4903597576667664,fdd:1,play 130.81
1:346,138.26046399999998,138.26046399999998,138.26046399999998,138.31746500000003,0.05700100000004227,138.78941366066675,0.5289496606667683,fdd:2,play 196.00
5:363,138.26046399999998,138.26046399999998,138.26046399999998,138.33746500000004,0.0770010000000525,138.82800356366675,0.5675395636667702,fdd:3,play 261.63
1:348,138.26046399999998,138.26046399999998,138.26046399999998,138.35746500000005,0.09700100000006273,138.86659346666676,0.606129466666772,fdd:4,play 329.63
1:345,138.26046399999998,138.32296381666666,138.32296381666666,138.37746600000006,0.11700200000007044,138.90518336966676,0.6447193696667739,fdd:3,play 130.81
5:362,138.26046399999998,138.32296399999998,138.32296399999998,138.39746600000007,0.13700200000008067,138.94377327266676,0.6833092726667758,fdd:1,play 130.81
1:347,138.26046399999998,138.32296399999998,138.32296399999998,138.41746600000008,0.1570020000000909,138.98236317566676,0.7218991756667776,fdd:2,play 261.63
5:364,138.3419855,138.38546381666666,138.38546381666666,138.43746700000008,0.09548150000009059,139.02095307866676,0.6789675786667715,fdd:1,play 130.81
5:365,138.3419855,138.38546399999998,138.38546399999998,138.4574670000001,0.11548150000010082,139.05954298166677,0.7175574816667734,fdd:2,play 261.63
5:366,138.42350699999997,138.42350699999997,138.42350699999997,138.51746800000012,0.0939610000001494,139.17531269066677,0.7518056906667994,fdd:3,play 130.81
5:368,138.50502849999998,138.50502849999998,138.50502849999998,138.55746900000014,0.05244050000015932,139.25249249666678,0.7474639966667951,fdd:1,play 130.81
5:369,138.50502849999998,138.56752831666665,138.56752831666665,138.57746900000015,0.07244050000016955,139.29108239966678,0.786053899666797,fdd:1,play 261.63
5:370,138.58655,138.58655,138.58655,138.63747000000018,0.0509200000001897,139.40685210866678,0.8203021086667945,fdd:2,play 130.81
5:371,138.58655,138.58655,138.58655,138.6574700000002,0.07092000000019993,139.44544201166678,0.8588920116667964,fdd:4,play 261.63
5:372,138.6680715,138.6680715,138.6680715,138.71747100000022,0.04939950000022009,139.5612117206668,0.893140220666794,fdd:1,play 130.81
5:373,138.6680715,138.73057131666664,138.73057131666664,138.73747200000022,0.0694005000002278,139.5998016236668,0.9317301236667959,fdd:1,play 261.63
5:374,138.74959299999998,138.74959299999998,138.74959299999998,138.77747200000024,0.02787900000026866,139.6769814296668,0.92738842966682,fdd:2,play 130.81
5:375,138.74959299999998,138.81209281666665,138.81209281666665,138.81747300000026,0.0678800000002866,139.7541612356668,1.0045682356668237,fdd:2,play 261.63
5:376,138.83111449999998,138.83111449999998,138.83111449999998,138.85747400000028,0.02635950000029652,139.8313410416668,1.0002265416668195,fdd:1,play 130.81
5:377,138.83111449999998,138.89361431666666,138.89361431666666,138.89361431666666,0.062499816666672814,139.8699309446668,1.0388164446668213,fdd:1,play 261.63
5:378,138.912636,138.912636,138.912636,138.93361431666668,0.02097831666668526,139.9471107506668,1.034474750666817,fdd:2,play 130.81
5:379,138.912636,138.97513581666666,138.97513581666666,138.97513581666666,0.062499816666672814,139.9857006536668,1.073064653666819,fdd:2,play 261.63
5:380,138.99415749999997,138.99415749999997,138.99415749999997,139.01513581666669,0.02097831666671368,140.06288045966681,1.068722959666843,fdd:1,play 130.81
5:381,138.99415749999997,139.05665731666664,139.05665731666664,139.05665731666664,0.062499816666672814,140.10147036266682,1.107312862666845,fdd:1,play 261.63
5:382,139.07567899999998,139.07567899999998,139.07567899999998,139.09665731666666,0.02097831666668526,140.17865016866682,1.1029711686668406,fdd:2,play 130.81
5:383,139.07567899999998,139.13817881666665,139.13817881666665,139.13817881666665,0.062499816666672814,140.21724007166682,1.1415610716668425,fdd:2,play 261.63
5:384,139.1572005,139.1572005,139.1572005,139.17817881666667,0.02097831666668526,140.29441987766683,1.1372193776668382,fdd:1,play 130.81
5:385,139.1572005,139.21970031666666,139.21970031666666,139.21970031666666,0.062499816666672814,140.33300978066683,1.17580928066684,fdd:1,play 261.63
5:386,139.238722,139.238722,139.238722,139.25970031666668,0.02097831666668526,140.41018958666683,1.1714675866668358,fdd:2,play 130.81
5:387,139.238722,139.30122181666664,139.30122181666664,139.30122181666664,0.06249981666664439,140.44877948966683,1.2100574896668377,fdd:2,play 261.63
5:388,139.32024349999998,139.32024349999998,139.32024349999998,139.34122181666666,0.02097831666668526,140.52595929566684,1.2057157956668618,fdd:1,play 130.81
5:389,139.32024349999998,139.38274331666665,139.38274331666665,139.38274331666665,0.062499816666672814,140.56454919866684,1.2443056986668637,fdd:1,play 261.63
5:390,139.40176499999998,139.40176499999998,139.40176499999998,139.42274331666667,0.02097831666668526,140.64172900466684,1.2399640046668594,fdd:2,play 130.81
3:267,139.40176499999998,139.44524313333332,139.44524313333332,139.44524313333332,0.04347813333333761,140.68031890766684,1.2785539076668613,fdd:1,play 130.81
5:391,139.40176499999998,139.46426481666666,139.46426481666666,139.46524313333333,0.06347813333334784,140.71890881066685,1.3171438106668631,fdd:2,play 261.63
5:392,139.4832865,139.4832865,139.4832865,139.48524313333334,0.001956633333350055,140.75749871366685,1.274212213666857,fdd:3,play 130.81
5:393,139.4832865,139.54578631666666,139.54578631666666,139.54578631666666,0.062499816666672814,140.79608861666685,1.3128021166668589,fdd:3,play 261.63
3:268,139.56480799999997,139.56480799999997,139.56480799999997,139.6057873166667,0.04097931666672139,140.91185832566686,1.3470503256668849,fdd:1,play 130.81
5:395,139.56480799999997,139.56480799999997,139.56480799999997,139.6257873166667,0.06097931666673162,140.95044822866686,1.3856402286668867,fdd:2,play 261.63
5:394,139.56480799999997,139.62730799999997,139.62730799999997,139.6457873166667,0.08097931666674185,140.98903813166686,1.4242301316668886,fdd:1,play 130.81
5:396,139.64632949999998,139.64632949999998,139.64632949999998,139.68578831666673,0.03945881666675177,141.06621793766686,1.4198884376668843,fdd:2,play 130.81
5:397,139.64632949999998,139.70882931666665,139.70882931666665,139.70882931666665,0.062499816666672814,141.10480784066687,1.4584783406668862,fdd:2,play 261.63
5:398,139.727851,139.727851,139.727851,139.76883031666668,0.040979316666692966,141.22057754966687,1.4927265496668838,fdd:1,play 130.81
5:399,139.727851,139.727851,139.727851,139.7888303166667,0.0609793166667032,141.25916745266687,1.5313164526668857,fdd:3,play 261.63
5:400,139.8093725,139.8093725,139.8093725,139.84883131666672,0.03945881666672335,141.37493716166688,1.5655646616668832,fdd:1,play 130.81
5:401,139.8093725,139.8093725,139.8093725,139.86883131666673,0.05945881666673358,141.41352706466688,1.604154564666885,fdd:2,play 261.63
3:269,139.89089399999997,139.89089399999997,139.89089399999997,139.92883231666676,0.03793831666678216,141.52929677366689,1.6384027736669111,fdd:1,play 130.81
5:403,139.89089399999997,139.89089399999997,139.89089399999997,139.94883331666676,0.057939316666789864,141.5678866766669,1.676992676666913,fdd:3,play 261.63
5:402,139.89089399999997,139.95339399999997,139.95339399999997,139.96883331666677,0.0779393166668001,141.6064765796669,1.7155825796669149,fdd:1,play 130.81
5:405,139.97241549999998,139.97241549999998,139.97241549999998,140.0288343166668,0.05641881666682025,141.7222462886669,1.7498307886669124,fdd:2,play 261.63
5:404,139.97241549999998,139.97241549999998,139.97241549999998,140.0488343166668,0.07641881666683048,141.7608361916669,1.7884206916669143,fdd:3,play 130.81
5:406,140.053937,140.053937,140.053937,140.08883531666683,0.0348983166668404,141.8380159976669,1.78407899766691,fdd:1,play 130.81
5:407,140.053937,140.11643681666666,140.11643681666666,140.11643681666666,0.062499816666672814,141.8766059006669,1.822668900666912,fdd:1,play 261.63
5:408,140.13545849999997,140.13545849999997,140.13545849999997,140.15643681666668,0.02097831666671368,141.9537857066669,1.818327206666936,fdd:2,play 130.81
5:409,140.13545849999997,140.19795831666664,140.19795831666664,140.21795831666665,0.08249981666668305,142.0695554156669,1.9340969156669416,fdd:2,play 261.63
5:410,140.21697999999998,140.21697999999998,140.21697999999998,140.25795931666667,0.040979316666692966,142.14673522166692,1.9297552216669374,fdd:1,play 130.81
1:351,140.21697999999998,140.21697999999998,140.21697999999998,140.27795931666668,0.0609793166667032,142.18532512466692,1.9683451246669392,fdd:3,play 329.63
5:411,140.21697999999998,140.27947981666665,140.27947981666665,140.2979593166667,0.08097931666671343,142.22391502766692,2.006935027666941,fdd:1,play 261.63
5:412,140.2985015,140.2985015,140.2985015,140.3379603166667,0.03945881666672335,142.30109483366692,2.002593333666937,fdd:2,play 130.81
5:413,140.2985015,140.36100131666666,140.36100131666666,140.36100131666666,0.062499816666672814,142.33968473666692,2.0411832366669387,fdd:2,play 261.63
5:414,140.380023,140.380023,140.380023,140.4210023166667,0.040979316666692966,142.45545444566693,2.0754314456669363,fdd:1,play 130.81
5:415,140.380023,140.380023,140.380023,140.4410023166667,0.0609793166667032,142.49404434866693,2.114021348666938,fdd:3,play 261.63
1:352,140.380023,140.44252281666664,140.44252281666664,140.4610023166667,0.08097931666671343,142.53263425166693,2.15261125166694,fdd:3,play 174.61
5:416,140.46154449999997,140.46154449999997,140.46154449999997,140.50100331666673,0.03945881666675177,142.60981405766694,2.148269557666964,fdd:1,play 130.81
5:417,140.46154449999997,140.52404431666665,140.52404431666665,140.52404431666665,0.062499816666672814,142.64840396066694,2.186859460666966,fdd:1,play 261.63
5:419,140.54306599999998,140.54306599999998,140.54306599999998,140.58404531666667,0.040979316666692966,142.76417366966695,2.2211076696669636,fdd:2,play 261.63
5:418,140.54306599999998,140.54306599999998,140.54306599999998,140.60404531666669,0.0609793166667032,142.80276357266695,2.2596975726669655,fdd:3,play 130.81
3:270,140.54306599999998,140.58654413333332,140.58654413333332,140.6240453166667,0.08097931666671343,142.84135347566695,2.2982874756669673,fdd:1,play 196.00
1:353,140.54306599999998,140.60556581666665,140.60556581666665,140.6440463166667,0.10098031666672114,142.87994337866695,2.336877378666969,fdd:2,play 329.63
5:420,140.6245875,140.6245875,140.6245875,140.68404631666672,0.05945881666673358,142.95712318466695,2.332535684666965,fdd:3,play 130.81
5:421,140.6245875,140.68708731666666,140.68708731666666,140.70404731666673,0.07945981666674129,142.99571308766696,2.371125587666967,fdd:3,play 261.63
5:422,140.706109,140.706109,140.706109,140.74404731666675,0.037938316666753735,143.07289289366696,2.3667838936669625,fdd:1,play 130.81
5:423,140.706109,140.76860881666664,140.76860881666664,140.76860881666664,0.06249981666664439,143.11148279666696,2.4053737966669644,fdd:1,play 261.63
5:424,140.78763049999998,140.78763049999998,140.78763049999998,140.80860881666666,0.02097831666668526,143.18866260266697,2.4010321026669885,fdd:2,play 130.81
5:425,140.78763049999998,140.85013031666665,140.85013031666665,140.85013031666665,0.062499816666672814,143.22725250566697,2.4396220056669904,fdd:2,play 261.63
3:271,140.86915199999999,140.86915199999999,140.86915199999999,140.91013131666668,0.040979316666692966,143.34302221466697,2.473870214666988,fdd:1,play 130.81
5:427,140.86915199999999,140.86915199999999,140.86915199999999,140.9301313166667,0.0609793166667032,143.38161211766698,2.51246011766699,fdd:3,play 293.66
5:426,140.86915199999999,140.93165199999999,140.93165199999999,140.9501313166667,0.08097931666671343,143.42020202066698,2.5510500206669917,fdd:1,play 146.83
5:429,140.9506735,140.9506735,140.9506735,141.01013231666673,0.05945881666673358,143.53597172966698,2.5852982296669893,fdd:2,play 293.66
5:428,140.9506735,140.9506735,140.9506735,141.03013331666673,0.07945981666674129,143.57456163266698,2.623888132666991,fdd:3,play 146.83
5:430,141.03219499999997,141.03219499999997,141.03219499999997,141.07013331666676,0.03793831666678216,143.651741438667,2.6195464386670153,fdd:1,play 146.83
5:431,141.03219499999997,141.09469481666665,141.09469481666665,141.09469481666665,0.062499816666672814,143.690331341667,2.658136341667017,fdd:1,play 293.66
5:432,141.11371649999998,141.11371649999998,141.11371649999998,141.13469481666667,0.02097831666668526,143.767511147667,2.653794647667013,fdd:2,play 146.83
5:433,141.11371649999998,141.17621631666665,141.17621631666665,141.17621631666665,0.062499816666672814,143.844690953667,2.7309744536670166,fdd:2,play 293.66
5:434,141.195238,141.195238,141.195238,141.21621631666667,0.02097831666668526,143.921870759667,2.7266327596670124,fdd:1,play 146.83
1:354,141.195238,141.195238,141.195238,141.23621731666668,0.040979316666692966,143.960460662667,2.765222662667014,fdd:3,play 261.63
5:435,141.195238,141.25773781666666,141.25773781666666,141.25773781666666,0.062499816666672814,143.999050565667,2.803812565667016,fdd:1,play 293.66
5:436,141.2767595,141.2767595,141.2767595,141.3177388166667,0.040979316666692966,144.114820274667,2.8380607746670137,fdd:2,play 146.83
5:437,141.2767595,141.2767595,141.2767595,141.3377388166667,0.0609793166667032,144.153410177667,2.8766506776670155,fdd:3,play 293.66
5:438,141.35828099999998,141.35828099999998,141.35828099999998,141.39773981666673,0.03945881666675177,144.26917988666702,2.9108988866670416,fdd:1,play 146.83
5:439,141.35828099999998,141.35828099999998,141.35828099999998,141.41773981666674,0.059458816666762004,144.30776978966702,2.9494887896670434,fdd:3,play 293.66
5:440,141.43980249999998,141.43980249999998,141.43980249999998,141.45774081666676,0.017938316666771925,144.38494959566702,2.945147095667039,fdd:1,play 146.83
5:441,141.43980249999998,141.50230231666666,141.50230231666666,141.50230231666666,0.062499816666672814,144.46212940166703,3.022326901667043,fdd:1,play 293.66
5:443,141.521324,141.521324,141.521324,141.54230231666668,0.02097831666668526,144.53930920766703,3.0179852076670386,fdd:2,play 293.66
5:442,141.521324,141.521324,141.521324,141.56230331666669,0.040979316666692966,144.57789911066703,3.0565751106670405,fdd:3,play 146.83
5:444,141.60284549999997,141.60284549999997,141.60284549999997,141.6198455,0.01700000000002433,144.65507891666704,3.0522334166670646,fdd:1,play 146.83
5:445,141.60284549999997,141.66534531666665,141.66534531666665,141.66534531666665,0.062499816666672814,144.69366881966704,3.0908233196670665,fdd:1,play 293.66
5:446,141.68436699999998,141.68436699999998,141.68436699999998,141.70534531666667,0.02097831666668526,144.77084862566704,3.086481625667062,fdd:2,play 146.83
5:447,141.68436699999998,141.74686681666665,141.74686681666665,141.74686681666665,0.062499816666672814,144.84802843166705,3.163661431667066,fdd:2,play 293.66
5:448,141.7658885,141.7658885,141.7658885,141.78686681666667,0.02097831666668526,144.92520823766705,3.1593197376670616,fdd:1,play 146.83
5:449,141.7658885,141.82838831666666,141.82838831666666,141.82838831666666,0.062499816666672814,144.96379814066705,3.1979096406670635,fdd:1,play 293.66
5:450,141.84741,141.84741,141.84741,141.86838831666668,0.02097831666668526,145.04097794666706,3.1935679466670592,fdd:2,play 146.83
1:355,141.84741,141.84741,141.84741,141.8883893166667,0.040979316666692966,145.07956784966706,3.232157849667061,fdd:3,play 196.00
5:451,141.84741,141.90990981666664,141.90990981666664,141.90990981666664,0.06249981666664439,145.11815775266706,3.270747752667063,fdd:2,play 293.66
5:452,141.92893149999998,141.92893149999998,141.92893149999998,141.94990981666666,0.02097831666668526,145.19533755866706,3.266406058667087,fdd:1,play 146.83
5:453,141.92893149999998,141.99143131666665,141.99143131666665,141.99143131666665,0.062499816666672814,145.23392746166707,3.304995961667089,fdd:1,play 293.66
5:454,142.01045299999998,142.01045299999998,142.01045299999998,142.03143131666667,0.02097831666668526,145.31110726766707,3.3006542676670847,fdd:2,play 146.83
3:272,142.01045299999998,142.05393113333332,142.05393113333332,142.0714323166667,0.0609793166667032,145.38828707366707,3.3778340736670884,fdd:1,play 196.00
5:455,142.01045299999998,142.07295281666666,142.07295281666666,142.0914323166667,0.08097931666671343,145.42687697666707,3.4164239766670903,fdd:2,play 293.66
5:456,142.0919745,142.0919745,142.0919745,142.1114333166667,0.01945881666671312,145.46546687966708,3.373492379667084,fdd:3,play 146.83
5:457,142.0919745,142.15447431666664,142.15447431666664,142.15447431666664,0.06249981666664439,145.50405678266708,3.412082282667086,fdd:3,play 293.66
4:152,142.17349599999997,142.17349599999997,142.17349599999997,142.23447531666667,0.0609793166667032,145.61982649166708,3.446330491667112,drum:1,drum_on 196.00
3:273,142.17349599999997,142.17349599999997,142.17349599999997,142.25447531666669,0.08097931666671343,145.6970062976671,3.5235102976671158,fdd:1,play 130.81
5:458,142.17349599999997,142.23599599999997,142.23599599999997,142.2744763166667,0.10098031666672114,145.7355962006671,3.5621002006671176,fdd:1,play 146.83
5:460,142.25501749999998,142.25501749999998,142.25501749999998,142.3144763166667,0.05945881666673358,145.8127760066671,3.5577585066671134,fdd:3,play 146.83
5:461,142.25501749999998,142.31751731666665,142.31751731666665,142.33447731666672,0.07945981666674129,145.8513659096671,3.596348409667115,fdd:3,play 293.66
5:462,142.336539,142.336539,142.336539,142.37447731666674,0.037938316666753735,145.9285457156671,3.592006715667111,fdd:1,play 146.83
5:463,142.336539,142.39903881666666,142.39903881666666,142.41447831666676,0.07793931666677167,146.0057255216671,3.6691865216671147,fdd:1,play 293.66
5:464,142.4180605,142.4180605,142.4180605,142.43447831666677,0.016417816666773888,146.0443154246671,3.6262549246671085,fdd:2,play 146.83
5:465,142.4180605,142.48056031666664,142.48056031666664,142.50056031666665,0.08249981666665462,146.1214952306671,3.7034347306671123,fdd:2,play 293.66
4:153,142.49958199999998,142.49958199999998,142.49958199999998,142.5805613166667,0.08097931666671343,146.2372649396671,3.7376829396671383,drum:1,drum_on 220.00
1:356,142.49958199999998,142.56208181666665,142.56208181666665,142.6005623166667,0.10098031666672114,146.31444474566712,3.814862745667142,fdd:3,play 196.00
5:466,142.49958199999998,142.56208199999998,142.56208199999998,142.6205623166667,0.12098031666673137,146.35303464866712,3.853452648667144,fdd:1,play 146.83
5:468,142.58110349999998,142.58110349999998,142.58110349999998,142.66056331666672,0.07945981666674129,146.43021445466712,3.8491109546671396,fdd:2,play 146.83
5:469,142.58110349999998,142.64360331666666,142.64360331666666,142.68056331666673,0.09945981666675152,146.46880435766712,3.8877008576671415,fdd:2,play 293.66
5:470,142.662625,142.662625,142.662625,142.72056431666675,0.05793931666676144,146.54598416366713,3.883359163667137,fdd:1,play 146.83
5:471,142.662625,142.72512481666666,142.72512481666666,142.74056431666676,0.07793931666677167,146.58457406666713,3.921949066667139,fdd:1,play 293.66
5:472,142.74414649999997,142.74414649999997,142.74414649999997,142.8005653166668,0.05641881666682025,146.70034377566714,3.956197275667165,fdd:2,play 146.83
5:473,142.74414649999997,142.74414649999997,142.74414649999997,142.8205653166668,0.07641881666683048,146.73893367866714,3.994787178667167,fdd:3,play 293.66
4:154,142.82566799999998,142.82566799999998,142.82566799999998,142.92056731666685,0.09489931666686857,146.89329329066715,4.067625290667166,drum:1,drum_on 196.00
1:357,142.82566799999998,142.88816781666665,142.88816781666665,142.94056731666686,0.1148993166668788,146.97047309666715,4.14480509666717,fdd:2,play 130.81
5:474,142.82566799999998,142.88816799999998,142.88816799999998,142.96056831666687,0.1349003166668865,147.00906299966715,4.183394999667172,fdd:1,play 146.83
5:476,142.9071895,142.9071895,142.9071895,143.0005683166669,0.09337881666689896,147.08624280566715,4.179053305667168,fdd:3,play 146.83
5:477,142.9071895,142.96968931666666,142.96968931666666,143.0205693166669,0.11337981666690666,147.12483270866716,4.21764320866717,fdd:3,play 293.66
5:478,142.988711,142.988711,142.988711,143.0605693166669,0.07185831666691911,147.20201251466716,4.213301514667165,fdd:1,play 146.83
5:479,142.988711,143.05121081666664,143.05121081666664,143.08057031666692,0.09185931666692682,147.24060241766716,4.251891417667167,fdd:1,play 293.66
5:480,143.07023249999997,143.07023249999997,143.07023249999997,143.12057031666694,0.05033781666696768,147.31778222366717,4.247549723667191,fdd:2,play 146.83
5:481,143.07023249999997,143.13273231666665,143.13273231666665,143.16057131666696,0.09033881666698562,147.39496202966717,4.324729529667195,fdd:2,play 293.66
4:155,143.15175399999998,143.15175399999998,143.15175399999998,143.240572316667,0.088818316667016,147.51073173866718,4.358977738667193,drum:1,drum_on 233.08
5:482,143.15175399999998,143.21425399999998,143.21425399999998,143.260573316667,0.10881931666702371,147.58791154466718,4.436157544667196,fdd:1,play 146.83
5:484,143.2332755,143.2332755,143.2332755,143.30057331666703,0.06729781666703616,147.66509135066718,4.431815850667192,fdd:3,play 146.83
5:485,143.2332755,143.29577531666666,143.29577531666666,143.32057431666703,0.08729881666704387,147.70368125366718,4.470405753667194,fdd:3,play 293.66
5:486,143.31479699999997,143.31479699999997,143.31479699999997,143.36057431666705,0.04577731666708473,147.7808610596672,4.466064059667218,fdd:1,play 146.83
5:487,143.31479699999997,143.37729681666664,143.37729681666664,143.40057531666707,0.08577831666710267,147.8580408656672,4.543243865667222,fdd:1,play 293.66
5:488,143.39631849999998,143.39631849999998,143.39631849999998,143.42057531666708,0.024256816667104886,147.8966307686672,4.500312268667216,fdd:2,play 146.83
5:489,143.39631849999998,143.45881831666665,143.45881831666665,143.45881831666665,0.062499816666672814,147.9352206716672,4.5389021716672175,fdd:2,play 293.66
3:277,143.47784,143.47784,143.47784,143.51881931666668,0.040979316666692966,148.0509903806672,4.573150380667215,fdd:1,play 130.81
5:491,143.47784,143.47784,143.47784,143.5388193166667,0.0609793166667032,148.0895802836672,4.611740283667217,fdd:3,play 311.13
1:359,143.47784,143.47784,143.47784,143.5588193166667,0.08097931666671343,148.1281701866672,4.650330186667219,fdd:4,play 196.00
1:361,143.47784,143.52131813333332,143.52131813333332,143.5788203166667,0.10098031666672114,148.1667600896672,4.688920089667221,fdd:2,play 311.13
1:358,143.47784,143.54033981666666,143.54033981666666,143.59882031666672,0.12098031666673137,148.2053499926672,4.727509992667223,fdd:3,play 130.81
5:490,143.47784,143.54034,143.54034,143.61882031666673,0.1409803166667416,148.2439398956672,4.7660998956672245,fdd:1,play 155.56
1:360,143.47784,143.54034,143.54034,143.63882131666674,0.1609813166667493,148.2825297986672,4.804689798667226,fdd:4,play 261.63
5:493,143.5593615,143.58381813333332,143.58381813333332,143.65882131666675,0.09945981666675152,148.32111970166721,4.76175820166722,fdd:2,play 311.13
5:492,143.5593615,143.60283981666666,143.60283981666666,143.67882131666676,0.11945981666676175,148.35970960466722,4.800348104667222,fdd:1,play 155.56
5:494,143.64088299999997,143.64088299999997,143.64088299999997,143.71882231666677,0.0779393166668001,148.43688941066722,4.796006410667246,fdd:3,play 155.56
5:495,143.64088299999997,143.70338281666665,143.70338281666665,143.73882231666678,0.09793931666681033,148.47547931366722,4.834596313667248,fdd:3,play 311.13
5:496,143.72240449999998,143.72240449999998,143.72240449999998,143.7788233166668,0.05641881666682025,148.55265911966723,4.830254619667244,fdd:1,play 155.56
5:497,143.72240449999998,143.78490431666665,143.78490431666665,143.85882431666684,0.13641981666685865,148.70701873166723,4.984614231667251,fdd:1,play 311.13
4:156,143.803926,143.803926,143.803926,143.89882531666686,0.09489931666686857,148.74560863466724,4.941682634667245,drum:1,drum_on 196.00
5:499,143.803926,143.86642581666666,143.86642581666666,143.91882531666687,0.1148993166668788,148.82278844066724,5.018862440667249,fdd:4,play 311.13
5:500,143.88544749999997,143.88544749999997,143.88544749999997,143.9588263166669,0.07337881666691715,148.89996824666724,5.014520746667273,fdd:1,play 155.56
5:501,143.88544749999997,143.94794731666664,143.94794731666664,143.9988273166669,0.11337981666693508,148.97714805266725,5.091700552667277,fdd:1,play 311.13
5:502,143.96696899999998,143.96696899999998,143.96696899999998,144.01882731666691,0.0518583166669373,149.01573795566725,5.048768955667271,fdd:2,play 155.56
5:503,143.96696899999998,144.02946881666665,144.02946881666665,144.03882731666693,0.07185831666694753,149.05432785866725,5.087358858667272,fdd:2,play 311.13
5:504,144.04849049999999,144.04849049999999,144.04849049999999,144.07882831666694,0.03033781666695745,149.13150766466725,5.083017164667268,fdd:1,play 155.56
5:505,144.04849049999999,144.11099031666666,144.11099031666666,144.11882931666696,0.07033881666697539,149.20868747066726,5.160196970667272,fdd:1,play 311.13
5:506,144.130012,144.130012,144.130012,144.15882931666698,0.028817316666987836,149.28586727666726,5.155855276667268,fdd:2,play 155.56
5:507,144.130012,144.19251181666664,144.19251181666664,144.19251181666664,0.06249981666664439,149.32445717966726,5.1944451796672695,fdd:2,play 311.13
5:508,144.21153349999997,144.21153349999997,144.21153349999997,144.23251181666666,0.02097831666668526,149.40163698566727,5.190103485667294,fdd:1,play 155.56
5:509,144.21153349999997,144.27403331666665,144.27403331666665,144.27403331666665,0.062499816666672814,149.44022688866727,5.2286933886672955,fdd:1,play 311.13
5:510,144.29305499999998,144.29305499999998,144.29305499999998,144.31403331666667,0.02097831666668526,149.51740669466727,5.224351694667291,fdd:2,play 155.56
5:511,144.29305499999998,144.35555481666665,144.35555481666665,144.35555481666665,0.062499816666672814,149.55599659766727,5.262941597667293,fdd:2,play 311.13
5:512,144.3745765,144.3745765,144.3745765,144.39555481666667,0.02097831666668526,149.63317640366728,5.258599903667289,fdd:1,play 155.56
5:513,144.3745765,144.43707631666666,144.43707631666666,144.43707631666666,0.062499816666672814,149.67176630666728,5.297189806667291,fdd:1,play 311.13
5:514,144.456098,144.456098,144.456098,144.47707631666668,0.02097831666668526,149.74894611266728,5.292848112667286,fdd:2,play 155.56
5:515,144.456098,144.51859781666664,144.51859781666664,144.51859781666664,0.06249981666664439,149.78753601566729,5.331438015667288,fdd:2,play 311.13
5:516,144.53761949999998,144.53761949999998,144.53761949999998,144.55859781666666,0.02097831666668526,149.8647158216673,5.327096321667312,fdd:1,play 155.56
5:517,144.53761949999998,144.60011931666665,144.60011931666665,144.60011931666665,0.062499816666672814,149.9033057246673,5.365686224667314,fdd:1,play 311.13
5:518,144.61914099999998,144.61914099999998,144.61914099999998,144.64011931666667,0.02097831666668526,149.9804855306673,5.36134453066731,fdd:2,play 155.56
3:278,144.61914099999998,144.66261913333332,144.66261913333332,144.66261913333332,0.04347813333333761,150.0190754336673,5.399934433667312,fdd:1,play 196.00
5:519,144.61914099999998,144.68164081666666,144.68164081666666,144.68261913333333,0.06347813333334784,150.0576653366673,5.438524336667314,fdd:2,play 311.13
5:520,144.7006625,144.7006625,144.7006625,144.70261913333334,0.001956633333350055,150.0962552396673,5.395592739667308,fdd:3,play 155.56
5:521,144.7006625,144.76316231666664,144.76316231666664,144.78316231666665,0.08249981666665462,150.1734350456673,5.472772545667311,fdd:3,play 311.13
3:279,144.78218399999997,144.78218399999997,144.78218399999997,144.84316331666668,0.0609793166667032,150.2892047546673,5.507020754667337,fdd:1,play 130.81
5:523,144.78218399999997,144.78218399999997,144.78218399999997,144.8631633166667,0.08097931666671343,150.3277946576673,5.545610657667339,fdd:2,play 311.13
5:522,144.78218399999997,144.84468399999997,144.84468399999997,144.8831643166667,0.10098031666672114,150.3663845606673,5.584200560667341,fdd:1,play 155.56
5:524,144.86370549999998,144.86370549999998,144.86370549999998,144.94316531666672,0.07945981666674129,150.48215426966732,5.618448769667339,fdd:2,play 155.56
5:525,144.86370549999998,144.86370549999998,144.86370549999998,144.96316531666673,0.09945981666675152,150.52074417266732,5.6570386726673405,fdd:3,play 311.13
5:526,144.945227,144.945227,144.945227,145.00316631666675,0.05793931666676144,150.59792397866732,5.652696978667336,fdd:1,play 155.56
5:527,144.945227,145.00772681666666,145.00772681666666,145.02316631666676,0.07793931666677167,150.63651388166733,5.691286881667338,fdd:1,play 311.13
5:529,145.0267485,145.0267485,145.0267485,145.0831673166668,0.05641881666679183,150.75228359066733,5.725535090667336,fdd:2,play 311.13
5:528,145.0267485,145.0267485,145.0267485,145.1031673166668,0.07641881666680206,150.79087349366733,5.7641249936673375,fdd:3,play 155.56
3:280,145.10826999999998,145.10826999999998,145.10826999999998,145.16316831666683,0.05489831666685063,150.90664320266734,5.798373202667364,fdd:1,play 130.81
5:531,145.10826999999998,145.10826999999998,145.10826999999998,145.18316931666683,0.07489931666685834,150.94523310566734,5.836963105667365,fdd:2,play 311.13
5:530,145.10826999999998,145.17076999999998,145.17076999999998,145.20316931666684,0.09489931666686857,150.98382300866734,5.875553008667367,fdd:1,play 155.56
5:532,145.18979149999998,145.18979149999998,145.18979149999998,145.24317031666686,0.05337881666687849,151.06100281466735,5.871211314667363,fdd:2,play 155.56
5:533,145.18979149999998,145.25229131666666,145.25229131666666,145.28317031666688,0.09337881666689896,151.13818262066735,5.948391120667367,fdd:2,play 311.13
5:534,145.271313,145.271313,145.271313,145.3231713166669,0.05185831666690888,151.21536242666735,5.9440494266673625,fdd:1,play 155.56
5:535,145.271313,145.33381281666664,145.33381281666664,145.3431713166669,0.07185831666691911,151.25395232966736,5.982639329667364,fdd:1,play 311.13
5:536,145.35283449999997,145.35283449999997,145.35283449999997,145.38317231666693,0.03033781666695745,151.33113213566736,5.9782976356673885,fdd:2,play 155.56
5:537,145.35283449999997,145.41533431666664,145.41533431666664,145.41533431666664,0.062499816666672814,151.36972203866736,6.01688753866739,fdd:2,play 311.13
3:281,145.43435599999998,145.43435599999998,145.43435599999998,145.45533431666667,0.02097831666668526,151.44690184466737,6.012545844667386,fdd:1,play 130.81
5:539,145.43435599999998,145.43435599999998,145.43435599999998,145.47533531666667,0.040979316666692966,151.48549174766737,6.051135747667388,fdd:3,play 311.13
1:364,145.43435599999998,145.49685581666665,145.49685581666665,145.49685581666665,0.062499816666672814,151.52408165066737,6.08972565066739,fdd:3,play 311.13
5:538,145.43435599999998,145.49685599999998,145.49685599999998,145.51685581666666,0.08249981666668305,151.56267155366737,6.128315553667392,fdd:1,play 155.56
5:540,145.5158775,145.5158775,145.5158775,145.55685681666668,0.040979316666692966,151.63985135966738,6.123973859667387,fdd:2,play 155.56
5:541,145.5158775,145.57837731666666,145.57837731666666,145.57837731666666,0.062499816666672814,151.67844126266738,6.162563762667389,fdd:2,play 311.13
5:542,145.597399,145.597399,145.597399,145.6383783166667,0.040979316666692966,151.79421097166738,6.196811971667387,fdd:1,play 155.56
5:543,145.597399,145.597399,145.597399,145.6583783166667,0.0609793166667032,151.83280087466738,6.235401874667389,fdd:3,play 311.13
1:365,145.597399,145.65989881666664,145.65989881666664,145.6783783166667,0.08097931666671343,151.8713907776674,6.273991777667391,fdd:3,play 174.61
5:544,145.67892049999998,145.67892049999998,145.67892049999998,145.71837931666673,0.03945881666675177,151.9485705836674,6.269650083667415,fdd:1,play 155.56
5:545,145.67892049999998,145.74142031666665,145.74142031666665,145.74142031666665,0.062499816666672814,151.9871604866674,6.308239986667417,fdd:1,play 311.13
4:157,145.76044199999998,145.76044199999998,145.76044199999998,145.8214213166667,0.0609793166667032,152.1029301956674,6.342488195667414,drum:1,drum_on 293.66
1:366,145.76044199999998,145.76044199999998,145.76044199999998,145.8414213166667,0.08097931666671343,152.1801100016674,6.419668001667418,fdd:2,play 196.00
3:282,145.76044199999998,145.80392013333332,145.80392013333332,145.8614223166667,0.10098031666672114,152.2186999046674,6.45825790466742,fdd:1,play 196.00
5:547,145.76044199999998,145.82294181666666,145.82294181666666,145.88142231666671,0.12098031666673137,152.2572898076674,6.496847807667422,fdd:3,play 311.13
5:548,145.8419635,145.8419635,145.8419635,145.92142331666673,0.07945981666674129,152.3344696136674,6.492506113667417,fdd:2,play 155.56
5:549,145.8419635,145.90446331666664,145.90446331666664,145.94142331666674,0.09945981666675152,152.3730595166674,6.531096016667419,fdd:2,play 311.13
5:550,145.92348499999997,145.92348499999997,145.92348499999997,145.98142431666676,0.057939316666789864,152.45023932266741,6.526754322667443,fdd:1,play 155.56
5:551,145.92348499999997,145.98598481666664,145.98598481666664,146.00142431666677,0.0779393166668001,152.48882922566742,6.565344225667445,fdd:1,play 311.13
5:552,146.00500649999998,146.00500649999998,146.00500649999998,146.0614253166668,0.05641881666682025,152.60459893466742,6.599592434667443,fdd:2,play 155.56
5:553,146.00500649999998,146.00500649999998,146.00500649999998,146.0814253166668,0.07641881666683048,152.64318883766742,6.638182337667445,fdd:3,play 311.13
3:283,146.086528,146.086528,146.086528,146.14142631666684,0.05489831666685063,152.75895854666743,6.672430546667442,fdd:1,play 130.81
5:555,146.086528,146.086528,146.086528,146.16142731666685,0.07489931666685834,152.79754844966743,6.711020449667444,fdd:2,play 174.61
5:554,146.086528,146.149028,146.149028,146.18142731666686,0.09489931666686857,152.83613835266743,6.749610352667446,fdd:1,play 174.61
5:556,146.1680495,146.1680495,146.1680495,146.22142831666687,0.05337881666687849,152.91331815866744,6.745268658667442,fdd:2,play 174.61
5:557,146.1680495,146.23054931666664,146.23054931666664,146.2614283166669,0.09337881666689896,152.99049796466744,6.8224484646674455,fdd:2,play 174.61
5:558,146.24957099999997,146.24957099999997,146.24957099999997,146.3014293166669,0.0518583166669373,153.06767777066744,6.81810677066747,fdd:1,play 174.61
5:559,146.24957099999997,146.24957099999997,146.24957099999997,146.32142931666692,0.07185831666694753,153.10626767366745,6.8566966736674715,fdd:3,play 174.61
5:560,146.33109249999998,146.33109249999998,146.33109249999998,146.38143031666695,0.05033781666696768,153.22203738266745,6.890944882667469,fdd:1,play 174.61
5:561,146.33109249999998,146.33109249999998,146.33109249999998,146.40143131666696,0.07033881666697539,153.26062728566745,6.929534785667471,fdd:2,play 174.61
4:158,146.412614,146.412614,146.412614,146.501432316667,0.088818316667016,153.41498689766746,7.00237289766747,drum:1,drum_on 261.63
5:564,146.49413549999997,146.49413549999997,146.49413549999997,146.58143431666704,0.08729881666707229,153.60793641266747,7.1138009126675,fdd:1,play 174.61
5:566,146.57565699999998,146.57565699999998,146.57565699999998,146.62143431666706,0.04577731666708473,153.68511621866747,7.109459218667496,fdd:1,play 174.61
5:567,146.57565699999998,146.57565699999998,146.57565699999998,146.64143531666707,0.06577831666709244,153.72370612166748,7.148049121667498,fdd:3,play 174.61
5:568,146.6571785,146.6571785,146.6571785,146.7014363166671,0.04425781666711259,153.83947583066748,7.182297330667495,fdd:1,play 174.61
5:569,146.6571785,146.6571785,146.6571785,146.7214363166671,0.06425781666712282,153.87806573366748,7.220887233667497,fdd:3,play 174.61
3:284,146.7387,146.7387,146.7387,146.82143831666716,0.08273831666716092,154.0710152486675,7.3323152486674985,fdd:1,play 146.83
1:367,146.7387,146.80119981666664,146.80119981666664,146.84143831666717,0.10273831666717115,154.1096051516675,7.3709051516675,fdd:3,play 311.13
5:570,146.7387,146.8012,146.8012,146.86143831666718,0.12273831666718138,154.1481950546675,7.409495054667502,fdd:1,play 174.61
5:572,146.82022149999997,146.82022149999997,146.82022149999997,146.88143931666718,0.06121781666720949,154.1867849576675,7.3665634576675245,fdd:2,play 174.61
5:573,146.82022149999997,146.88272131666665,146.88272131666665,146.9014393166672,0.08121781666721972,154.2253748606675,7.405153360667526,fdd:2,play 174.61
5:574,146.90174299999998,146.90174299999998,146.90174299999998,146.96144031666722,0.059697316667239875,154.3411445696675,7.439401569667524,fdd:1,play 174.61
5:575,146.90174299999998,146.90174299999998,146.90174299999998,146.98144031666723,0.0796973166672501,154.3797344726675,7.477991472667526,fdd:3,play 174.61
5:576,146.9832645,146.9832645,146.9832645,147.04144131666726,0.05817681666727026,154.4955041816675,7.512239681667523,fdd:1,play 174.61
5:577,146.9832645,146.9832645,146.9832645,147.06144231666727,0.07817781666727797,154.53409408466752,7.550829584667525,fdd:2,play 174.61
4:159,147.06478599999997,147.06478599999997,147.06478599999997,147.1414433166673,0.07665731666733677,154.64986379366752,7.585077793667551,drum:1,drum_on 293.66
5:578,147.06478599999997,147.06478599999997,147.06478599999997,147.16144331666732,0.096657316667347,154.72704359966752,7.662257599667555,fdd:1,play 174.61
1:368,147.06478599999997,147.12728581666664,147.12728581666664,147.20144431666733,0.13665831666736494,154.80422340566753,7.739437405667559,fdd:2,play 174.61
5:580,147.14630749999998,147.14630749999998,147.14630749999998,147.24144531666735,0.09513781666737486,154.88140321166753,7.7350957116675545,fdd:1,play 174.61
5:582,147.22782899999999,147.22782899999999,147.22782899999999,147.30144631666738,0.07361731666739502,154.99717292066754,7.769343920667552,fdd:1,play 174.61
5:583,147.22782899999999,147.22782899999999,147.22782899999999,147.3214463166674,0.09361731666740525,155.03576282366754,7.807933823667554,fdd:3,play 174.61
5:584,147.3093505,147.3093505,147.3093505,147.38144731666742,0.0720968166674254,155.15153253266755,7.8421820326675515,fdd:1,play 174.61
5:585,147.3093505,147.3093505,147.3093505,147.40144731666743,0.09209681666743563,155.19012243566755,7.880771935667553,fdd:3,play 174.61
3:285,147.39087199999997,147.39087199999997,147.39087199999997,147.48144931666747,0.09057731666749191,155.34448204766755,7.953610047667581,fdd:1,play 155.56
5:586,147.39087199999997,147.45337199999997,147.45337199999997,147.50144931666748,0.11057731666750215,155.38307195066756,7.992199950667583,fdd:1,play 174.61
5:589,147.47239349999998,147.47239349999998,147.47239349999998,147.5414503166675,0.06905681666751207,155.46025175666756,7.987858256667579,fdd:2,play 174.61
5:588,147.47239349999998,147.47239349999998,147.47239349999998,147.5614503166675,0.0890568166675223,155.49884165966756,8.02644815966758,fdd:3,play 174.61
5:590,147.553915,147.553915,147.553915,147.62145131666753,0.06753631666754245,155.61461136866757,8.060696368667578,fdd:1,play 174.61
5:591,147.553915,147.553915,147.553915,147.64145131666754,0.08753631666755268,155.65320127166757,8.09928627166758,fdd:2,play 174.61
5:592,147.6354365,147.6354365,147.6354365,147.70145231666757,0.06601581666757284,155.76897098066758,8.133534480667578,fdd:1,play 174.61
5:593,147.6354365,147.6354365,147.6354365,147.72145331666758,0.08601681666758054,155.80756088366758,8.17212438366758,fdd:2,play 174.61
5:596,147.79847949999998,147.79847949999998,147.79847949999998,147.86145531666764,0.0629758166676595,156.0776902046676,8.279210704667605,fdd:1,play 174.61
5:597,147.79847949999998,147.79847949999998,147.79847949999998,147.88145531666765,0.08297581666766973,156.1162801076676,8.317800607667607,fdd:2,play 174.61
5:598,147.880001,147.880001,147.880001,147.94145631666768,0.061455316667689885,156.2320498166676,8.352048816667605,fdd:1,play 174.61
5:599,147.880001,147.880001,147.880001,147.9614573166677,0.08145631666769759,156.2706397196676,8.390638719667606,fdd:2,play 174.61
5:600,147.96152249999997,147.96152249999997,147.96152249999997,148.02145831666772,0.05993581666774617,156.3864094286676,8.424886928667632,fdd:1,play 174.61
5:601,147.96152249999997,147.96152249999997,147.96152249999997,148.04145831666773,0.0799358166677564,156.4249993316676,8.463476831667634,fdd:2,play 174.61
3:286,148.04304399999998,148.04304399999998,148.04304399999998,148.12145931666777,0.07841531666778678,156.57935894366761,8.536314943667634,fdd:1,play 174.61
5:603,148.04304399999998,148.04304399999998,148.04304399999998,148.14146031666778,0.09841631666779449,156.61794884666762,8.574904846667636,fdd:2,play 174.61
5:602,148.04304399999998,148.10554399999998,148.10554399999998,148.16146031666779,0.11841631666780472,156.65653874966762,8.613494749667638,fdd:1,play 174.61
5:604,148.1245655,148.1245655,148.1245655,148.2014613166678,0.07689581666781464,156.73371855566762,8.609153055667633,fdd:2,play 174.61
5:605,148.1245655,148.18706531666666,148.18706531666666,148.2214613166678,0.09689581666782487,156.77230845866762,8.647742958667635,fdd:2,play 174.61
5:606,148.206087,148.206087,148.206087,148.26146231666783,0.055375316667834795,156.84948826466763,8.64340126466763,fdd:1,play 174.61
5:607,148.206087,148.206087,148.206087,148.28146231666784,0.07537531666784503,156.88807816766763,8.681991167667633,fdd:3,play 174.61
5:608,148.28760849999998,148.28760849999998,148.28760849999998,148.34146331666787,0.0538548166678936,157.00384787666763,8.716239376667659,fdd:1,play 174.61
5:609,148.28760849999998,148.28760849999998,148.28760849999998,148.36146331666788,0.07385481666790383,157.04243777966764,8.75482927966766,fdd:2,play 174.61
5:610,148.36912999999998,148.36912999999998,148.36912999999998,148.4214643166679,0.052334316667923986,157.15820748866764,8.789077488667658,fdd:1,play 174.61
5:611,148.36912999999998,148.36912999999998,148.36912999999998,148.44146531666792,0.07233531666793169,157.19679739166764,8.82766739166766,fdd:3,play 174.61
5:612,148.4506515,148.4506515,148.4506515,148.50146631666794,0.050814816667951845,157.31256710066765,8.861915600667658,fdd:1,play 174.61
5:613,148.4506515,148.4506515,148.4506515,148.52146631666795,0.07081481666796208,157.35115700366765,8.90050550366766,fdd:3,play 174.61
5:614,148.53217299999997,148.53217299999997,148.53217299999997,148.601467316668,0.06929431666802088,157.50551661566766,8.973343615667687,fdd:1,play 174.61
5:615,148.53217299999997,148.53217299999997,148.53217299999997,148.621468316668,0.08929531666802859,157.54410651866766,9.01193351866769,fdd:3,play 174.61
5:616,148.61369449999998,148.61369449999998,148.61369449999998,148.68146931666803,0.06777481666804874,157.65987622766767,9.046181727667687,fdd:1,play 174.61
5:617,148.61369449999998,148.61369449999998,148.61369449999998,148.70146931666804,0.08777481666805897,157.69846613066767,9.084771630667689,fdd:3,play 174.61
4:161,148.695216,148.695216,148.695216,148.78147031666808,0.08625431666808936,157.81423583966767,9.119019839667686,drum:1,drum_on 392.00
1:369,148.695216,148.75771581666666,148.75771581666666,148.80147131666808,0.10625531666809707,157.89141564566768,9.19619964566769,fdd:2,play 98.00
5:618,148.695216,148.757716,148.757716,148.8214713166681,0.1262553166681073,157.93000554866768,9.234789548667692,fdd:1,play 196.00
1:371,148.695216,148.757716,148.757716,148.8414713166681,0.14625531666811753,157.96859545166768,9.273379451667694,fdd:3,play 196.00
5:620,148.7767375,148.82021581666666,148.82021581666666,148.8614723166681,0.08473481666811722,158.00718535466768,9.230447854667688,fdd:1,play 196.00
5:621,148.7767375,148.82021581666666,148.82021581666666,148.88147231666812,0.10473481666812745,158.04577525766769,9.26903775766769,fdd:2,play 196.00
5:622,148.85825899999998,148.85825899999998,148.85825899999998,148.92147331666814,0.0632143166681658,158.1229550636677,9.264696063667714,fdd:3,play 196.00
5:623,148.85825899999998,148.92075881666665,148.92075881666665,148.94147331666815,0.08321431666817602,158.1615449666677,9.303285966667715,fdd:3,play 196.00
5:624,148.93978049999998,148.93978049999998,148.93978049999998,149.00147431666818,0.06169381666819618,158.2773146756677,9.337534175667713,fdd:1,play 196.00
5:625,148.93978049999998,148.93978049999998,148.93978049999998,149.0214743166682,0.08169381666820641,158.3159045786677,9.376124078667715,fdd:2,play 196.00
5:626,149.021302,149.021302,149.021302,149.10147631666823,0.08017431666823427,158.4702641906677,9.448962190667714,fdd:1,play 196.00
5:628,149.10282349999997,149.10282349999997,149.10282349999997,149.16147731666825,0.05865381666828284,158.5860338996677,9.48321039966774,fdd:1,play 196.00
5:629,149.10282349999997,149.10282349999997,149.10282349999997,149.18147731666826,0.07865381666829308,158.6246238026677,9.521800302667742,fdd:2,play 196.00
5:630,149.18434499999998,149.18434499999998,149.18434499999998,149.2414783166683,0.05713331666831323,158.74039351166772,9.55604851166774,fdd:1,play 196.00
5:631,149.18434499999998,149.18434499999998,149.18434499999998,149.2614783166683,0.07713331666832346,158.77898341466772,9.594638414667742,fdd:3,play 196.00
5:632,149.2658665,149.2658665,149.2658665,149.30147931666832,0.03561281666833338,158.85616322066772,9.590296720667737,fdd:1,play 196.00
5:633,149.2658665,149.2658665,149.2658665,149.32147931666833,0.05561281666834361,158.89475312366773,9.62888662366774,fdd:4,play 196.00
5:634,149.347388,149.347388,149.347388,149.42148131666838,0.0740933166683817,159.08770263866774,9.74031463866774,fdd:1,play 196.00
1:376,149.347388,149.347388,149.347388,149.4414813166684,0.09409331666839194,159.12629254166774,9.778904541667742,fdd:2,play 146.83
1:375,149.347388,149.40988781666664,149.40988781666664,149.4614823166684,0.11409431666839964,159.16488244466774,9.817494444667744,fdd:1,play 196.00
1:380,149.347388,149.40988781666664,149.40988781666664,149.4814823166684,0.13409431666840987,159.20347234766774,9.856084347667746,fdd:4,play 196.00
1:377,149.347388,149.409888,149.409888,149.50148231666842,0.1540943166684201,159.24206225066774,9.894674250667748,fdd:2,play 196.00
5:636,149.42890949999997,149.47238781666664,149.47238781666664,149.52148331666842,0.09257381666844822,159.28065215366775,9.85174265366777,fdd:1,play 196.00
5:637,149.42890949999997,149.472388,149.472388,149.54148331666843,0.11257381666845845,159.31924205666775,9.890332556667772,fdd:2,play 196.00
5:638,149.51043099999998,149.51043099999998,149.51043099999998,149.58148431666845,0.07105331666846837,159.39642186266775,9.885990862667768,fdd:3,play 196.00
5:639,149.51043099999998,149.57293081666666,149.57293081666666,149.60148431666846,0.0910533166684786,159.43501176566775,9.92458076566777,fdd:3,play 196.00
5:640,149.5919525,149.5919525,149.5919525,149.6614853166685,0.06953281666849875,159.55078147466776,9.958828974667767,fdd:1,play 196.00
5:641,149.5919525,149.5919525,149.5919525,149.6814853166685,0.08953281666850899,159.58937137766776,9.99741887766777,fdd:2,play 196.00
5:642,149.67347399999997,149.67347399999997,149.67347399999997,149.76148731666854,0.08801331666856527,159.74373098966777,10.070256989667797,fdd:1,play 196.00
5:644,149.75499549999998,149.75499549999998,149.75499549999998,149.80148731666856,0.04649181666857771,159.82091079566777,10.065915295667793,fdd:1,play 196.00
5:645,149.75499549999998,149.75499549999998,149.75499549999998,149.82148831666856,0.06649281666858542,159.85950069866777,10.104505198667795,fdd:4,play 196.00
3:288,149.836517,149.836517,149.836517,149.9014893166686,0.0649723166686158,160.01386031066778,10.177343310667794,fdd:1,play 196.00
5:647,149.836517,149.836517,149.836517,149.9214893166686,0.08497231666862604,160.05245021366778,10.215933213667796,fdd:4,play 196.00
5:646,149.836517,149.899017,149.899017,149.96149031666863,0.12497331666864397,160.1296300196678,10.2931130196678,fdd:1,play 196.00
5:648,149.9180385,149.9180385,149.9180385,150.00149131666865,0.0834528166686539,160.2068098256678,10.288771325667796,fdd:4,play 196.00
5:649,149.9180385,149.98053831666664,149.98053831666664,150.02149131666866,0.10345281666866413,160.2453997286678,10.327361228667797,fdd:4,play 196.00
3:289,149.99955999999997,149.99955999999997,149.99955999999997,150.06149231666868,0.06193231666870247,160.3225795346678,10.323019534667822,fdd:1,play 196.00
5:651,149.99955999999997,149.99955999999997,149.99955999999997,150.0814923166687,0.0819323166687127,160.3611694376678,10.361609437667823,fdd:2,play 196.00
1:384,149.99955999999997,150.04303813333328,150.04303813333328,150.1014923166687,0.10193231666872293,160.3997593406678,10.400199340667825,fdd:4,play 246.94
1:381,149.99955999999997,150.06205981666665,150.06205981666665,150.1214933166687,0.12193331666873064,160.4383492436678,10.438789243667827,fdd:2,play 98.00
5:650,149.99955999999997,150.06205999999997,150.06205999999997,150.16149331666873,0.1619333166687511,160.5155290496678,10.51596904966783,fdd:1,play 196.00
5:652,150.08108149999998,150.12455981666665,150.12455981666665,150.18149431666873,0.10041281666875079,160.5541189526678,10.473037452667825,fdd:1,play 196.00
5:653,150.08108149999998,150.12455981666665,150.12455981666665,150.20149431666874,0.12041281666876102,160.5927088556678,10.511627355667827,fdd:2,play 196.00
5:654,150.162603,150.162603,150.162603,150.24149531666876,0.07889231666877095,160.6698886616678,10.507285661667822,fdd:3,play 196.00
5:655,150.162603,150.22510281666666,150.22510281666666,150.26149531666877,0.09889231666878118,160.70847856466781,10.545875564667824,fdd:3,play 196.00
5:656,150.24412449999997,150.24412449999997,150.24412449999997,150.3414963166688,0.09737181666883998,160.86283817666782,10.618713676667852,fdd:1,play 196.00
3:290,150.32564599999998,150.32564599999998,150.32564599999998,150.42149831666885,0.09585231666886784,161.01719778866783,10.691551788667851,fdd:1,play 196.00
1:387,150.32564599999998,150.38814581666665,150.38814581666665,150.44149831666886,0.11585231666887807,161.05578769166783,10.730141691667853,fdd:2,play 98.00
5:658,150.32564599999998,150.38814599999998,150.38814599999998,150.46149831666887,0.1358523166688883,161.09437759466783,10.768731594667855,fdd:1,play 196.00
1:389,150.32564599999998,150.38814599999998,150.38814599999998,150.48149931666887,0.155853316668896,161.13296749766783,10.807321497667857,fdd:3,play 196.00
5:660,150.40716749999999,150.45064581666665,150.45064581666665,150.50149931666888,0.09433181666889823,161.17155740066784,10.764389900667851,fdd:1,play 196.00
5:661,150.40716749999999,150.45064599999998,150.45064599999998,150.5214993166689,0.11433181666890846,161.21014730366784,10.802979803667853,fdd:4,play 196.00
5:662,150.488689,150.488689,150.488689,150.5615003166689,0.07281131666891838,161.28732710966784,10.798638109667849,fdd:2,play 196.00
5:663,150.488689,150.55118881666664,150.55118881666664,150.58150031666892,0.09281131666892861,161.32591701266784,10.83722801266785,fdd:2,play 196.00
5:664,150.57021049999997,150.57021049999997,150.57021049999997,150.64150131666895,0.07129081666897719,161.44168672166785,10.871476221667876,fdd:1,play 196.00
5:665,150.57021049999997,150.57021049999997,150.57021049999997,150.66150231666896,0.0912918166689849,161.48027662466785,10.910066124667878,fdd:3,play 196.00
1:393,150.65173199999998,150.71423181666665,150.71423181666665,150.78150431666901,0.12977231666903322,161.71181604266786,11.060084042667881,fdd:2,play 98.00
5:666,150.65173199999998,150.71423199999998,150.71423199999998,150.80150431666902,0.14977231666904345,161.75040594566786,11.098673945667883,fdd:1,play 196.00
5:668,150.7332535,150.77673181666665,150.77673181666665,150.82150431666904,0.08825081666904566,161.78899584866787,11.055742348667877,fdd:1,play 196.00
5:669,150.7332535,150.77673181666665,150.77673181666665,150.84150531666904,0.10825181666905337,161.82758575166787,11.094332251667879,fdd:2,play 196.00
5:670,150.81477499999997,150.81477499999997,150.81477499999997,150.88150531666906,0.06673031666909424,161.90476555766787,11.089990557667903,fdd:3,play 196.00
5:671,150.81477499999997,150.87727481666664,150.87727481666664,150.90150631666907,0.08673131666910194,161.94335546066787,11.128580460667905,fdd:3,play 196.00
5:672,150.89629649999998,150.89629649999998,150.89629649999998,150.9615073166691,0.0652108166691221,162.05912516966788,11.162828669667903,fdd:1,play 196.00
5:673,150.89629649999998,150.89629649999998,150.89629649999998,150.9815073166691,0.08521081666913233,162.09771507266788,11.201418572667905,fdd:4,play 196.00
1:403,150.97781799999998,151.04031781666666,151.04031781666666,151.08150931666916,0.10369131666917042,162.2906645876679,11.312846587667906,fdd:4,play 293.66
5:674,150.97781799999998,151.04031799999998,151.04031799999998,151.10150931666917,0.12369131666918065,162.3292544906679,11.351436490667908,fdd:1,play 196.00
1:400,150.97781799999998,151.04031799999998,151.04031799999998,151.12150931666918,0.14369131666919088,162.3678443936679,11.39002639366791,fdd:2,play 146.83
5:676,151.0593395,151.10281781666666,151.10281781666666,151.14151031666918,0.08217081666919057,162.4064342966679,11.347094796667903,fdd:1,play 196.00
5:677,151.0593395,151.10281799999998,151.10281799999998,151.1615103166692,0.1021708166692008,162.4450241996679,11.385684699667905,fdd:2,play 196.00
5:678,151.14086099999997,151.14086099999997,151.14086099999997,151.2015113166692,0.060650316669239146,162.5222040056679,11.38134300566793,fdd:3,play 196.00
5:679,151.14086099999997,151.20336081666665,151.20336081666665,151.22151131666922,0.08065031666924938,162.5607939086679,11.419932908667931,fdd:3,play 196.00
5:680,151.22238249999998,151.22238249999998,151.22238249999998,151.28151231666925,0.05912981666926953,162.6765636176679,11.454181117667929,fdd:1,play 196.00
5:681,151.22238249999998,151.22238249999998,151.22238249999998,151.30151231666926,0.07912981666927976,162.7151535206679,11.49277102066793,fdd:2,play 196.00
4:162,151.303904,151.303904,151.303904,151.42151431666932,0.11761031666932809,162.90810303566792,11.604199035667932,drum:1,drum_on 440.00
1:405,151.303904,151.36640381666666,151.36640381666666,151.44151531666932,0.1376113166693358,162.98528284166792,11.681378841667936,fdd:2,play 98.00
5:682,151.303904,151.366404,151.366404,151.46151531666933,0.15761131666934602,163.02387274466793,11.719968744667938,fdd:1,play 196.00
5:684,151.3854255,151.42890381666666,151.42890381666666,151.48151531666934,0.09608981666934824,163.06246264766793,11.677037147667932,fdd:1,play 196.00
5:685,151.3854255,151.428904,151.428904,151.50151631666935,0.11609081666935595,163.10105255066793,11.715627050667933,fdd:3,play 196.00
5:687,151.46694699999998,151.46694699999998,151.46694699999998,151.56151731666938,0.09457031666940452,163.21682225966794,11.74987525966796,fdd:2,play 196.00
5:688,151.54846849999998,151.54846849999998,151.54846849999998,151.6215183166694,0.07304981666942467,163.33259196866794,11.784123468667957,fdd:1,play 196.00
5:689,151.54846849999998,151.54846849999998,151.54846849999998,151.64151831666942,0.0930498166694349,163.37118187166794,11.822713371667959,fdd:2,play 196.00
1:411,151.62999,151.69248981666664,151.69248981666664,151.74152031666947,0.111530316669473,163.56413138666795,11.93414138666796,fdd:1,play 196.00
1:412,151.62999,151.69248981666664,151.69248981666664,151.76152031666948,0.13153031666948323,163.60272128966795,11.972731289667962,fdd:2,play 146.83
1:414,151.62999,151.69249,151.69249,151.78152031666949,0.15153031666949346,163.64131119266796,12.011321192667964,fdd:3,play 246.94
5:692,151.71151149999997,151.75498981666664,151.75498981666664,151.8015213166695,0.09000981666952157,163.67990109566796,11.968389595667986,fdd:1,play 196.00
5:693,151.71151149999997,151.75498981666664,151.75498981666664,151.8215213166695,0.1100098166695318,163.71849099866796,12.006979498667988,fdd:2,play 196.00
5:694,151.79303299999998,151.79303299999998,151.79303299999998,151.86152231666952,0.06848931666954172,163.79567080466796,12.002637804667984,fdd:4,play 196.00
5:695,151.79303299999998,151.85553281666665,151.85553281666665,151.88152231666953,0.08848931666955195,163.83426070766797,12.041227707667986,fdd:4,play 196.00
5:696,151.8745545,151.8745545,151.8745545,151.94152331666956,0.0669688166695721,163.95003041666797,12.075475916667983,fdd:1,play 196.00
5:697,151.8745545,151.8745545,151.8745545,151.96152331666957,0.08696881666958234,163.98862031966797,12.114065819667985,fdd:2,play 196.00
1:417,151.956076,152.01857581666664,152.01857581666664,152.08152531666963,0.12544931666963066,164.22015973766798,12.264083737667988,fdd:1,play 196.00
1:418,151.956076,152.01857581666664,152.01857581666664,152.10152631666963,0.14545031666963837,164.258749640668,12.30267364066799,fdd:2,play 146.83
5:700,152.03759749999998,152.08107581666664,152.08107581666664,152.12152631666964,0.083928816669669,164.297339543668,12.259742043668012,fdd:1,play 196.00
5:701,152.03759749999998,152.08107581666664,152.08107581666664,152.14152631666965,0.10392881666967924,164.335929446668,12.298331946668014,fdd:2,play 196.00
5:702,152.11911899999998,152.11911899999998,152.11911899999998,152.18152731666967,0.06240831666968916,164.413109252668,12.29399025266801,fdd:3,play 196.00
5:703,152.11911899999998,152.18161881666666,152.18161881666666,152.20152731666968,0.08240831666969939,164.451699155668,12.332580155668012,fdd:3,play 196.00
5:704,152.2006405,152.2006405,152.2006405,152.2615283166697,0.06088781666971954,164.567468864668,12.36682836466801,fdd:1,play 196.00
5:705,152.2006405,152.2006405,152.2006405,152.28152931666972,0.08088881666972725,164.606058767668,12.405418267668011,fdd:2,play 196.00
1:423,152.28216199999997,152.34466181666664,152.34466181666664,152.40153131666978,0.119369316669804,164.837598185668,12.555436185668043,fdd:1,play 196.00
1:427,152.28216199999997,152.34466181666664,152.34466181666664,152.42153131666979,0.13936931666981422,164.87618808866802,12.594026088668045,fdd:2,play 293.66
1:428,152.28216199999997,152.34466199999997,152.34466199999997,152.4415313166698,0.15936931666982446,164.91477799166802,12.632615991668047,fdd:3,play 196.00
5:708,152.36368349999998,152.40716181666664,152.40716181666664,152.4615323166698,0.09784881666982415,164.95336789466802,12.58968439466804,fdd:1,play 196.00
5:709,152.36368349999998,152.40716181666664,152.40716181666664,152.4815323166698,0.11784881666983438,164.99195779766802,12.628274297668042,fdd:2,play 196.00
5:711,152.445205,152.445205,152.445205,152.52153331666983,0.0763283166698443,165.06913760366803,12.623932603668038,fdd:3,play 196.00
3:294,152.445205,152.46966163333332,152.46966163333332,152.54153331666984,0.09632831666985453,165.10772750666803,12.66252250666804,fdd:1,play 196.00
5:713,152.5267265,152.5267265,152.5267265,152.58153431666986,0.05480781666986445,165.18490731266803,12.658180812668036,fdd:2,play 196.00
5:710,152.445205,152.53216163333332,152.53216163333332,152.60153431666987,0.1563293166698827,165.22349721566803,12.778292215668046,fdd:1,play 196.00
5:712,152.5267265,152.59466145,152.59466145,152.6415353166699,0.11480881666989262,165.30067702166804,12.773950521668041,fdd:1,play 196.00
5:714,152.60824799999997,152.60824799999997,152.60824799999997,152.70153631666992,0.0932883166699412,165.41644673066804,12.808198730668067,fdd:2,play 196.00
3:295,152.60824799999997,152.65716126666663,152.65716126666663,152.72153631666993,0.11328831666995143,165.45503663366804,12.84678863366807,fdd:1,play 196.00
1:431,152.60824799999997,152.67074781666665,152.67074781666665,152.74153631666994,0.13328831666996166,165.49362653666805,12.885378536668071,fdd:2,play 196.00
1:429,152.60824799999997,152.67074781666665,152.67074781666665,152.76153731666994,0.15328931666996937,165.53221643966805,12.923968439668073,fdd:3,play 98.00
5:716,152.68976949999998,152.71966126666663,152.71966126666663,152.80153731666996,0.11176781666998181,165.60939624566805,12.919626745668069,fdd:1,play 196.00
5:717,152.68976949999998,152.73324781666665,152.73324781666665,152.82153831666997,0.13176881666998952,165.64798614866805,12.95821664866807,fdd:2,play 196.00
5:718,152.771291,152.833791,152.833791,152.88153931667,0.11024831667000967,165.76375585766806,12.992464857668068,fdd:3,play 196.00
5:720,152.85281249999997,152.85281249999997,152.85281249999997,152.94154031667003,0.08872781667005825,165.87952556666806,13.026713066668094,fdd:1,play 196.00
1:435,152.93433399999998,152.99683381666665,152.99683381666665,153.04154131667008,0.10720731667009886,166.07247508166807,13.138141081668095,fdd:2,play 98.00
5:722,152.93433399999998,152.99683399999998,152.99683399999998,153.06154231667009,0.12720831667010657,166.11106498466808,13.176730984668097,fdd:1,play 196.00
1:439,152.93433399999998,152.99683399999998,152.99683399999998,153.0815423166701,0.1472083166701168,166.14965488766808,13.2153208876681,fdd:3,play 293.66
5:724,153.0158555,153.05933381666665,153.05933381666665,153.1015423166701,0.08568681667011901,166.18824479066808,13.172389290668093,fdd:1,play 196.00
5:725,153.0158555,153.05933399999998,153.05933399999998,153.1215433166701,0.10568781667012672,166.22683469366808,13.210979193668095,fdd:3,play 196.00
5:727,153.097377,153.097377,153.097377,153.18154431667014,0.08416731667014687,166.3426044026681,13.245227402668093,fdd:2,play 196.00
5:728,153.17889849999997,153.17889849999997,153.17889849999997,153.24154531667017,0.06264681667019545,166.4583741116681,13.279475611668119,fdd:1,play 196.00
5:729,153.17889849999997,153.17889849999997,153.17889849999997,153.26154531667018,0.08264681667020568,166.4969640146681,13.31806551466812,fdd:2,play 196.00
1:441,153.26041999999998,153.32291981666665,153.32291981666665,153.38154731667024,0.121127316670254,166.7285034326681,13.468083432668124,fdd:1,play 196.00
1:442,153.26041999999998,153.32291981666665,153.32291981666665,153.40154731667025,0.14112731667026424,166.7670933356681,13.506673335668125,fdd:2,play 146.83
1:444,153.26041999999998,153.32291999999998,153.32291999999998,153.42154831667025,0.16112831667027194,166.8056832386681,13.545263238668127,fdd:3,play 246.94
5:732,153.3419415,153.38541981666665,153.38541981666665,153.44154831667026,0.09960681667027416,166.8442731416681,13.502331641668121,fdd:1,play 196.00
5:733,153.3419415,153.38541981666665,153.38541981666665,153.46154831667027,0.11960681667028439,166.8828630446681,13.540921544668123,fdd:2,play 196.00
5:734,153.42346299999997,153.42346299999997,153.42346299999997,153.5015493166703,0.07808631667032273,166.96004285066812,13.536579850668147,fdd:3,play 196.00
5:735,153.42346299999997,153.48596281666664,153.48596281666664,153.5215493166703,0.09808631667033296,166.99863275366812,13.575169753668149,fdd:3,play 196.00
5:736,153.50498449999998,153.50498449999998,153.50498449999998,153.58155031667033,0.07656581667035312,167.11440246266812,13.609417962668147,fdd:1,play 196.00
5:737,153.50498449999998,153.50498449999998,153.50498449999998,153.60155131667034,0.09656681667036082,167.15299236566813,13.648007865668148,fdd:4,play 196.00
1:448,153.58650599999999,153.64900581666666,153.64900581666666,153.7215533166704,0.13504731667040915,167.38453178366814,13.798025783668152,fdd:3,play 146.83
5:738,153.58650599999999,153.64900599999999,153.64900599999999,153.7415533166704,0.15504731667041938,167.42312168666814,13.836615686668154,fdd:1,play 196.00
5:740,153.6680275,153.71150581666666,153.71150581666666,153.76155331667042,0.09352581667042159,167.46171158966814,13.793684089668147,fdd:1,play 196.00
5:741,153.6680275,153.71150599999999,153.71150599999999,153.78155431667042,0.1135268166704293,167.50030149266814,13.83227399266815,fdd:2,play 196.00
5:742,153.74954899999997,153.74954899999997,153.74954899999997,153.82155431667044,0.07200531667047017,167.57748129866815,13.827932298668173,fdd:4,play 196.00
5:743,153.74954899999997,153.81204881666665,153.81204881666665,153.84155531667045,0.09200631667047787,167.61607120166815,13.866522201668175,fdd:4,play 196.00
5:744,153.83107049999998,153.83107049999998,153.83107049999998,153.90155631667048,0.07048581667049802,167.73184091066815,13.900770410668173,fdd:1,play 196.00
5:745,153.83107049999998,153.83107049999998,153.83107049999998,153.9215563166705,0.09048581667050826,167.77043081366816,13.939360313668175,fdd:2,play 196.00
1:454,153.912592,153.97509181666666,153.97509181666666,154.02155831667054,0.10896631667054635,167.96338032866817,14.050788328668176,fdd:1,play 185.00
1:457,153.912592,153.97509181666666,153.97509181666666,154.04155831667055,0.12896631667055658,168.00197023166817,14.089378231668178,fdd:4,play 185.00
1:453,153.912592,153.975092,153.975092,154.06155831667056,0.1489663166705668,168.04056013466817,14.12796813466818,fdd:2,play 123.47
5:748,153.99411349999997,154.03759181666666,154.03759181666666,154.08155931667056,0.08744581667059492,168.07915003766817,14.085036537668202,fdd:1,play 155.56
5:749,153.99411349999997,154.037592,154.037592,154.10155931667057,0.10744581667060515,168.11773994066817,14.123626440668204,fdd:3,play 311.13
5:750,154.07563499999998,154.07563499999998,154.07563499999998,154.1615603166706,0.0859253166706253,168.23350964966818,14.157874649668202,fdd:2,play 155.56
5:752,154.15715649999999,154.15715649999999,154.15715649999999,154.20156131667062,0.04440481667063523,168.31068945566818,14.153532955668197,fdd:1,play 155.56
5:753,154.15715649999999,154.21965631666666,154.21965631666666,154.22156131667063,0.06440481667064546,168.34927935866818,14.1921228586682,fdd:1,play 311.13
5:754,154.238678,154.238678,154.238678,154.28156231667066,0.04288431667066561,168.4650490676682,14.226371067668197,fdd:4,play 155.56
5:755,154.238678,154.30117781666664,154.30117781666664,154.32156331667068,0.08288531667068355,168.5422288736682,14.3035508736682,fdd:4,play 311.13
5:756,154.32019949999997,154.32019949999997,154.32019949999997,154.3615633166707,0.04136381667072442,168.6194086796682,14.299209179668225,fdd:1,play 155.56
5:757,154.32019949999997,154.38269931666665,154.38269931666665,154.38269931666665,0.062499816666672814,168.6579985826682,14.337799082668226,fdd:1,play 311.13
5:758,154.40172099999998,154.40172099999998,154.40172099999998,154.40269931666666,0.0009783166666750276,168.6965884856682,14.29486748566822,fdd:2,play 155.56
5:759,154.40172099999998,154.46422081666665,154.46422081666665,154.46422081666665,0.062499816666672814,168.7351783886682,14.333457388668222,fdd:2,play 311.13
5:760,154.4832425,154.4832425,154.4832425,154.50422081666667,0.02097831666668526,168.8123581946682,14.329115694668218,fdd:1,play 155.56
5:761,154.4832425,154.54574231666666,154.54574231666666,154.56574231666667,0.08249981666668305,168.9281279036682,14.444885403668223,fdd:1,play 311.13
4:167,154.56476399999997,154.56476399999997,154.56476399999997,154.6257433166667,0.06097931666673162,169.00530770966822,14.440543709668248,drum:1,drum_on 369.99
5:762,154.56476399999997,154.56476399999997,154.56476399999997,154.6457433166667,0.08097931666674185,169.08248751566822,14.517723515668251,fdd:2,play 155.56
1:463,154.56476399999997,154.60824213333333,154.60824213333333,154.66574431666672,0.10098031666674956,169.12107741866822,14.556313418668253,fdd:1,play 369.99
5:763,154.56476399999997,154.62726381666664,154.62726381666664,154.68574431666673,0.12098031666675979,169.15966732166822,14.594903321668255,fdd:2,play 311.13
1:460,154.56476399999997,154.62726399999997,154.62726399999997,154.70574431666674,0.14098031666677002,169.19825722466823,14.633493224668257,fdd:3,play 185.00
1:462,154.56476399999997,154.62726399999997,154.62726399999997,154.72574531666675,0.16098131666677773,169.23684712766823,14.672083127668259,fdd:4,play 311.13
5:764,154.64628549999998,154.67074213333333,154.67074213333333,154.74574531666676,0.09945981666677994,169.27543703066823,14.629151530668253,fdd:1,play 155.56
5:767,154.72780699999998,154.72780699999998,154.72780699999998,154.78574631666677,0.057939316666789864,169.35261683666823,14.624809836668248,fdd:3,play 311.13
5:765,154.64628549999998,154.73324195,154.73324195,154.80574631666678,0.15946081666680811,169.39120673966823,14.744921239668258,fdd:1,play 311.13
5:766,154.72780699999998,154.79574176666668,154.79574176666668,154.8257463166668,0.09793931666681033,169.42979664266824,14.701989642668252,fdd:1,play 155.56
5:768,154.8093285,154.8093285,154.8093285,154.88574731666682,0.07641881666683048,169.54556635166824,14.73623785166825,fdd:3,play 155.56
5:769,154.8093285,154.8093285,154.8093285,154.90574831666683,0.09641981666683819,169.58415625466824,14.774827754668252,fdd:4,play 311.13
4:168,154.89084999999997,154.89084999999997,154.89084999999997,155.00574931666688,0.11489931666690723,169.73851586666825,14.84766586666828,drum:1,drum_on 493.88
5:771,154.89084999999997,154.95334981666664,154.95334981666664,155.0257503166669,0.13490031666691493,169.81569567266826,14.924845672668283,fdd:1,play 311.13
5:773,154.97237149999998,154.97237149999998,154.97237149999998,155.0657503166669,0.09337881666692738,169.89287547866826,14.920503978668279,fdd:2,play 311.13
3:300,155.053893,155.053893,155.053893,155.14575231666694,0.09185931666695524,170.04723509066827,14.993342090668278,fdd:1,play 185.00
5:774,155.053893,155.116393,155.116393,155.16575231666695,0.11185931666696547,170.08582499366827,15.03193199366828,fdd:1,play 155.56
5:776,155.1354145,155.1354145,155.1354145,155.20575331666697,0.07033881666697539,170.16300479966827,15.027590299668276,fdd:2,play 155.56
5:777,155.1354145,155.19791431666664,155.19791431666664,155.245753316667,0.11033881666699585,170.24018460566828,15.10477010566828,fdd:2,play 311.13
5:778,155.21693599999998,155.21693599999998,155.21693599999998,155.285754316667,0.0688183166670342,170.31736441166828,15.100428411668304,fdd:1,play 155.56
3:301,155.21693599999998,155.21693599999998,155.21693599999998,155.30575431666702,0.08881831666704443,170.35595431466828,15.139018314668306,fdd:3,play 123.47
1:468,155.21693599999998,155.26041413333328,155.26041413333328,155.32575531666703,0.10881931666705214,170.39454421766828,15.177608217668308,fdd:2,play 311.13
5:779,155.21693599999998,155.27943581666665,155.27943581666665,155.34575531666704,0.12881931666706237,170.43313412066829,15.21619812066831,fdd:1,play 311.13
1:466,155.21693599999998,155.27943599999998,155.27943599999998,155.36575531666705,0.1488193166670726,170.4717240236683,15.254788023668311,fdd:3,play 185.00
5:781,155.29845749999998,155.32291413333328,155.32291413333328,155.38575631666706,0.08729881666707229,170.5103139266683,15.211856426668305,fdd:2,play 311.13
5:780,155.29845749999998,155.34193563333332,155.34193563333332,155.40575631666707,0.10729881666708252,170.5489038296683,15.250446329668307,fdd:1,play 155.56
5:782,155.379979,155.379979,155.379979,155.44575731666708,0.06577831666709244,170.6260836356683,15.246104635668303,fdd:3,play 155.56
5:783,155.379979,155.44247881666664,155.44247881666664,155.4657573166671,0.08577831666710267,170.6646735386683,15.284694538668305,fdd:3,play 311.13
5:784,155.46150049999997,155.46150049999997,155.46150049999997,155.5057583166671,0.044257816667141014,170.7418533446683,15.280352844668329,fdd:1,play 155.56
5:785,155.46150049999997,155.52400031666664,155.52400031666664,155.56575931666714,0.10425881666716919,170.8576230536683,15.396122553668334,fdd:1,play 311.13
3:302,155.54302199999998,155.54302199999998,155.54302199999998,155.60575931666716,0.06273731666718163,170.9348028596683,15.39178085966833,fdd:2,play 123.47
5:786,155.54302199999998,155.54302199999998,155.54302199999998,155.62576031666717,0.08273831666718934,170.9733927626683,15.430370762668332,fdd:3,play 155.56
1:474,155.54302199999998,155.58650013333332,155.58650013333332,155.64576031666718,0.10273831666719957,171.0119826656683,15.468960665668334,fdd:1,play 311.13
1:473,155.54302199999998,155.60552181666665,155.60552181666665,155.6657603166672,0.1227383166672098,171.05057256866831,15.507550568668336,fdd:3,play 246.94
1:472,155.54302199999998,155.60552181666665,155.60552181666665,155.6857613166672,0.1427393166672175,171.08916247166832,15.546140471668338,fdd:4,play 185.00
5:788,155.6245435,155.64900013333332,155.64900013333332,155.7057613166672,0.08121781666721972,171.12775237466832,15.503208874668331,fdd:1,play 155.56
5:791,155.706065,155.706065,155.706065,155.74576231666722,0.03969731666722964,171.20493218066832,15.498867180668327,fdd:3,play 311.13
5:789,155.6245435,155.71149995,155.71149995,155.76576231666724,0.1412188166672479,171.24352208366832,15.618978583668337,fdd:1,play 311.13
5:790,155.706065,155.77399976666666,155.77399976666666,155.78576231666725,0.0796973166672501,171.28211198666833,15.57604698666833,fdd:1,play 155.56
5:792,155.78758649999997,155.78758649999997,155.78758649999997,155.82576331666726,0.03817681666728845,171.35929179266833,15.571705292668355,fdd:3,play 155.56
5:793,155.78758649999997,155.85008631666665,155.85008631666665,155.8857643166673,0.09817781666731662,171.47506150166834,15.68747500166836,fdd:3,play 311.13
5:794,155.86910799999998,155.86910799999998,155.86910799999998,155.9257653166673,0.05665731666732654,171.55224130766834,15.683133307668356,fdd:1,play 155.56
1:478,155.86910799999998,155.86910799999998,155.86910799999998,155.94576531666732,0.07665731666733677,171.59083121066834,15.721723210668358,fdd:2,play 185.00
1:477,155.86910799999998,155.86910799999998,155.86910799999998,155.96576531666733,0.096657316667347,171.62942111366834,15.76031311366836,fdd:4,play 123.47
1:481,155.86910799999998,155.91258613333332,155.91258613333332,155.98576631666734,0.11665831666735471,171.66801101666834,15.798903016668362,fdd:3,play 185.00
5:795,155.86910799999998,155.93160781666666,155.93160781666666,156.00576631666735,0.13665831666736494,171.70660091966835,15.837492919668364,fdd:1,play 311.13
1:479,155.86910799999998,155.93160799999998,155.93160799999998,156.02576631666736,0.15665831666737517,171.74519082266835,15.876082822668366,fdd:2,play 246.94
5:796,155.9506295,155.99410763333333,155.99410763333333,156.04576731666737,0.09513781666737486,171.78378072566835,15.83315122566836,fdd:1,play 155.56
5:797,155.9506295,155.99410799999998,155.99410799999998,156.06576731666738,0.1151378166673851,171.82237062866835,15.871741128668361,fdd:2,play 311.13
5:798,156.03215099999997,156.03215099999997,156.03215099999997,156.1057683166674,0.07361731666742344,171.89955043466836,15.867399434668386,fdd:3,play 155.56
5:799,156.03215099999997,156.09465081666664,156.09465081666664,156.1257683166674,0.09361731666743367,171.93814033766836,15.905989337668387,fdd:3,play 311.13
5:800,156.11367249999998,156.11367249999998,156.11367249999998,156.16576931666742,0.05209681666744359,172.01532014366836,15.901647643668383,fdd:1,play 155.56
5:801,156.11367249999998,156.17617231666665,156.17617231666665,156.22577031666745,0.11209781666747176,172.13108985266837,16.01741735266839,fdd:1,play 311.13
4:169,156.195194,156.195194,156.195194,156.3057713166675,0.11057731666750215,172.24685956166837,16.051665561668386,drum:1,drum_on 440.00
3:303,156.195194,156.23867213333332,156.23867213333332,156.3257713166675,0.13057731666751238,172.32403936766838,16.12884536766839,fdd:1,play 185.00
1:485,156.195194,156.25769381666666,156.25769381666666,156.3457723166675,0.15057831666752008,172.36262927066838,16.167435270668392,fdd:2,play 246.94
5:804,156.2767155,156.30117213333332,156.30117213333332,156.36577231666752,0.0890568166675223,172.40121917366838,16.124503673668386,fdd:1,play 155.56
4:170,156.35823699999997,156.35823699999997,156.35823699999997,156.44577331666756,0.0875363166675811,172.5169888826684,16.158751882668412,drum:1,drum_on 392.00
5:806,156.35823699999997,156.4261717666666,156.4261717666666,156.46577431666756,0.10753731666758881,172.5941686886684,16.235931688668416,fdd:1,play 155.56
5:808,156.43975849999998,156.43975849999998,156.43975849999998,156.5257753166676,0.08601681666760896,172.7099383976684,16.270179897668413,fdd:2,play 155.56
1:490,156.52128,156.58377981666663,156.58377981666663,156.64577731666765,0.12449731666765729,172.9414778156684,16.420197815668416,fdd:1,play 185.00
5:811,156.52128,156.58378,156.58378,156.66577731666766,0.14449731666766752,172.9800677186684,16.458787718668418,fdd:2,play 185.00
5:812,156.60280149999997,156.64627981666663,156.64627981666663,156.68577731666767,0.08297581666769815,173.0186576216684,16.41585612166844,fdd:1,play 185.00
5:813,156.60280149999997,156.64628,156.64628,156.70577831666768,0.10297681666770586,173.0572475246684,16.454446024668442,fdd:4,play 185.00
5:814,156.68432299999998,156.68432299999998,156.68432299999998,156.7457783166677,0.06145531666771831,173.13442733066842,16.450104330668438,fdd:2,play 185.00
5:815,156.68432299999998,156.74682281666665,156.74682281666665,156.7657793166677,0.08145631666772601,173.17301723366842,16.48869423366844,fdd:2,play 185.00
5:816,156.7658445,156.7658445,156.7658445,156.82578031666773,0.05993581666774617,173.28878694266842,16.522942442668437,fdd:1,play 185.00
5:817,156.7658445,156.7658445,156.7658445,156.84578031666774,0.0799358166677564,173.32737684566843,16.56153234566844,fdd:4,play 185.00
5:818,156.847366,156.847366,156.847366,156.9457823166678,0.09841631666779449,173.52032636066843,16.67296036066844,fdd:1,play 185.00
1:496,156.847366,156.90986581666664,156.90986581666664,156.9657823166678,0.11841631666780472,173.55891626366844,16.711550263668443,fdd:1,play 185.00
1:495,156.847366,156.90986581666664,156.90986581666664,156.9857823166678,0.13841631666781495,173.59750616666844,16.750140166668444,fdd:2,play 123.47
1:499,156.847366,156.909866,156.909866,157.00578331666782,0.15841731666782266,173.63609606966844,16.788730069668446,fdd:3,play 185.00
5:820,156.92888749999997,156.97236581666664,156.97236581666664,157.02578331666783,0.0968958166678533,173.67468597266844,16.74579847266847,fdd:1,play 185.00
5:821,156.92888749999997,156.97236581666664,156.97236581666664,157.04578331666784,0.11689581666786353,173.71327587566844,16.78438837566847,fdd:2,play 185.00
5:822,157.01040899999998,157.01040899999998,157.01040899999998,157.08578431666785,0.07537531666787345,173.79045568166845,16.780046681668466,fdd:3,play 185.00
5:823,157.01040899999998,157.07290881666665,157.07290881666665,157.10578431666787,0.09537531666788368,173.82904558466845,16.818636584668468,fdd:3,play 185.00
5:824,157.0919305,157.0919305,157.0919305,157.1657853166679,0.07385481666790383,173.94481529366846,16.852884793668466,fdd:1,play 185.00
5:825,157.0919305,157.0919305,157.0919305,157.1857863166679,0.09385581666791154,173.98340519666846,16.891474696668467,fdd:2,play 185.00
1:502,157.17345199999997,157.23595181666664,157.23595181666664,157.28578731666795,0.11233531666798058,174.17635471166847,17.002902711668497,fdd:1,play 185.00
1:501,157.17345199999997,157.23595181666664,157.23595181666664,157.30578831666796,0.13233631666798829,174.21494461466847,17.0414926146685,fdd:2,play 123.47
1:504,157.17345199999997,157.23595199999997,157.23595199999997,157.32578831666797,0.15233631666799852,174.25353451766847,17.0800825176685,fdd:3,play 311.13
5:828,157.25497349999998,157.29845181666664,157.29845181666664,157.34578831666798,0.09081481666800073,174.29212442066847,17.037150920668495,fdd:1,play 185.00
5:829,157.25497349999998,157.29845181666664,157.29845181666664,157.36578931666799,0.11081581666800844,174.33071432366847,17.075740823668497,fdd:2,play 185.00
5:830,157.33649499999999,157.33649499999999,157.33649499999999,157.405789316668,0.06929431666802088,174.40789412966848,17.071399129668492,fdd:3,play 185.00
5:831,157.33649499999999,157.39899481666666,157.39899481666666,157.425790316668,0.08929531666802859,174.44648403266848,17.109989032668494,fdd:3,play 185.00
5:832,157.4180165,157.4180165,157.4180165,157.48579131666804,0.06777481666804874,174.56225374166848,17.144237241668492,fdd:1,play 185.00
5:833,157.4180165,157.4180165,157.4180165,157.50579131666805,0.08777481666805897,174.6008436446685,17.182827144668494,fdd:2,play 185.00
1:510,157.49953799999997,157.56203781666665,157.56203781666665,157.6057933166681,0.10625531666812549,174.7937931596685,17.294255159668523,fdd:2,play 311.13
5:834,157.49953799999997,157.56203799999997,157.56203799999997,157.6257933166681,0.12625531666813572,174.8323830626685,17.332845062668525,fdd:1,play 185.00
1:511,157.49953799999997,157.56203799999997,157.56203799999997,157.64579331666812,0.14625531666814595,174.8709729656685,17.371434965668527,fdd:3,play 185.00
5:836,157.58105949999998,157.62453781666665,157.62453781666665,157.66579431666813,0.08473481666814564,174.9095628686685,17.32850336866852,fdd:1,play 185.00
5:837,157.58105949999998,157.62453781666665,157.62453781666665,157.68579431666814,0.10473481666815587,174.9481527716685,17.367093271668523,fdd:2,play 185.00
5:839,157.662581,157.662581,157.662581,157.72579531666815,0.0632143166681658,175.0253325776685,17.36275157766852,fdd:3,play 185.00
3:306,157.662581,157.68703763333332,157.68703763333332,157.74579531666816,0.08321431666817602,175.0639224806685,17.40134148066852,fdd:1,play 196.00
5:841,157.74410249999997,157.74410249999997,157.74410249999997,157.78579631666818,0.04169381666821437,175.1411022866685,17.396999786668545,fdd:2,play 185.00
5:838,157.662581,157.74953763333332,157.74953763333332,157.8057963166682,0.1432153166682042,175.17969218966851,17.517111189668526,fdd:1,play 185.00
5:840,157.74410249999997,157.81203745,157.81203745,157.86579731666822,0.12169481666825277,175.29546189866852,17.551359398668552,fdd:1,play 185.00
3:307,157.82562399999998,157.87453726666666,157.87453726666666,157.92579831666825,0.10017431666827292,175.41123160766853,17.58560760766855,fdd:1,play 196.00
1:514,157.82562399999998,157.88812381666665,157.88812381666665,157.94579831666826,0.12017431666828315,175.44982151066853,17.62419751066855,fdd:2,play 185.00
1:513,157.82562399999998,157.88812381666665,157.88812381666665,157.96579931666827,0.14017531666829086,175.48841141366853,17.662787413668553,fdd:3,play 123.47
1:516,157.82562399999998,157.88812399999998,157.88812399999998,157.98579931666828,0.1601753166683011,175.52700131666853,17.701377316668555,fdd:4,play 311.13
5:844,157.90714549999998,157.93703726666666,157.93703726666666,158.0057993166683,0.0986538166683033,175.56559121966853,17.65844571966855,fdd:1,play 185.00
5:845,157.90714549999998,157.95062381666665,157.95062381666665,158.0258003166683,0.11865481666831101,175.60418112266854,17.69703562266855,fdd:2,play 185.00
3:308,157.988667,157.988667,157.988667,158.08580131666832,0.09713431666833117,175.71995083166854,17.73128383166855,fdd:3,play 110.00
5:846,157.988667,158.051167,158.051167,158.10580131666833,0.1171343166683414,175.75854073466854,17.76987373466855,fdd:3,play 185.00
5:848,158.07018849999997,158.07018849999997,158.07018849999997,158.16580231666836,0.09561381666838997,175.87431044366855,17.804121943668576,fdd:1,play 185.00
1:519,158.15170999999998,158.21420981666665,158.21420981666665,158.2658043166684,0.11409431666842806,176.06725995866856,17.915549958668578,fdd:2,play 123.47
5:850,158.15170999999998,158.21420999999998,158.21420999999998,158.28580431666842,0.1340943166684383,176.10584986166856,17.95413986166858,fdd:1,play 185.00
1:522,158.15170999999998,158.21420999999998,158.21420999999998,158.30580431666843,0.15409431666844853,176.14443976466856,17.99272976466858,fdd:3,play 311.13
5:852,158.2332315,158.27670981666665,158.27670981666665,158.32580531666844,0.09257381666844822,176.18302966766856,17.949798167668575,fdd:1,play 185.00
5:853,158.2332315,158.27670981666665,158.27670981666665,158.34580531666845,0.11257381666845845,176.22161957066857,17.988388070668577,fdd:2,play 185.00
5:854,158.314753,158.314753,158.314753,158.38580631666846,0.07105331666846837,176.29879937666857,17.984046376668573,fdd:3,play 185.00
5:855,158.314753,158.37725281666664,158.37725281666664,158.40580631666847,0.0910533166684786,176.33738927966857,18.022636279668575,fdd:3,play 185.00
5:856,158.39627449999998,158.39627449999998,158.39627449999998,158.4658073166685,0.06953281666852718,176.45315898866858,18.0568844886686,fdd:1,play 185.00
5:857,158.39627449999998,158.39627449999998,158.39627449999998,158.4858073166685,0.08953281666853741,176.49174889166858,18.095474391668603,fdd:2,play 185.00
1:526,158.47779599999998,158.54029581666666,158.54029581666666,158.58580931666856,0.1080133166685755,176.6846984066686,18.206902406668604,fdd:1,play 185.00
1:525,158.47779599999998,158.54029581666666,158.54029581666666,158.60580931666857,0.12801331666858573,176.7232883096686,18.245492309668606,fdd:2,play 123.47
1:528,158.47779599999998,158.54029599999998,158.54029599999998,158.62581031666858,0.14801431666859344,176.7618782126686,18.284082212668608,fdd:3,play 311.13
5:860,158.5593175,158.60279581666666,158.60279581666666,158.6458103166686,0.08649281666859565,176.8004681156686,18.2411506156686,fdd:1,play 185.00
5:861,158.5593175,158.60279581666666,158.60279581666666,158.6658103166686,0.10649281666860588,176.8390580186686,18.279740518668603,fdd:2,play 185.00
5:862,158.64083899999997,158.64083899999997,158.64083899999997,158.70581131666862,0.06497231666864423,176.9162378246686,18.275398824668628,fdd:3,play 185.00
5:863,158.64083899999997,158.70333881666664,158.70333881666664,158.72581131666863,0.08497231666865446,176.9548277276686,18.31398872766863,fdd:3,play 185.00
5:864,158.72236049999998,158.72236049999998,158.72236049999998,158.78581231666865,0.06345181666867461,177.0705974366686,18.348236936668627,fdd:1,play 185.00
5:865,158.72236049999998,158.72236049999998,158.72236049999998,158.80581331666866,0.08345281666868232,177.1091873396686,18.38682683966863,fdd:2,play 185.00
1:531,158.803882,158.86638181666666,158.86638181666666,158.9058143166687,0.10193231666872293,177.30213685466862,18.49825485466863,fdd:4,play 123.47
5:866,158.803882,158.866382,158.866382,158.92581531666872,0.12193331666873064,177.34072675766862,18.536844757668632,fdd:1,play 185.00
1:533,158.803882,158.866382,158.866382,158.94581531666873,0.14193331666874087,177.37931666066862,18.575434660668634,fdd:2,play 246.94
1:535,158.803882,158.866382,158.866382,158.96581531666874,0.1619333166687511,177.41790656366862,18.614024563668636,fdd:3,play 185.00
5:868,158.8854035,158.92888181666666,158.92888181666666,158.98581631666875,0.10041281666875079,177.45649646666863,18.57109296666863,fdd:1,play 185.00
5:869,158.8854035,158.928882,158.928882,159.00581631666876,0.12041281666876102,177.49508636966863,18.60968286966863,fdd:2,play 185.00
5:870,158.96692499999997,158.96692499999997,158.96692499999997,159.04581731666877,0.07889231666879937,177.57226617566863,18.605341175668656,fdd:3,play 185.00
5:871,158.96692499999997,159.02942481666665,159.02942481666665,159.06581731666878,0.0988923166688096,177.61085607866863,18.643931078668658,fdd:3,play 185.00
5:872,159.04844649999998,159.04844649999998,159.04844649999998,159.1258183166688,0.07737181666882975,177.72662578766864,18.678179287668655,fdd:1,play 185.00
5:873,159.04844649999998,159.04844649999998,159.04844649999998,159.14581831666882,0.09737181666883998,177.76521569066864,18.716769190668657,fdd:2,play 185.00
1:537,159.129968,159.19246781666664,159.19246781666664,159.24582031666887,0.11585231666887807,177.95816520566865,18.82819720566866,fdd:2,play 130.81
5:874,159.129968,159.192468,159.192468,159.26582031666888,0.1358523166688883,177.99675510866865,18.86678710866866,fdd:1,play 164.81
1:539,159.129968,159.192468,159.192468,159.2858213166689,0.155853316668896,178.03534501166865,18.905377011668662,fdd:3,play 261.63
5:876,159.21148949999997,159.21148949999997,159.21148949999997,159.3058213166689,0.09433181666892665,178.07393491466865,18.862445414668684,fdd:4,play 164.81
5:877,159.21148949999997,159.27398931666664,159.27398931666664,159.3258213166689,0.11433181666893688,178.11252481766866,18.901035317668686,fdd:4,play 329.63
5:878,159.29301099999998,159.29301099999998,159.29301099999998,159.38582231666894,0.09281131666895703,178.22829452666866,18.935283526668684,fdd:1,play 164.81
5:880,159.3745325,159.3745325,159.3745325,159.42582331666895,0.051290816668966954,178.30547433266867,18.93094183266868,fdd:1,play 164.81
5:881,159.3745325,159.43703231666666,159.43703231666666,159.46582431666897,0.0912918166689849,178.38265413866867,19.008121638668683,fdd:1,play 329.63
5:882,159.456054,159.456054,159.456054,159.505824316669,0.04977031666899734,178.45983394466867,19.00377994466868,fdd:2,play 164.81
5:883,159.456054,159.456054,159.456054,159.525825316669,0.06977131666900505,178.49842384766868,19.04236984766868,fdd:3,play 329.63
5:884,159.53757549999997,159.53757549999997,159.53757549999997,159.58582631666903,0.04825081666905362,178.61419355666868,19.076618056668707,fdd:1,play 164.81
5:885,159.53757549999997,159.60007531666665,159.60007531666665,159.60582631666904,0.06825081666906385,178.65278345966868,19.11520795966871,fdd:1,play 329.63
5:886,159.61909699999998,159.61909699999998,159.61909699999998,159.66582731666907,0.046730316669084004,178.7685531686687,19.149456168668706,fdd:2,play 164.81
5:887,159.61909699999998,159.61909699999998,159.61909699999998,159.68582731666908,0.06673031666909424,178.8071430716687,19.18804607166871,fdd:3,play 329.63
5:888,159.7006185,159.7006185,159.7006185,159.7258283166691,0.025209816669104157,178.8843228776687,19.183704377668704,fdd:1,play 164.81
5:889,159.7006185,159.7006185,159.7006185,159.7458283166691,0.04520981666911439,178.9229127806687,19.222294280668706,fdd:4,play 329.63
5:890,159.78213999999997,159.78213999999997,159.78213999999997,159.830141,0.048001000000027716,179.0772723926687,19.295132392668734,fdd:1,play 164.81
1:542,159.78213999999997,159.78213999999997,159.78213999999997,159.850141,0.06800100000003795,179.1158622956687,19.333722295668736,fdd:2,play 261.63
1:540,159.78213999999997,159.78213999999997,159.78213999999997,159.87014100000002,0.08800100000004818,179.1544521986687,19.372312198668737,fdd:4,play 130.81
5:891,159.78213999999997,159.84463981666664,159.84463981666664,159.91014200000004,0.12800200000006612,179.2316320046687,19.44949200466874,fdd:1,play 329.63
1:541,159.78213999999997,159.84463999999997,159.84463999999997,159.93014200000005,0.14800200000007635,179.2702219076687,19.488081907668743,fdd:4,play 196.00
5:893,159.86366149999998,159.92616131666665,159.92616131666665,159.97014300000006,0.10648150000008627,179.34740171366872,19.48374021366874,fdd:2,play 329.63
5:894,159.945183,159.945183,159.945183,160.01014400000008,0.06496100000009619,179.42458151966872,19.479398519668734,fdd:1,play 164.81
5:895,159.945183,160.00768281666666,160.00768281666666,160.0301440000001,0.08496100000010642,179.46317142266872,19.517988422668736,fdd:1,play 329.63
5:896,160.0267045,160.0267045,160.0267045,160.0701450000001,0.043440500000116344,179.54035122866873,19.513646728668732,fdd:2,play 164.81
5:897,160.0267045,160.08920431666664,160.08920431666664,160.11014500000013,0.08344050000013681,179.61753103466873,19.590826534668736,fdd:2,play 329.63
5:898,160.10822599999997,160.10822599999997,160.10822599999997,160.15014600000015,0.04192000000017515,179.69471084066873,19.58648484066876,fdd:1,play 164.81
5:899,160.10822599999997,160.17072581666665,160.17072581666665,160.17072581666665,0.062499816666672814,179.73330074366874,19.625074743668762,fdd:1,play 329.63
5:900,160.18974749999998,160.18974749999998,160.18974749999998,160.21072581666667,0.02097831666668526,179.81048054966874,19.620733049668758,fdd:2,play 164.81
5:901,160.18974749999998,160.25224731666665,160.25224731666665,160.25224731666665,0.062499816666672814,179.84907045266874,19.65932295266876,fdd:2,play 329.63
3:312,160.271269,160.271269,160.271269,160.29224731666667,0.02097831666668526,179.92625025866874,19.654981258668755,fdd:1,play 196.00
5:903,160.271269,160.271269,160.271269,160.31224831666668,0.040979316666692966,179.96484016166875,19.693571161668757,fdd:3,play 329.63
5:902,160.271269,160.333769,160.333769,160.333769,0.0625,180.00343006466875,19.73216106466876,fdd:1,play 164.81
5:904,160.35279049999997,160.35279049999997,160.35279049999997,160.39377000000002,0.040979500000048574,180.11919977366875,19.766409273668785,fdd:2,play 164.81
5:905,160.35279049999997,160.35279049999997,160.35279049999997,160.41377000000003,0.060979500000058806,180.15778967666876,19.804999176668787,fdd:3,play 329.63
3:313,160.43431199999998,160.43431199999998,160.43431199999998,160.49377100000007,0.05945900000008919,180.31214928866876,19.877837288668786,fdd:1,play 130.81
1:543,160.43431199999998,160.43431199999998,160.43431199999998,160.51377200000007,0.0794600000000969,180.35073919166877,19.916427191668788,fdd:2,play 130.81
5:907,160.43431199999998,160.43431199999998,160.43431199999998,160.53377200000008,0.09946000000010713,180.38932909466877,19.95501709466879,fdd:3,play 329.63
1:545,160.43431199999998,160.49681181666665,160.49681181666665,160.5537720000001,0.11946000000011736,180.42791899766877,19.993606997668792,fdd:3,play 261.63
5:906,160.43431199999998,160.49681199999998,160.49681199999998,160.5737730000001,0.13946100000012507,180.46650890066877,20.032196900668794,fdd:1,play 164.81
1:544,160.43431199999998,160.49681199999998,160.49681199999998,160.5937730000001,0.1594610000001353,180.50509880366877,20.070786803668796,fdd:2,play 196.00
5:908,160.51583349999999,160.51583349999999,160.51583349999999,160.61377300000012,0.09793950000013751,180.54368870666877,20.02785520666879,fdd:4,play 164.81
5:909,160.51583349999999,160.57833331666666,160.57833331666666,160.63377400000013,0.11794050000014522,180.58227860966878,20.06644510966879,fdd:4,play 329.63
5:910,160.597355,160.597355,160.597355,160.69377500000016,0.09642000000016537,180.69804831866878,20.10069331866879,fdd:1,play 164.81
5:912,160.67887649999997,160.67887649999997,160.67887649999997,160.73377500000018,0.05489850000020624,180.77522812466879,20.096351624668813,fdd:1,play 164.81
5:913,160.67887649999997,160.74137631666665,160.74137631666665,160.7737760000002,0.09489950000022418,180.8524079306688,20.173531430668817,fdd:1,play 329.63
5:914,160.76039799999998,160.76039799999998,160.76039799999998,160.83377700000023,0.07337900000024433,180.9681776396688,20.207779639668814,fdd:2,play 164.81
5:915,160.76039799999998,160.76039799999998,160.76039799999998,160.85377700000024,0.09337900000025456,181.0067675426688,20.246369542668816,fdd:3,play 329.63
3:314,160.76039799999998,160.80387613333332,160.80387613333332,160.87377800000024,0.11338000000026227,181.0453574456688,20.284959445668818,fdd:1,play 130.81
1:546,160.76039799999998,160.82289781666665,160.82289781666665,160.89377800000025,0.1333800000002725,181.0839473486688,20.32354934866882,fdd:2,play 130.81
1:547,160.76039799999998,160.82289781666665,160.82289781666665,160.91377800000026,0.15338000000028273,181.1225372516688,20.36213925166882,fdd:3,play 196.00
5:917,160.8419195,160.90441931666666,160.90441931666666,160.95377900000028,0.11185950000029266,181.1997170576688,20.357797557668817,fdd:4,play 329.63
5:918,160.92344099999997,160.92344099999997,160.92344099999997,160.9937800000003,0.070339000000331,181.2768968636688,20.35345586366884,fdd:1,play 164.81
5:919,160.92344099999997,160.98594081666664,160.98594081666664,161.0137800000003,0.09033900000034123,181.3154867666688,20.392045766668843,fdd:1,play 329.63
5:920,161.00496249999998,161.00496249999998,161.00496249999998,161.07378100000034,0.06881850000036138,181.43125647566882,20.42629397566884,fdd:3,play 164.81
5:921,161.00496249999998,161.00496249999998,161.00496249999998,161.09378100000035,0.08881850000037161,181.46984637866882,20.464883878668843,fdd:4,play 329.63
5:923,161.08648399999998,161.14898381666666,161.14898381666666,161.1937830000004,0.1072990000004097,181.66279589366883,20.576311893668844,fdd:1,play 329.63
1:550,161.08648399999998,161.14898399999998,161.14898399999998,161.2137830000004,0.12729900000041994,181.70138579666883,20.614901796668846,fdd:4,play 196.00
5:924,161.1680055,161.1680055,161.1680055,161.25378400000042,0.08577850000042986,181.77856560266883,20.610560102668842,fdd:2,play 164.81
5:925,161.1680055,161.23050531666664,161.23050531666664,161.29378500000044,0.1257795000004478,181.85574540866884,20.687739908668846,fdd:2,play 329.63
5:926,161.24952699999997,161.24952699999997,161.24952699999997,161.33378500000046,0.08425800000048866,181.93292521466884,20.68339821466887,fdd:1,play 164.81
5:927,161.24952699999997,161.31202681666664,161.31202681666664,161.35378600000047,0.10425900000049637,181.97151511766884,20.72198811766887,fdd:1,play 329.63
5:928,161.33104849999998,161.33104849999998,161.33104849999998,161.3937860000005,0.06273750000050882,182.04869492366885,20.717646423668867,fdd:2,play 164.81
5:929,161.33104849999998,161.39354831666665,161.39354831666665,161.4337870000005,0.10273850000052676,182.12587472966885,20.79482622966887,fdd:2,play 329.63
3:315,161.41257,161.41257,161.41257,161.47378800000052,0.061218000000536676,182.20305453566885,20.790484535668867,fdd:1,play 196.00
5:931,161.41257,161.41257,161.41257,161.49378800000054,0.08121800000054691,182.24164443866886,20.82907443866887,fdd:3,play 329.63
1:552,161.41257,161.47506981666666,161.47506981666666,161.51378800000055,0.10121800000055714,182.28023434166886,20.86766434166887,fdd:3,play 130.81
5:930,161.41257,161.47507,161.47507,161.53378900000055,0.12121900000056485,182.31882424466886,20.906254244668872,fdd:1,play 164.81
1:554,161.41257,161.47507,161.47507,161.55378900000056,0.14121900000057508,182.35741414766886,20.944844147668874,fdd:4,play 261.63
5:932,161.49409149999997,161.49409149999997,161.49409149999997,161.59379000000058,0.09969850000061342,182.43459395366887,20.9405024536689,fdd:2,play 164.81
5:933,161.49409149999997,161.55659131666664,161.55659131666664,161.6137900000006,0.11969850000062365,182.47318385666887,20.9790923566689,fdd:2,play 329.63
5:934,161.57561299999998,161.57561299999998,161.57561299999998,161.6537910000006,0.07817800000063357,182.55036366266887,20.974750662668896,fdd:1,play 164.81
5:935,161.57561299999998,161.63811281666665,161.63811281666665,161.67379100000062,0.0981780000006438,182.58895356566887,21.013340565668898,fdd:1,play 329.63
5:936,161.65713449999998,161.65713449999998,161.65713449999998,161.73379200000065,0.07665750000066396,182.70472327466888,21.047588774668895,fdd:2,play 164.81
5:937,161.65713449999998,161.65713449999998,161.65713449999998,161.75379200000066,0.09665750000067419,182.74331317766888,21.086178677668897,fdd:3,play 329.63
5:938,161.738656,161.801156,161.801156,161.8537940000007,0.11513800000071228,182.9362626926689,21.1976066926689,fdd:1,play 196.00
1:557,161.738656,161.801156,161.801156,161.87379400000071,0.1351380000007225,182.9748525956689,21.2361965956689,fdd:4,play 261.63
5:940,161.82017749999997,161.82017749999997,161.82017749999997,161.91379500000073,0.09361750000076086,183.0520324016689,21.231854901668925,fdd:2,play 196.00
5:941,161.82017749999997,161.88267731666664,161.88267731666664,161.93379500000074,0.11361750000077109,183.0906223046689,21.270444804668927,fdd:2,play 196.00
5:942,161.90169899999998,161.90169899999998,161.90169899999998,161.99379600000077,0.09209700000079124,183.2063920136689,21.304693013668924,fdd:1,play 196.00
5:944,161.9832205,161.9832205,161.9832205,162.0537970000008,0.07057650000081139,183.3221617226689,21.33894122266892,fdd:1,play 196.00
5:945,161.9832205,161.9832205,161.9832205,162.0737980000008,0.0905775000008191,183.3607516256689,21.377531125668924,fdd:2,play 196.00
1:558,162.064742,162.12724181666664,162.12724181666664,162.17379900000086,0.10905700000085972,183.55370114066892,21.488959140668925,fdd:2,play 130.81
5:946,162.064742,162.127242,162.127242,162.19380000000086,0.12905800000086742,183.59229104366892,21.527549043668927,fdd:1,play 196.00
1:560,162.064742,162.127242,162.127242,162.21380000000087,0.14905800000087766,183.63088094666892,21.56613894666893,fdd:3,play 261.63
5:948,162.14626349999998,162.14626349999998,162.14626349999998,162.23380000000088,0.08753650000090829,183.66947084966893,21.52320734966895,fdd:4,play 196.00
5:949,162.14626349999998,162.20876331666665,162.20876331666665,162.2538010000009,0.107537500000916,183.70806075266893,21.561797252668953,fdd:4,play 196.00
5:950,162.22778499999998,162.22778499999998,162.22778499999998,162.31380200000092,0.08601700000093615,183.82383046166893,21.59604546166895,fdd:1,play 196.00
5:952,162.3093065,162.3093065,162.3093065,162.37380300000095,0.0644965000009563,183.93960017066894,21.630293670668948,fdd:1,play 196.00
5:953,162.3093065,162.3093065,162.3093065,162.39380300000096,0.08449650000096653,183.97819007366894,21.66888357366895,fdd:4,play 196.00
1:561,162.39082799999997,162.45332781666664,162.45332781666664,162.513805000001,0.12297700000104328,184.20972949166895,21.81890149166898,fdd:1,play 130.81
1:562,162.39082799999997,162.45332781666664,162.45332781666664,162.53380500000102,0.1429770000010535,184.24831939466895,21.857491394668983,fdd:4,play 196.00
5:957,162.47234949999998,162.53484931666665,162.53484931666665,162.57380600000104,0.10145650000106343,184.32549920066896,21.85314970066898,fdd:2,play 196.00
5:958,162.553871,162.553871,162.553871,162.61380700000106,0.05993600000107335,184.40267900666896,21.848808006668975,fdd:1,play 196.00
5:959,162.553871,162.553871,162.553871,162.63380700000107,0.07993600000108358,184.44126890966896,21.887397909668977,fdd:3,play 196.00
5:960,162.6353925,162.6353925,162.6353925,162.6938080000011,0.05841550000110374,184.55703861866897,21.921646118668974,fdd:1,play 196.00
5:961,162.6353925,162.6353925,162.6353925,162.7138080000011,0.07841550000111397,184.59562852166897,21.960236021668976,fdd:2,play 196.00
1:565,162.71691399999997,162.77941381666665,162.77941381666665,162.83381000000117,0.11689600000119071,184.82716793966898,22.110253939669008,fdd:3,play 196.00
5:962,162.71691399999997,162.77941399999997,162.77941399999997,162.85381100000117,0.13689700000119842,184.86575784266898,22.14884384266901,fdd:1,play 196.00
1:566,162.71691399999997,162.77941399999997,162.77941399999997,162.87381100000118,0.15689700000120865,184.90434774566899,22.18743374566901,fdd:2,play 261.63
5:964,162.79843549999998,162.79843549999998,162.79843549999998,162.8938110000012,0.09537550000121087,184.942937648669,22.144502148669005,fdd:4,play 196.00
5:965,162.79843549999998,162.86093531666666,162.86093531666666,162.9138120000012,0.11537650000121857,184.981527551669,22.183092051669007,fdd:4,play 196.00
5:966,162.879957,162.879957,162.879957,162.97381300000123,0.09385600000123873,185.097297260669,22.217340260669005,fdd:1,play 196.00
5:968,162.96147849999997,162.96147849999997,162.96147849999997,163.03381400000126,0.0723355000012873,185.213066969669,22.25158846966903,fdd:1,play 196.00
5:969,162.96147849999997,162.96147849999997,162.96147849999997,163.05381400000127,0.09233550000129753,185.251656872669,22.290178372669033,fdd:2,play 196.00
3:319,163.04299999999998,163.04299999999998,163.04299999999998,163.1338150000013,0.09081500000132792,185.406016484669,22.363016484669032,fdd:1,play 130.81
1:567,163.04299999999998,163.10549981666665,163.10549981666665,163.17381600000132,0.13081600000134586,185.483196290669,22.440196290669036,fdd:2,play 130.81
5:970,163.04299999999998,163.10549999999998,163.10549999999998,163.19381600000133,0.1508160000013561,185.52178619366902,22.478786193669038,fdd:1,play 196.00
5:972,163.1245215,163.1245215,163.1245215,163.21381700000134,0.08929550000135578,185.56037609666902,22.43585459666903,fdd:4,play 196.00
5:973,163.1245215,163.18702131666666,163.18702131666666,163.23381700000135,0.10929550000136601,185.59896599966902,22.474444499669033,fdd:4,play 196.00
3:320,163.206043,163.206043,163.206043,163.29381800000138,0.08777500000138616,185.71473570866902,22.50869270866903,fdd:1,play 146.83
5:974,163.206043,163.268543,163.268543,163.3138180000014,0.10777500000139639,185.75332561166903,22.547282611669033,fdd:1,play 196.00
5:976,163.28756449999997,163.28756449999997,163.28756449999997,163.3538190000014,0.06625450000143474,185.83050541766903,22.542940917669057,fdd:2,play 196.00
5:977,163.28756449999997,163.35006431666665,163.35006431666665,163.39382000000143,0.10625550000145267,185.90768522366903,22.62012072366906,fdd:2,play 196.00
3:321,163.36908599999998,163.36908599999998,163.36908599999998,163.45382100000145,0.08473500000147283,186.02345493266904,22.65436893266906,fdd:1,play 130.81
1:572,163.36908599999998,163.43158581666665,163.43158581666665,163.47382100000146,0.10473500000148306,186.06204483566904,22.69295883566906,fdd:4,play 261.63
5:978,163.36908599999998,163.43158599999998,163.43158599999998,163.49382100000147,0.12473500000149329,186.10063473866904,22.731548738669062,fdd:1,play 196.00
1:571,163.36908599999998,163.43158599999998,163.43158599999998,163.51382200000148,0.144736000001501,186.13922464166905,22.770138641669064,fdd:3,play 196.00
5:981,163.4506075,163.51310731666663,163.51310731666663,163.5538220000015,0.10321450000151344,186.21640444766905,22.76579694766906,fdd:2,play 196.00
5:982,163.53212899999997,163.53212899999997,163.53212899999997,163.61382300000153,0.08169400000156202,186.33217415666905,22.800045156669086,fdd:1,play 196.00
5:984,163.61365049999998,163.61365049999998,163.61365049999998,163.67382400000156,0.06017350000158217,186.44794386566906,22.834293365669083,fdd:1,play 196.00
5:985,163.61365049999998,163.61365049999998,163.61365049999998,163.69382500000157,0.08017450000158988,186.48653376866906,22.872883268669085,fdd:2,play 196.00
1:573,163.69517199999999,163.75767181666666,163.75767181666666,163.81382700000162,0.1186550000016382,186.71807318666907,23.02290118666909,fdd:1,play 130.81
1:574,163.69517199999999,163.75767181666666,163.75767181666666,163.83382700000163,0.13865500000164843,186.75666308966908,23.06149108966909,fdd:2,play 196.00
5:988,163.7766935,163.7766935,163.7766935,163.87382800000165,0.09713450000165835,186.83384289566908,23.057149395669086,fdd:3,play 196.00
5:990,163.85821499999997,163.85821499999997,163.85821499999997,163.93382900000168,0.07561400000170693,186.94961260466908,23.091397604669112,fdd:1,play 196.00
5:991,163.85821499999997,163.85821499999997,163.85821499999997,163.9538290000017,0.09561400000171716,186.9882025076691,23.129987507669114,fdd:2,play 196.00
5:992,163.93973649999998,163.93973649999998,163.93973649999998,164.01383000000172,0.07409350000173731,187.1039722166691,23.16423571666911,fdd:1,play 196.00
5:993,163.93973649999998,163.93973649999998,163.93973649999998,164.03383000000173,0.09409350000174754,187.1425621196691,23.202825619669113,fdd:4,play 196.00
1:576,164.021258,164.08375781666666,164.08375781666666,164.13383200000177,0.11257400000178563,187.3355116346691,23.314253634669114,fdd:1,play 130.81
1:577,164.021258,164.083758,164.083758,164.15383200000178,0.13257400000179587,187.3741015376691,23.352843537669116,fdd:2,play 196.00
5:996,164.10277949999997,164.10277949999997,164.10277949999997,164.1938330000018,0.09105350000183421,187.4512813436691,23.34850184366914,fdd:3,play 196.00
5:997,164.10277949999997,164.16527931666664,164.16527931666664,164.2138330000018,0.11105350000184444,187.4898712466691,23.387091746669142,fdd:3,play 196.00
5:998,164.18430099999998,164.18430099999998,164.18430099999998,164.27383400000184,0.0895330000018646,187.60564095566912,23.42133995566914,fdd:1,play 196.00
5:1000,164.26582249999998,164.26582249999998,164.26582249999998,164.35383600000188,0.08801350000189245,187.76000056766912,23.49417806766914,fdd:1,play 196.00
1:580,164.347344,164.40984381666664,164.40984381666664,164.45383700000193,0.10649300000193307,187.95295008266913,23.60560608266914,fdd:2,play 196.00
5:1002,164.347344,164.409844,164.409844,164.47383800000193,0.12649400000194078,187.99153998566914,23.644195985669143,fdd:1,play 155.56
1:581,164.347344,164.409844,164.409844,164.49383800000194,0.146494000001951,188.03012988866914,23.682785888669144,fdd:3,play 261.63
5:1004,164.42886549999997,164.42886549999997,164.42886549999997,164.51383800000195,0.08497250000198164,188.06871979166914,23.639854291669167,fdd:4,play 155.56
5:1005,164.42886549999997,164.49136531666664,164.49136531666664,164.53383900000196,0.10497350000198935,188.10730969466914,23.67844419466917,fdd:4,play 311.13
5:1006,164.51038699999998,164.51038699999998,164.51038699999998,164.593840000002,0.0834530000020095,188.22307940366915,23.712692403669166,fdd:1,play 155.56
5:1008,164.5919085,164.5919085,164.5919085,164.633840000002,0.04193150000202195,188.30025920966915,23.708350709669162,fdd:1,play 155.56
5:1009,164.5919085,164.65440831666666,164.65440831666666,164.67384100000203,0.08193250000203989,188.37743901566915,23.785530515669166,fdd:1,play 311.13
5:1010,164.67342999999997,164.67342999999997,164.67342999999997,164.73384200000206,0.06041200000208846,188.49320872466916,23.81977872466919,fdd:2,play 155.56
1:582,164.67342999999997,164.67342999999997,164.67342999999997,164.75384200000207,0.0804120000020987,188.53179862766916,23.858368627669194,fdd:3,play 130.81
3:324,164.67342999999997,164.71690813333333,164.71690813333333,164.77384300000207,0.1004130000021064,188.57038853066916,23.896958530669195,fdd:1,play 130.81
5:1011,164.67342999999997,164.73592981666664,164.73592981666664,164.79384300000208,0.12041300000211663,188.60897843366917,23.935548433669197,fdd:2,play 311.13
1:583,164.67342999999997,164.73592999999997,164.73592999999997,164.8138430000021,0.14041300000212686,188.64756833666917,23.9741383366692,fdd:3,play 196.00
5:1012,164.75495149999998,164.75495149999998,164.75495149999998,164.8538440000021,0.09889250000213679,188.72474814266917,23.969796642669195,fdd:4,play 155.56
5:1013,164.75495149999998,164.81745131666665,164.81745131666665,164.87384400000212,0.11889250000214702,188.76333804566917,24.008386545669197,fdd:4,play 311.13
5:1014,164.83647299999998,164.83647299999998,164.83647299999998,164.91384500000214,0.07737200000215694,188.84051785166918,24.004044851669192,fdd:1,play 155.56
5:1015,164.83647299999998,164.89897281666666,164.89897281666666,164.93384500000215,0.09737200000216717,188.87910775466918,24.042634754669194,fdd:1,play 311.13
5:1016,164.9179945,164.9179945,164.9179945,164.97384600000217,0.05585150000217709,188.95628756066918,24.03829306066919,fdd:3,play 155.56
5:1017,164.9179945,164.98049431666664,164.98049431666664,165.0338470000022,0.11585250000220526,189.0720572696692,24.154062769669196,fdd:3,play 311.13
3:325,164.99951599999997,164.99951599999997,164.99951599999997,165.09384800000223,0.09433200000225384,189.1878269786692,24.18831097866922,fdd:1,play 130.81
1:585,164.99951599999997,165.06201581666664,165.06201581666664,165.11384800000224,0.11433200000226407,189.2264168816692,24.226900881669224,fdd:4,play 130.81
5:1018,164.99951599999997,165.06201599999997,165.06201599999997,165.13384900000224,0.13433300000227177,189.2650067846692,24.265490784669225,fdd:1,play 155.56
1:587,164.99951599999997,165.06201599999997,165.06201599999997,165.15384900000225,0.154333000002282,189.3035966876692,24.304080687669227,fdd:2,play 261.63
5:1021,165.08103749999998,165.14353731666665,165.14353731666665,165.19385000000227,0.11281250000229193,189.3807764936692,24.299738993669223,fdd:3,play 311.13
5:1022,165.162559,165.162559,165.162559,165.2338500000023,0.07129100000230437,189.4579562996692,24.29539729966922,fdd:1,play 155.56
5:1023,165.162559,165.22505881666666,165.22505881666666,165.2538510000023,0.09129200000231208,189.4965462026692,24.33398720266922,fdd:1,play 311.13
5:1024,165.24408049999997,165.24408049999997,165.24408049999997,165.29385100000232,0.049770500002352946,189.5737260086692,24.329645508669245,fdd:2,play 155.56
5:1025,165.24408049999997,165.30658031666664,165.30658031666664,165.33385200000234,0.08977150000237089,189.65090581466922,24.40682531466925,fdd:2,play 311.13
3:326,165.32560199999998,165.32560199999998,165.32560199999998,165.39385300000237,0.06825100000239104,189.76667552366922,24.441073523669246,fdd:1,play 130.81
5:1027,165.32560199999998,165.32560199999998,165.32560199999998,165.41385300000238,0.08825100000240127,189.80526542666922,24.479663426669248,fdd:3,play 311.13
1:588,165.32560199999998,165.38810181666665,165.38810181666665,165.43385400000238,0.10825200000240898,189.84385532966922,24.51825332966925,fdd:3,play 130.81
5:1026,165.32560199999998,165.38810199999998,165.38810199999998,165.4538540000024,0.1282520000024192,189.88244523266923,24.55684323266925,fdd:1,play 155.56
1:590,165.32560199999998,165.38810199999998,165.38810199999998,165.4738540000024,0.14825200000242944,189.92103513566923,24.595433135669253,fdd:4,play 261.63
5:1029,165.40712349999998,165.46962331666666,165.46962331666666,165.51385500000242,0.10673150000243936,189.99821494166923,24.59109144166925,fdd:2,play 311.13
5:1030,165.488645,165.488645,165.488645,165.57385600000245,0.08521100000245951,190.11398465066924,24.625339650669247,fdd:1,play 155.56
5:1032,165.57016649999997,165.57016649999997,165.57016649999997,165.63385700000248,0.06369050000250809,190.22975435966924,24.659587859669273,fdd:1,play 155.56
5:1033,165.57016649999997,165.57016649999997,165.57016649999997,165.6538570000025,0.08369050000251832,190.26834426266925,24.698177762669275,fdd:2,play 311.13
1:592,165.65168799999998,165.71418781666665,165.71418781666665,165.75385900000254,0.10217100000255641,190.46129377766925,24.809605777669276,fdd:4,play 196.00
5:1034,165.65168799999998,165.71418799999998,165.71418799999998,165.77385900000255,0.12217100000256664,190.49988368066926,24.848195680669278,fdd:1,play 155.56
1:593,165.65168799999998,165.71418799999998,165.71418799999998,165.79386000000255,0.14217200000257435,190.53847358366926,24.88678558366928,fdd:2,play 261.63
5:1036,165.7332095,165.7332095,165.7332095,165.81386000000256,0.08065050000257656,190.57706348666926,24.843853986669274,fdd:3,play 155.56
5:1037,165.7332095,165.79570931666666,165.79570931666666,165.83386000000257,0.1006505000025868,190.61565338966926,24.882443889669275,fdd:3,play 311.13
5:1038,165.814731,165.814731,165.814731,165.8738610000026,0.059130000002596717,190.69283319566927,24.87810219566927,fdd:1,play 155.56
5:1039,165.814731,165.87723081666664,165.87723081666664,165.8938610000026,0.07913000000260695,190.73142309866927,24.916692098669273,fdd:1,play 311.13
5:1040,165.89625249999997,165.89625249999997,165.89625249999997,165.93386200000262,0.03760950000264529,190.80860290466927,24.912350404669297,fdd:2,play 155.56
5:1041,165.89625249999997,165.95875231666665,165.95875231666665,165.97386300000264,0.07761050000266323,190.88578271066928,24.9895302106693,fdd:2,play 311.13
3:328,165.97777399999998,165.97777399999998,165.97777399999998,166.03386400000267,0.05609000000268338,191.00155241966928,25.0237784196693,fdd:1,play 130.81
5:1043,165.97777399999998,165.97777399999998,165.97777399999998,166.05386400000268,0.07609000000269361,191.04014232266928,25.0623683226693,fdd:3,play 311.13
1:595,165.97777399999998,165.97777399999998,165.97777399999998,166.0738640000027,0.09609000000270385,191.07873222566928,25.100958225669302,fdd:4,play 196.00
1:594,165.97777399999998,166.04027381666666,166.04027381666666,166.0938650000027,0.11609100000271155,191.1173221286693,25.139548128669304,fdd:3,play 130.81
5:1042,165.97777399999998,166.04027399999998,166.04027399999998,166.1138650000027,0.13609100000272178,191.1559120316693,25.178138031669306,fdd:1,play 155.56
1:596,165.97777399999998,166.04027399999998,166.04027399999998,166.13386500000271,0.15609100000273202,191.1945019346693,25.216727934669308,fdd:4,play 261.63
5:1045,166.0592955,166.12179531666663,166.12179531666663,166.17386600000273,0.11457050000274194,191.2716817406693,25.212386240669304,fdd:2,play 311.13
5:1046,166.14081699999997,166.14081699999997,166.14081699999997,166.21386700000275,0.07305000000278028,191.3488615466693,25.208044546669328,fdd:1,play 155.56
5:1047,166.14081699999997,166.20331681666664,166.20331681666664,166.23386700000276,0.09305000000279051,191.3874514496693,25.24663444966933,fdd:1,play 311.13
5:1048,166.22233849999998,166.22233849999998,166.22233849999998,166.27386800000278,0.05152950000280043,191.4646312556693,25.242292755669325,fdd:2,play 155.56
5:1049,166.22233849999998,166.28483831666665,166.28483831666665,166.35386900000282,0.13153050000283883,191.6189908676693,25.396652367669333,fdd:2,play 311.13
3:329,166.30386,166.30386,166.30386,166.39387000000283,0.09001000000284876,191.69617067366931,25.39231067366933,fdd:1,play 130.81
1:598,166.30386,166.36635981666666,166.36635981666666,166.41387000000285,0.11001000000285899,191.73476057666932,25.43090057666933,fdd:4,play 196.00
5:1050,166.30386,166.36636,166.36636,166.43387000000286,0.13001000000286922,191.77335047966932,25.469490479669332,fdd:1,play 155.56
1:599,166.30386,166.36636,166.36636,166.45387100000286,0.15001100000287693,191.81194038266932,25.508080382669334,fdd:3,play 261.63
5:1053,166.3853815,166.44788131666664,166.44788131666664,166.49387100000288,0.10848950000288937,191.88912018866932,25.50373868866933,fdd:2,play 311.13
5:1054,166.46690299999997,166.46690299999997,166.46690299999997,166.5338720000029,0.06696900000292771,191.96629999466933,25.499396994669354,fdd:1,play 155.56
5:1055,166.46690299999997,166.52940281666665,166.52940281666665,166.5538720000029,0.08696900000293795,192.00488989766933,25.537986897669356,fdd:1,play 311.13
5:1056,166.54842449999998,166.54842449999998,166.54842449999998,166.59387300000293,0.04544850000294787,192.08206970366933,25.53364520366935,fdd:2,play 155.56
5:1057,166.54842449999998,166.61092431666665,166.61092431666665,166.65387400000296,0.10544950000297604,192.19783941266934,25.649414912669357,fdd:2,play 311.13
3:330,166.629946,166.629946,166.629946,166.69387500000298,0.06392900000298596,192.27501921866934,25.645073218669353,fdd:1,play 130.81
5:1059,166.629946,166.629946,166.629946,166.713875000003,0.08392900000299619,192.31360912166934,25.683663121669355,fdd:3,play 311.13
1:600,166.629946,166.69244581666663,166.69244581666663,166.733875000003,0.10392900000300642,192.35219902466935,25.722253024669357,fdd:3,play 130.81
5:1058,166.629946,166.692446,166.692446,166.753876000003,0.12393000000301413,192.39078892766935,25.76084292766936,fdd:1,play 155.56
1:602,166.629946,166.692446,166.692446,166.773876000003,0.14393000000302436,192.42937883066935,25.79943283066936,fdd:4,play 261.63
5:1061,166.71146749999997,166.77396731666664,166.77396731666664,166.81387700000303,0.1024095000030627,192.50655863666935,25.795091136669384,fdd:2,play 311.13
5:1062,166.79298899999998,166.79298899999998,166.79298899999998,166.85387700000305,0.06088800000307515,192.58373844266936,25.79074944266938,fdd:1,play 155.56
5:1063,166.79298899999998,166.85548881666665,166.85548881666665,166.87387800000306,0.08088900000308286,192.62232834566936,25.829339345669382,fdd:1,play 311.13
5:1064,166.87451049999999,166.87451049999999,166.87451049999999,166.91387800000308,0.0393675000030953,192.69950815166936,25.824997651669378,fdd:2,play 155.56
5:1065,166.87451049999999,166.93701031666666,166.93701031666666,166.9738790000031,0.09936850000312347,192.81527786066937,25.940767360669383,fdd:2,play 311.13
4:179,166.956032,166.956032,166.956032,167.03388000000314,0.07784800000314362,192.89245766666937,25.93642566666938,drum:1,drum_on 392.00
3:331,166.956032,166.956032,166.956032,167.05388100000314,0.09784900000315133,192.96963747266938,26.013605472669383,fdd:1,play 130.81
1:605,166.956032,167.01853181666664,167.01853181666664,167.07388100000315,0.11784900000316156,193.00822737566938,26.052195375669385,fdd:3,play 261.63
5:1066,166.956032,167.018532,167.018532,167.09388100000317,0.1378490000031718,193.04681727866938,26.090785278669387,fdd:1,play 261.63
1:604,166.956032,167.018532,167.018532,167.11388200000317,0.1578500000031795,193.08540718166938,26.12937518166939,fdd:4,play 196.00
5:1069,167.03755349999997,167.10005331666665,167.10005331666665,167.1538820000032,0.11632850000322037,193.16258698766939,26.125033487669413,fdd:2,play 261.63
5:1070,167.11907499999998,167.11907499999998,167.11907499999998,167.1938830000032,0.07480800000323029,193.2397667936694,26.12069179366941,fdd:3,play 261.63
5:1071,167.11907499999998,167.18157481666665,167.18157481666665,167.21388300000322,0.09480800000324052,193.2783566966694,26.15928169666941,fdd:3,play 261.63
5:1072,167.2005965,167.2005965,167.2005965,167.25388400000324,0.05328750000325044,193.3555365026694,26.154940002669406,fdd:2,play 261.63
5:1073,167.2005965,167.26309631666663,167.26309631666663,167.31388500000327,0.11328850000327861,193.4713062116694,26.27070971166941,fdd:2,play 261.63
5:1075,167.28211799999997,167.28211799999997,167.28211799999997,167.35388600000329,0.07176800000331696,193.5484860176694,26.266368017669436,fdd:1,play 261.63
1:607,167.28211799999997,167.28211799999997,167.28211799999997,167.3738860000033,0.09176800000332719,193.5870759206694,26.304957920669437,fdd:3,play 196.00
1:606,167.28211799999997,167.34461781666664,167.34461781666664,167.3938860000033,0.11176800000333742,193.6256658236694,26.34354782366944,fdd:1,play 130.81
1:608,167.28211799999997,167.34461799999997,167.34461799999997,167.4138870000033,0.13176900000334513,193.6642557266694,26.38213772666944,fdd:3,play 261.63
5:1076,167.36363949999998,167.36363949999998,167.36363949999998,167.45388700000333,0.09024750000335757,193.7414355326694,26.377796032669437,fdd:2,play 261.63
5:1077,167.36363949999998,167.42613931666665,167.42613931666665,167.47388800000334,0.11024850000336528,193.78002543566942,26.41638593566944,fdd:2,play 261.63
5:1078,167.44516099999998,167.44516099999998,167.44516099999998,167.51388800000336,0.06872700000337773,193.85720524166942,26.412044241669435,fdd:1,play 261.63
5:1079,167.44516099999998,167.50766081666666,167.50766081666666,167.55388900000338,0.10872800000339566,193.93438504766942,26.48922404766944,fdd:1,play 261.63
5:1080,167.5266825,167.5266825,167.5266825,167.5938900000034,0.06720750000340558,194.01156485366943,26.484882353669434,fdd:2,play 261.63
5:1081,167.5266825,167.58918231666664,167.58918231666664,167.65389100000343,0.12720850000343376,194.12733456266943,26.60065206266944,fdd:2,play 261.63
3:332,167.60820399999997,167.60820399999997,167.60820399999997,167.69389100000345,0.08568700000347462,194.20451436866944,26.596310368669464,fdd:1,play 146.83
5:1083,167.60820399999997,167.67070381666665,167.67070381666665,167.71389200000345,0.10568800000348233,194.24310427166944,26.634900271669466,fdd:3,play 261.63
1:609,167.60820399999997,167.67070399999997,167.67070399999997,167.73389200000346,0.12568800000349256,194.28169417466944,26.673490174669467,fdd:1,play 130.81
1:611,167.60820399999997,167.67070399999997,167.67070399999997,167.75389200000348,0.1456880000035028,194.32028407766944,26.71208007766947,fdd:4,play 261.63
5:1085,167.68972549999998,167.75222531666665,167.75222531666665,167.7938930000035,0.10416750000351271,194.39746388366945,26.707738383669465,fdd:2,play 261.63
5:1086,167.771247,167.771247,167.771247,167.8338940000035,0.06264700000352263,194.47464368966945,26.70339668966946,fdd:4,play 261.63
5:1087,167.771247,167.83374681666666,167.83374681666666,167.85389400000352,0.08264700000353287,194.51323359266945,26.741986592669463,fdd:4,play 261.63
5:1088,167.85276849999997,167.85276849999997,167.85276849999997,167.89389500000354,0.04112650000357121,194.59041339866945,26.737644898669487,fdd:2,play 261.63
5:1089,167.85276849999997,167.91526831666664,167.91526831666664,167.95389600000357,0.10112750000359938,194.70618310766946,26.853414607669492,fdd:2,play 261.63
5:1090,167.93428999999998,167.93428999999998,167.93428999999998,167.9938960000036,0.059606000003611825,194.78336291366946,26.849072913669488,fdd:1,play 261.63
1:612,167.93428999999998,167.93428999999998,167.93428999999998,168.0138970000036,0.07960700000361953,194.82195281666947,26.88766281666949,fdd:3,play 130.81
1:614,167.93428999999998,167.93428999999998,167.93428999999998,168.0338970000036,0.09960700000362976,194.86054271966947,26.926252719669492,fdd:4,play 261.63
5:1091,167.93428999999998,167.99678981666665,167.99678981666665,168.05389700000362,0.11960700000364,194.89913262266947,26.964842622669494,fdd:1,play 261.63
1:613,167.93428999999998,167.99678999999998,167.99678999999998,168.07389800000362,0.1396080000036477,194.93772252566947,27.003432525669496,fdd:3,play 196.00
5:1092,168.01581149999998,168.01581149999998,168.01581149999998,168.11389800000364,0.09808650000366015,195.01490233166948,26.99909083166949,fdd:4,play 261.63
5:1093,168.01581149999998,168.07831131666666,168.07831131666666,168.13389900000365,0.11808750000366786,195.05349223466948,27.037680734669493,fdd:4,play 261.63
5:1094,168.097333,168.097333,168.097333,168.17389900000367,0.0765660000036803,195.13067204066948,27.03333904066949,fdd:1,play 261.63
5:1095,168.097333,168.15983281666664,168.15983281666664,168.2139000000037,0.11656700000369824,195.20785184666948,27.110518846669493,fdd:1,play 261.63
5:1096,168.17885449999997,168.17885449999997,168.17885449999997,168.2539010000037,0.07504650000373658,195.2850316526695,27.106177152669517,fdd:3,play 261.63
5:1097,168.17885449999997,168.24135431666664,168.24135431666664,168.27390100000372,0.09504650000374681,195.3236215556695,27.14476705566952,fdd:3,play 261.63
4:180,168.26037599999998,168.26037599999998,168.26037599999998,168.35390200000376,0.0935260000037772,195.4393912646695,27.179015264669516,drum:1,drum_on 440.00
1:615,168.26037599999998,168.32287581666665,168.32287581666665,168.37390300000376,0.1135270000037849,195.5165710706695,27.25619507066952,fdd:2,play 130.81
5:1098,168.26037599999998,168.32287599999998,168.32287599999998,168.39390300000377,0.13352700000379514,195.5551609736695,27.294784973669522,fdd:1,play 261.63
1:617,168.26037599999998,168.32287599999998,168.32287599999998,168.41390300000378,0.15352700000380537,195.5937508766695,27.333374876669524,fdd:4,play 261.63
5:1101,168.3418975,168.40439731666666,168.40439731666666,168.4539040000038,0.11200650000381529,195.6709306826695,27.32903318266952,fdd:3,play 261.63
5:1102,168.42341899999997,168.42341899999997,168.42341899999997,168.49390500000382,0.07048600000385363,195.7481104886695,27.324691488669544,fdd:1,play 261.63
5:1103,168.42341899999997,168.48591881666664,168.48591881666664,168.51390500000383,0.09048600000386386,195.7867003916695,27.363281391669545,fdd:1,play 261.63
5:1104,168.50494049999998,168.50494049999998,168.50494049999998,168.55390600000385,0.048965500003873785,195.86388019766952,27.35893969766954,fdd:2,play 261.63
5:1105,168.50494049999998,168.56744031666665,168.56744031666665,168.59390600000387,0.08896550000389425,195.94106000366952,27.436119503669545,fdd:2,play 261.63
5:1106,168.58646199999998,168.58646199999998,168.58646199999998,168.6539070000039,0.0674450000039144,196.05682971266953,27.470367712669542,fdd:1,play 261.63
5:1107,168.58646199999998,168.58646199999998,168.58646199999998,168.6739080000039,0.08744600000392211,196.09541961566953,27.508957615669544,fdd:3,play 261.63
1:618,168.58646199999998,168.64896181666666,168.64896181666666,168.69390800000392,0.10744600000393234,196.13400951866953,27.547547518669546,fdd:1,play 130.81
1:619,168.58646199999998,168.64896181666666,168.64896181666666,168.71390800000393,0.12744600000394257,196.17259942166953,27.586137421669548,fdd:3,play 196.00
5:1110,168.74950499999997,168.74950499999997,168.74950499999997,168.79391000000396,0.044405000003990835,196.32695903366954,27.577454033669568,fdd:1,play 261.63
5:1111,168.74950499999997,168.81200481666664,168.81200481666664,168.81391000000397,0.06440500000400107,196.36554893666954,27.61604393666957,fdd:1,play 261.63
5:1113,168.83102649999998,168.83102649999998,168.83102649999998,168.873911000004,0.04288450000402122,196.48131864566955,27.650292145669567,fdd:2,play 261.63
5:1112,168.83102649999998,168.83102649999998,168.83102649999998,168.893911000004,0.06288450000403145,196.51990854866955,27.68888204866957,fdd:3,play 261.63
3:334,168.912548,168.912548,168.912548,168.99391300000406,0.08136500000406954,196.71285806366956,27.80031006366957,fdd:1,play 174.61
1:621,168.912548,168.97504781666666,168.97504781666666,169.01391300000407,0.10136500000407977,196.75144796666956,27.838899966669572,fdd:2,play 130.81
5:1114,168.912548,168.975048,168.975048,169.03391400000407,0.12136600000408748,196.79003786966956,27.877489869669574,fdd:1,play 261.63
1:623,168.912548,168.975048,168.975048,169.05391400000408,0.1413660000040977,196.82862777266956,27.916079772669576,fdd:3,play 261.63
5:1116,168.9940695,168.9940695,168.9940695,169.0739140000041,0.07984450000409993,196.86721767566956,27.87314817566957,fdd:4,play 261.63
5:1117,168.9940695,169.05656931666664,169.05656931666664,169.0939150000041,0.09984550000410763,196.90580757866957,27.911738078669572,fdd:4,play 261.63
5:1118,169.07559099999997,169.07559099999997,169.07559099999997,169.15391600000413,0.07832500000415621,197.02157728766957,27.945986287669598,fdd:2,play 261.63
5:1119,169.07559099999997,169.07559099999997,169.07559099999997,169.17391600000414,0.09832500000416644,197.06016719066957,27.9845761906696,fdd:3,play 261.63
5:1120,169.15711249999998,169.15711249999998,169.15711249999998,169.23391700000417,0.0768045000041866,197.17593689966958,28.018824399669597,fdd:3,play 261.63
5:1121,169.15711249999998,169.15711249999998,169.15711249999998,169.25391700000418,0.09680450000419683,197.21452680266958,28.0574143026696,fdd:4,play 261.63
5:1123,169.238634,169.238634,169.238634,169.33391900000422,0.09528500000422468,197.3688864146696,28.1302524146696,fdd:1,play 261.63
1:624,169.238634,169.30113381666663,169.30113381666663,169.35391900000423,0.11528500000423492,197.4074763176696,28.1688423176696,fdd:1,play 130.81
1:626,169.238634,169.301134,169.301134,169.37391900000424,0.13528500000424515,197.4460662206696,28.207432220669602,fdd:2,play 261.63
5:1124,169.32015549999997,169.32015549999997,169.32015549999997,169.41392000000425,0.09376450000428349,197.5232460266696,28.203090526669627,fdd:3,play 261.63
5:1125,169.32015549999997,169.38265531666664,169.38265531666664,169.43392000000426,0.11376450000429372,197.5618359296696,28.24168042966963,fdd:3,play 261.63
5:1126,169.40167699999998,169.40167699999998,169.40167699999998,169.47392100000428,0.07224400000430364,197.6390157356696,28.237338735669624,fdd:1,play 261.63
5:1127,169.40167699999998,169.46417681666665,169.46417681666665,169.5139220000043,0.11224500000432158,197.7161955416696,28.314518541669628,fdd:1,play 261.63
5:1128,169.4831985,169.4831985,169.4831985,169.55392200000432,0.07072350000433403,197.7933753476696,28.310176847669624,fdd:2,play 261.63
5:1129,169.4831985,169.54569831666666,169.54569831666666,169.57392300000433,0.09072450000434173,197.8319652506696,28.348766750669625,fdd:2,play 261.63
3:335,169.56472,169.56472,169.56472,169.63392400000436,0.06920400000436189,197.94773495966962,28.383014959669623,fdd:1,play 196.00
5:1130,169.56472,169.56472,169.56472,169.65392400000437,0.08920400000437212,197.98632486266962,28.421604862669625,fdd:3,play 246.94
1:630,169.56472,169.60819813333333,169.60819813333333,169.67392400000438,0.10920400000438235,198.02491476566962,28.460194765669627,fdd:2,play 246.94
1:627,169.56472,169.62721981666664,169.62721981666664,169.69392500000438,0.12920500000439006,198.06350466866962,28.49878466866963,fdd:3,play 98.00
5:1133,169.64624149999997,169.67069813333333,169.67069813333333,169.7339250000044,0.08768350000443093,198.14068447466963,28.494442974669653,fdd:2,play 246.94
5:1132,169.64624149999997,169.68971981666664,169.68971981666664,169.7539260000044,0.10768450000443863,198.17927437766963,28.533032877669655,fdd:1,play 246.94
5:1134,169.72776299999998,169.72776299999998,169.72776299999998,169.79392600000443,0.06616300000445108,198.25645418366963,28.52869118366965,fdd:4,play 246.94
5:1135,169.72776299999998,169.79026281666665,169.79026281666665,169.81392700000444,0.08616400000445879,198.29504408666963,28.567281086669652,fdd:4,play 246.94
5:1136,169.8092845,169.8092845,169.8092845,169.85392700000446,0.04464250000447123,198.37222389266964,28.562939392669648,fdd:1,play 246.94
5:1137,169.8092845,169.87178431666663,169.87178431666663,169.9139280000045,0.1046435000044994,198.48799360166964,28.678709101669654,fdd:1,play 246.94
5:1138,169.89080599999997,169.89080599999997,169.89080599999997,169.9339290000045,0.04312300000452751,198.52658350466965,28.635777504669676,fdd:2,play 246.94
5:1139,169.89080599999997,169.95330581666664,169.95330581666664,169.9539290000045,0.06312300000453774,198.56517340766965,28.674367407669678,fdd:2,play 246.94
5:1140,169.97232749999998,169.97232749999998,169.97232749999998,169.99393000000453,0.021602500004547665,198.64235321366965,28.670025713669673,fdd:1,play 246.94
5:1141,169.97232749999998,170.03482731666665,170.03482731666665,170.03482731666665,0.062499816666672814,198.71953301966965,28.747205519669677,fdd:1,play 246.94
5:1142,170.05384899999999,170.05384899999999,170.05384899999999,170.07482731666667,0.02097831666668526,198.79671282566966,28.742863825669673,fdd:2,play 246.94
5:1143,170.05384899999999,170.11634881666666,170.11634881666666,170.11634881666666,0.062499816666672814,198.83530272866966,28.781453728669675,fdd:2,play 246.94
5:1144,170.1353705,170.1353705,170.1353705,170.15634881666668,0.02097831666668526,198.91248253466966,28.77711203466967,fdd:1,play 246.94
5:1145,170.1353705,170.19787031666664,170.19787031666664,170.19787031666664,0.06249981666664439,198.95107243766967,28.815701937669672,fdd:1,play 246.94
5:1146,170.21689199999997,170.21689199999997,170.21689199999997,170.23787031666666,0.02097831666668526,199.02825224366967,28.811360243669697,fdd:2,play 246.94
1:633,170.21689199999997,170.21689199999997,170.21689199999997,170.25787131666667,0.040979316666692966,199.06684214666967,28.8499501466697,fdd:3,play 98.00
1:634,170.21689199999997,170.21689199999997,170.21689199999997,170.27787131666668,0.0609793166667032,199.10543204966967,28.8885400496697,fdd:4,play 146.83
1:637,170.21689199999997,170.21689199999997,170.21689199999997,170.2978713166667,0.08097931666671343,199.14402195266968,28.927129952669702,sled:1,play 293.66
3:336,170.21689199999997,170.26037013333328,170.26037013333328,170.3178723166667,0.10098031666672114,199.18261185566968,28.965719855669704,fdd:1,play 196.00
5:1147,170.21689199999997,170.27939181666665,170.27939181666665,170.3378723166667,0.12098031666673137,199.22120175866968,29.004309758669706,fdd:2,play 246.94
1:635,170.21689199999997,170.27939199999997,170.27939199999997,170.37787331666672,0.1609813166667493,199.29838156466968,29.08148956466971,fdd:3,play 196.00
5:1148,170.29841349999998,170.32287013333328,170.32287013333328,170.39787331666673,0.09945981666675152,199.33697146766968,29.038557967669703,fdd:1,play 246.94
5:1151,170.379935,170.379935,170.379935,170.43787431666675,0.05793931666676144,199.4141512736697,29.0342162736697,fdd:2,play 246.94
5:1149,170.29841349999998,170.38536994999995,170.38536994999995,170.45787431666676,0.1594608166667797,199.4527411766697,29.15432767666971,fdd:1,play 246.94
5:1150,170.379935,170.44786976666663,170.44786976666663,170.47787431666677,0.0979393166667819,199.4913310796697,29.111396079669703,fdd:1,play 246.94
5:1152,170.46145649999997,170.46145649999997,170.46145649999997,170.5178753166668,0.05641881666682025,199.5685108856697,29.107054385669727,fdd:2,play 246.94
5:1153,170.46145649999997,170.52395631666664,170.52395631666664,170.57787631666682,0.11641981666684842,199.6842805946697,29.222824094669733,fdd:2,play 246.94
5:1154,170.54297799999998,170.54297799999998,170.54297799999998,170.61787731666683,0.07489931666685834,199.7614604006697,29.21848240066973,fdd:1,play 246.94
5:1155,170.54297799999998,170.60547781666665,170.60547781666665,170.63787731666685,0.09489931666686857,199.8000503036697,29.25707230366973,fdd:1,play 246.94
5:1156,170.62449949999998,170.62449949999998,170.62449949999998,170.65787731666686,0.033377816666870785,199.8386402066697,29.214140706669724,fdd:3,play 246.94
5:1157,170.62449949999998,170.68699931666666,170.68699931666666,170.68699931666666,0.062499816666672814,199.8772301096697,29.252730609669726,fdd:3,play 246.94
3:337,170.706021,170.706021,170.706021,170.72699931666668,0.02097831666668526,199.95440991566971,29.24838891566972,fdd:1,play 196.00
5:1158,170.706021,170.706021,170.706021,170.74700031666669,0.040979316666692966,199.99299981866972,29.286978818669724,fdd:4,play 246.94
5:1159,170.706021,170.76852081666664,170.76852081666664,170.7870003166667,0.08097931666671343,200.07017962466972,29.364158624669727,fdd:4,play 246.94
5:1161,170.78754249999997,170.78754249999997,170.78754249999997,170.84700131666673,0.059458816666762004,200.18594933366973,29.398406833669753,fdd:1,play 246.94
5:1160,170.78754249999997,170.78754249999997,170.78754249999997,170.86700231666674,0.07945981666676971,200.22453923666973,29.436996736669755,fdd:3,play 246.94
3:338,170.86906399999998,170.86906399999998,170.86906399999998,170.94700331666678,0.0779393166668001,200.37889884866973,29.509834848669755,fdd:1,play 196.00
1:639,170.86906399999998,170.86906399999998,170.86906399999998,170.9670033166668,0.09793931666681033,200.41748875166974,29.548424751669756,fdd:2,play 98.00
1:643,170.86906399999998,170.93156381666665,170.93156381666665,170.9870043166668,0.11794031666681803,200.45607865466974,29.58701465466976,fdd:4,play 293.66
5:1162,170.86906399999998,170.93156399999998,170.93156399999998,171.0070043166668,0.13794031666682827,200.49466855766974,29.62560455766976,fdd:1,play 246.94
1:640,170.86906399999998,170.93156399999998,170.93156399999998,171.02700431666682,0.1579403166668385,200.53325846066974,29.664194460669762,fdd:2,play 146.83
5:1164,170.9505855,170.99406381666665,170.99406381666665,171.04700531666683,0.09641981666683819,200.57184836366974,29.621262863669756,fdd:1,play 246.94
5:1165,170.9505855,170.99406399999998,170.99406399999998,171.06700531666684,0.11641981666684842,200.61043826666975,29.659852766669758,fdd:2,play 246.94
5:1166,171.03210699999997,171.03210699999997,171.03210699999997,171.10700631666685,0.07489931666688676,200.68761807266975,29.655511072669782,fdd:3,play 246.94
5:1167,171.03210699999997,171.09460681666664,171.09460681666664,171.12700631666686,0.094899316666897,200.72620797566975,29.694100975669784,fdd:3,play 246.94
5:1168,171.11362849999998,171.11362849999998,171.11362849999998,171.1870073166669,0.07337881666691715,200.84197768466976,29.72834918466978,fdd:1,play 246.94
5:1169,171.11362849999998,171.11362849999998,171.11362849999998,171.2070073166669,0.09337881666692738,200.88056758766976,29.766939087669783,fdd:2,play 246.94
1:645,171.19514999999998,171.25764981666666,171.25764981666666,171.30700931666695,0.11185931666696547,201.07351710266977,29.878367102669785,fdd:2,play 98.00
5:1170,171.19514999999998,171.25764999999998,171.25764999999998,171.32700931666696,0.1318593166669757,201.11210700566977,29.916957005669786,fdd:1,play 246.94
1:649,171.19514999999998,171.25764999999998,171.25764999999998,171.34701031666697,0.1518603166669834,201.15069690866977,29.95554690866979,fdd:3,play 293.66
5:1172,171.2766715,171.32014981666666,171.32014981666666,171.36701031666698,0.09033881666698562,201.18928681166977,29.912615311669782,fdd:1,play 246.94
5:1173,171.2766715,171.32014999999998,171.32014999999998,171.387010316667,0.11033881666699585,201.22787671466978,29.951205214669784,fdd:3,play 246.94
5:1175,171.35819299999997,171.35819299999997,171.35819299999997,171.44701131666702,0.08881831666704443,201.34364642366978,29.98545342366981,fdd:2,play 246.94
5:1176,171.43971449999998,171.43971449999998,171.43971449999998,171.50701231666704,0.06729781666706458,201.4594161326698,30.019701632669808,fdd:1,play 246.94
5:1177,171.43971449999998,171.43971449999998,171.43971449999998,171.52701331666705,0.08729881666707229,201.4980060356698,30.05829153566981,fdd:2,play 246.94
5:1179,171.521236,171.58373581666666,171.58373581666666,171.6270143166671,0.1057783166671129,201.6909555506698,30.16971955066981,fdd:2,play 246.94
1:652,171.521236,171.583736,171.583736,171.6470153166671,0.1257793166671206,201.7295454536698,30.208309453669813,fdd:1,play 146.83
1:654,171.521236,171.583736,171.583736,171.66701531666712,0.14577931666713084,201.7681353566698,30.246899356669815,fdd:3,play 246.94
5:1180,171.60275749999997,171.646236,171.646236,171.68701531666713,0.08425781666716148,201.8067252596698,30.203967759669837,fdd:1,play 246.94
5:1181,171.60275749999997,171.646236,171.646236,171.70701631666714,0.10425881666716919,201.8453151626698,30.24255766266984,fdd:3,play 246.94
5:1182,171.68427899999998,171.68427899999998,171.68427899999998,171.74701631666716,0.06273731666718163,201.9224949686698,30.238215968669834,fdd:4,play 246.94
5:1183,171.68427899999998,171.74677881666665,171.74677881666665,171.76701731666716,0.08273831666718934,201.9610848716698,30.276805871669836,fdd:4,play 246.94
5:1184,171.76580049999998,171.76580049999998,171.76580049999998,171.80701731666719,0.04121681666720178,202.03826467766982,30.272464177669832,fdd:1,play 246.94
5:1185,171.76580049999998,171.82830031666666,171.82830031666666,171.8470183166672,0.08121781666721972,202.11544448366982,30.349643983669836,fdd:1,play 246.94
1:657,171.847322,171.847322,171.847322,171.90701931666723,0.059697316667239875,202.23121419266982,30.383892192669833,fdd:2,play 98.00
5:1186,171.847322,171.847322,171.847322,171.92701931666724,0.0796973166672501,202.26980409566983,30.422482095669835,fdd:3,play 246.94
1:659,171.847322,171.847322,171.847322,171.94702031666725,0.09969831666725781,202.30839399866983,30.461071998669837,fdd:4,play 196.00
3:340,171.847322,171.89080013333333,171.89080013333333,171.96702031666726,0.11969831666726805,202.34698390166983,30.49966190166984,fdd:1,play 196.00
5:1187,171.847322,171.90982181666664,171.90982181666664,171.98702031666727,0.13969831666727828,202.38557380466983,30.53825180466984,fdd:3,play 246.94
5:1188,171.92884349999997,171.972322,171.972322,172.0270213166673,0.09817781666731662,202.46275361066984,30.533910110669865,fdd:2,play 246.94
5:1189,171.92884349999997,171.972322,171.972322,172.0470213166673,0.11817781666732685,202.50134351366984,30.572500013669867,fdd:4,play 246.94
5:1190,172.01036499999998,172.01036499999998,172.01036499999998,172.08702231666732,0.07665731666733677,202.57852331966984,30.568158319669863,fdd:1,play 246.94
5:1191,172.01036499999998,172.07286481666665,172.07286481666665,172.10702231666733,0.096657316667347,202.61711322266984,30.606748222669864,fdd:1,play 246.94
5:1192,172.0918865,172.0918865,172.0918865,172.14702331666734,0.055136816667356925,202.69429302866985,30.60240652866986,fdd:2,play 246.94
5:1193,172.0918865,172.15438631666666,172.15438631666666,172.20702431666737,0.1151378166673851,202.81006273766985,30.718176237669866,fdd:2,play 246.94
4:181,172.17340799999997,172.17340799999997,172.17340799999997,172.2870253166674,0.1136173166674439,202.92583244666986,30.75242444666989,drum:1,drum_on 392.00
1:666,172.17340799999997,172.21688613333333,172.21688613333333,172.30702631666742,0.1336183166674516,203.00301225266986,30.829604252669895,fdd:2,play 261.63
1:665,172.17340799999997,172.23590781666664,172.23590781666664,172.32702631666743,0.15361831666746184,203.04160215566986,30.868194155669897,fdd:4,play 196.00
5:1197,172.25492949999997,172.27938613333333,172.27938613333333,172.36702731666745,0.11209781666747176,203.11878196166987,30.863852461669893,fdd:2,play 246.94
5:1196,172.25492949999997,172.29840781666664,172.29840781666664,172.38702731666746,0.132097816667482,203.15737186466987,30.902442364669895,fdd:1,play 246.94
5:1198,172.33645099999998,172.33645099999998,172.33645099999998,172.42702831666747,0.09057731666749191,203.23455167066987,30.89810067066989,fdd:3,play 246.94
5:1199,172.33645099999998,172.39895081666666,172.39895081666666,172.44702831666748,0.11057731666750215,203.27314157366988,30.936690573669893,fdd:3,play 246.94
5:1200,172.4179725,172.4179725,172.4179725,172.5070293166675,0.0890568166675223,203.38891128266988,30.97093878266989,fdd:2,play 246.94
1:671,172.49949399999997,172.56199381666664,172.56199381666664,172.60703131666756,0.10753731666758881,203.5818607976699,31.08236679766992,fdd:4,play 196.00
5:1202,172.49949399999997,172.56199399999997,172.56199399999997,172.62703131666757,0.12753731666759904,203.6204507006699,31.12095670066992,fdd:1,play 246.94
1:672,172.49949399999997,172.56199399999997,172.56199399999997,172.64703131666758,0.14753731666760928,203.6590406036699,31.159546603669924,fdd:2,play 246.94
5:1204,172.58101549999998,172.62449381666664,172.62449381666664,172.6670323166676,0.08601681666760896,203.6976305066699,31.116615006669917,fdd:1,play 246.94
5:1205,172.58101549999998,172.62449399999997,172.62449399999997,172.6870323166676,0.1060168166676192,203.7362204096699,31.15520490966992,fdd:2,play 246.94
5:1206,172.662537,172.662537,172.662537,172.72703331666762,0.06449631666762912,203.8134002156699,31.150863215669915,fdd:3,play 246.94
5:1207,172.662537,172.72503681666666,172.72503681666666,172.74703331666763,0.08449631666763935,203.8519901186699,31.189453118669917,fdd:3,play 246.94
5:1208,172.7440585,172.7440585,172.7440585,172.78703431666764,0.04297581666764927,203.9291699246699,31.185111424669913,fdd:1,play 246.94
5:1209,172.7440585,172.80655831666664,172.80655831666664,172.82703431666766,0.08297581666766973,204.0063497306699,31.262291230669916,fdd:1,play 246.94
5:1210,172.82557999999997,172.82557999999997,172.82557999999997,172.8870353166677,0.06145531666771831,204.12211943966992,31.296539439669942,fdd:2,play 246.94
1:675,172.82557999999997,172.82557999999997,172.82557999999997,172.9070363166677,0.08145631666772601,204.16070934266992,31.335129342669944,fdd:3,play 98.00
3:343,172.82557999999997,172.86905813333328,172.86905813333328,172.9270363166677,0.10145631666773625,204.19929924566992,31.373719245669946,fdd:1,play 196.00
5:1211,172.82557999999997,172.88807981666665,172.88807981666665,172.94703631666772,0.12145631666774648,204.23788914866992,31.412309148669948,fdd:2,play 246.94
1:676,172.82557999999997,172.88807999999997,172.88807999999997,172.98703731666774,0.16145731666776442,204.31506895466993,31.48948895466995,fdd:3,play 146.83
5:1212,172.90710149999998,172.93155813333328,172.93155813333328,173.00703731666775,0.09993581666776663,204.35365885766993,31.446557357669946,fdd:1,play 246.94
5:1215,172.988623,172.988623,172.988623,173.04703831666777,0.05841531666777655,204.43083866366993,31.44221566366994,fdd:4,play 246.94
5:1213,172.90710149999998,172.99405794999996,172.99405794999996,173.06703831666778,0.1599368166677948,204.46942856666993,31.56232706666995,fdd:1,play 246.94
5:1214,172.988623,173.05655776666663,173.05655776666663,173.08703931666778,0.09841631666779449,204.50801846966993,31.519395469669945,fdd:1,play 246.94
5:1217,173.07014449999997,173.07014449999997,173.07014449999997,173.1470403166678,0.07689581666784306,204.62378817866994,31.55364367866997,fdd:2,play 246.94
5:1216,173.07014449999997,173.07014449999997,173.07014449999997,173.16704031666782,0.0968958166678533,204.66237808166994,31.592233581669973,fdd:4,play 246.94
5:1219,173.15166599999998,173.21416581666665,173.21416581666665,173.26704231666787,0.11537631666789139,204.85532759666995,31.703661596669974,fdd:2,play 246.94
1:681,173.15166599999998,173.21416599999998,173.21416599999998,173.28704231666788,0.13537631666790162,204.89391749966995,31.742251499669976,fdd:1,play 196.00
1:684,173.15166599999998,173.21416599999998,173.21416599999998,173.3070423166679,0.15537631666791185,204.93250740266996,31.780841402669978,fdd:3,play 246.94
5:1221,173.23318749999999,173.27666563333332,173.27666563333332,173.3270433166679,0.09385581666791154,204.97109730566996,31.73790980566997,fdd:2,play 246.94
5:1220,173.23318749999999,173.27666599999998,173.27666599999998,173.3470433166679,0.11385581666792177,205.00968720866996,31.776499708669974,fdd:1,play 246.94
5:1222,173.314709,173.314709,173.314709,173.38704431666793,0.07233531666793169,205.08686701466996,31.77215801466997,fdd:3,play 246.94
5:1223,173.314709,173.37720881666664,173.37720881666664,173.40704431666794,0.09233531666794192,205.12545691766996,31.81074791766997,fdd:3,play 246.94
5:1224,173.39623049999997,173.39623049999997,173.39623049999997,173.44704531666795,0.05081481666798027,205.20263672366997,31.806406223669995,fdd:1,play 246.94
5:1225,173.39623049999997,173.45873031666665,173.45873031666665,173.48704531666797,0.09081481666800073,205.27981652966997,31.88358602967,fdd:1,play 246.94
1:687,173.47775199999998,173.47775199999998,173.47775199999998,173.547046316668,0.06929431666802088,205.39558623866998,31.917834238669997,fdd:2,play 98.00
1:689,173.47775199999998,173.47775199999998,173.47775199999998,173.567047316668,0.08929531666802859,205.43417614166998,31.95642414167,fdd:3,play 196.00
3:345,173.47775199999998,173.52123013333332,173.52123013333332,173.58704731666802,0.10929531666803882,205.47276604466998,31.99501404467,fdd:1,play 196.00
5:1227,173.47775199999998,173.54025181666665,173.54025181666665,173.60704731666803,0.12929531666804905,205.51135594766998,32.03360394767,fdd:4,play 246.94
5:1228,173.5592735,173.60275199999998,173.60275199999998,173.64704831666805,0.08777481666805897,205.58853575367,32.02926225367,fdd:2,play 246.94
5:1229,173.5592735,173.60275199999998,173.60275199999998,173.66704831666806,0.1077748166680692,205.62712565667,32.06785215667,fdd:3,play 246.94
5:1230,173.64079499999997,173.64079499999997,173.64079499999997,173.7270493166681,0.08625431666811778,205.74289536567,32.102100365670026,fdd:1,play 246.94
5:1231,173.64079499999997,173.70329481666664,173.70329481666664,173.7470503166681,0.10625531666812549,205.78148526867,32.14069026867003,fdd:1,play 246.94
5:1232,173.72231649999998,173.72231649999998,173.72231649999998,173.78705031666811,0.06473381666813793,205.85866507467,32.13634857467002,fdd:2,play 246.94
5:1233,173.72231649999998,173.78481631666665,173.78481631666665,173.80705131666812,0.08473481666814564,205.89725497767,32.174938477670025,fdd:2,play 246.94
3:347,173.80383799999998,173.80383799999998,173.80383799999998,173.88705231666816,0.08321431666817602,206.05161458967,32.247776589670025,fdd:1,play 196.00
1:696,173.80383799999998,173.84731613333332,173.84731613333332,173.90705231666817,0.10321431666818626,206.09020449267,32.28636649267003,fdd:2,play 246.94
1:693,173.80383799999998,173.86633781666666,173.86633781666666,173.92705331666818,0.12321531666819396,206.12879439567,32.32495639567003,fdd:3,play 98.00
5:1237,173.8853595,173.90981613333332,173.90981613333332,173.9670533166682,0.08169381666820641,206.20597420167002,32.320614701670024,fdd:2,play 196.00
5:1236,173.8853595,173.92883781666666,173.92883781666666,173.9870543166682,0.10169481666821412,206.24456410467002,32.359204604670026,fdd:1,play 196.00
5:1238,173.96688099999997,173.96688099999997,173.96688099999997,174.02705431666823,0.060173316668254984,206.32174391067002,32.35486291067005,fdd:4,play 196.00
5:1239,173.96688099999997,174.02938081666665,174.02938081666665,174.04705531666824,0.08017431666826269,206.36033381367002,32.39345281367005,fdd:4,play 196.00
5:1240,174.04840249999998,174.04840249999998,174.04840249999998,174.10705631666826,0.05865381666828284,206.47610352267003,32.42770102267005,fdd:1,play 196.00
5:1241,174.04840249999998,174.04840249999998,174.04840249999998,174.12705631666827,0.07865381666829308,206.51469342567003,32.46629092567005,fdd:2,play 196.00
5:1242,174.129924,174.129924,174.129924,174.22705831666832,0.09713431666833117,206.70764294067004,32.57771894067005,fdd:1,play 196.00
1:699,174.129924,174.19242381666663,174.19242381666663,174.24705831666833,0.1171343166683414,206.74623284367004,32.616308843670055,fdd:1,play 196.00
1:700,174.129924,174.19242381666663,174.19242381666663,174.26705831666834,0.13713431666835163,206.78482274667005,32.65489874667006,fdd:2,play 146.83
1:703,174.129924,174.192424,174.192424,174.28705931666835,0.15713531666835934,206.82341264967005,32.69348864967006,fdd:3,play 293.66
5:1244,174.21144549999997,174.25492381666663,174.25492381666663,174.30705931666836,0.09561381666838997,206.86200255267005,32.65055705267008,fdd:1,play 196.00
5:1245,174.21144549999997,174.254924,174.254924,174.32705931666837,0.1156138166684002,206.90059245567005,32.68914695567008,fdd:3,play 196.00
5:1247,174.29296699999998,174.29296699999998,174.29296699999998,174.3670603166684,0.07409331666841013,206.97777226167005,32.68480526167008,fdd:4,play 196.00
3:348,174.29296699999998,174.3174236333333,174.3174236333333,174.3870603166684,0.09409331666842036,207.01636216467006,32.72339516467008,fdd:1,play 196.00
5:1249,174.37448849999998,174.37448849999998,174.37448849999998,174.42706131666841,0.05257281666843028,207.09354197067006,32.719053470670076,fdd:3,play 196.00
5:1246,174.29296699999998,174.3799236333333,174.3799236333333,174.44706131666842,0.15409431666844853,207.13213187367006,32.839164873670086,fdd:1,play 196.00
5:1248,174.37448849999998,174.44242344999998,174.44242344999998,174.50706231666845,0.13257381666846868,207.24790158267007,32.87341308267008,fdd:1,play 196.00
3:349,174.45601,174.50492326666665,174.50492326666665,174.56706331666848,0.11105331666848883,207.36367129167007,32.90766129167008,fdd:1,play 146.83
5:1251,174.45601,174.51850981666664,174.51850981666664,174.5870643166685,0.13105431666849654,207.40226119467007,32.94625119467008,fdd:4,play 196.00
5:1252,174.53753149999997,174.56742326666665,174.56742326666665,174.6270643166685,0.08953281666853741,207.47944100067008,32.94190950067011,fdd:1,play 196.00
5:1253,174.53753149999997,174.58101,174.58101,174.64706531666852,0.10953381666854511,207.51803090367008,32.98049940367011,fdd:2,play 196.00
4:183,174.61905299999998,174.61905299999998,174.61905299999998,174.72706631666856,0.1080133166685755,207.6338006126701,33.01474761267011,drum:1,drum_on 392.00
5:1255,174.61905299999998,174.68155281666665,174.68155281666665,174.74706631666857,0.12801331666858573,207.7109804186701,33.09192741867011,fdd:3,play 196.00
1:712,174.78209599999997,174.84459581666664,174.84459581666664,174.90706931666864,0.1249733166686724,208.0196996426701,33.23760364267014,fdd:1,play 185.00
5:1259,174.78209599999997,174.84459599999997,174.84459599999997,174.92706931666865,0.14497331666868263,208.0582895456701,33.27619354567014,fdd:2,play 185.00
5:1260,174.86361749999998,174.90709581666664,174.90709581666664,174.94707031666866,0.08345281666868232,208.0968794486701,33.23326194867013,fdd:1,play 185.00
5:1261,174.86361749999998,174.90709599999997,174.90709599999997,174.96707031666867,0.10345281666869255,208.1354693516701,33.271851851670135,fdd:3,play 185.00
5:1262,174.94513899999998,174.94513899999998,174.94513899999998,175.00707131666869,0.06193231666870247,208.2126491576701,33.26751015767013,fdd:4,play 185.00
5:1263,174.94513899999998,175.00763881666666,175.00763881666666,175.0270713166687,0.0819323166687127,208.25123906067012,33.30610006067013,fdd:4,play 185.00
5:1264,175.0266605,175.0266605,175.0266605,175.08707231666872,0.060411816668732854,208.36700876967012,33.34034826967013,fdd:1,play 185.00
5:1265,175.0266605,175.0266605,175.0266605,175.10707231666873,0.08041181666874309,208.40559867267012,33.37893817267013,fdd:3,play 185.00
5:1266,175.10818199999997,175.10818199999997,175.10818199999997,175.18707431666877,0.07889231666879937,208.55995828467013,33.45177628467016,fdd:1,play 185.00
5:1267,175.10818199999997,175.10818199999997,175.10818199999997,175.20707431666878,0.0988923166688096,208.59854818767013,33.49036618767016,fdd:3,play 185.00
5:1268,175.18970349999998,175.18970349999998,175.18970349999998,175.2670753166688,0.07737181666882975,208.71431789667014,33.52461439667016,fdd:1,play 185.00
5:1269,175.18970349999998,175.18970349999998,175.18970349999998,175.28707531666882,0.09737181666883998,208.75290779967014,33.56320429967016,fdd:4,play 185.00
5:1270,175.271225,175.271225,175.271225,175.34707631666885,0.07585131666886014,208.86867750867015,33.59745250867016,fdd:1,play 185.00
5:1271,175.271225,175.271225,175.271225,175.36707731666885,0.09585231666886784,208.90726741167015,33.63604241167016,fdd:4,play 185.00
5:1272,175.35274649999997,175.35274649999997,175.35274649999997,175.42707831666888,0.07433181666891642,209.02303712067015,33.67029062067019,fdd:1,play 185.00
5:1273,175.35274649999997,175.35274649999997,175.35274649999997,175.4470783166689,0.09433181666892665,209.06162702367016,33.70888052367019,fdd:2,play 185.00
1:718,175.43426799999997,175.49676781666665,175.49676781666665,175.54708031666894,0.11281231666896474,209.25457653867016,33.82030853867019,fdd:1,play 185.00
5:1275,175.43426799999997,175.49676799999997,175.49676799999997,175.56708031666895,0.13281231666897497,209.29316644167017,33.85889844167019,fdd:2,play 185.00
1:719,175.43426799999997,175.49676799999997,175.49676799999997,175.58708031666896,0.1528123166689852,209.33175634467017,33.897488344670194,fdd:3,play 246.94
5:1276,175.51578949999998,175.55926781666665,175.55926781666665,175.60708131666897,0.0912918166689849,209.37034624767017,33.85455674767019,fdd:1,play 185.00
5:1277,175.51578949999998,175.55926781666665,175.55926781666665,175.62708131666898,0.11129181666899512,209.40893615067017,33.89314665067019,fdd:2,play 185.00
5:1278,175.597311,175.597311,175.597311,175.667082316669,0.06977131666900505,209.48611595667018,33.888804956670185,fdd:3,play 185.00
5:1279,175.597311,175.65981081666663,175.65981081666663,175.687082316669,0.08977131666901528,209.52470585967018,33.92739485967019,fdd:3,play 185.00
5:1280,175.67883249999997,175.67883249999997,175.67883249999997,175.74708331666903,0.06825081666906385,209.64047556867018,33.96164306867021,fdd:1,play 185.00
5:1281,175.67883249999997,175.67883249999997,175.67883249999997,175.76708331666904,0.08825081666907408,209.67906547167019,34.000232971670215,fdd:2,play 185.00
5:1282,175.76035399999998,175.76035399999998,175.76035399999998,175.84708531666908,0.08673131666910194,209.8334250836702,34.073071083670214,fdd:1,play 185.00
5:1284,175.8418755,175.8418755,175.8418755,175.8870853166691,0.04520981666911439,209.9106048896702,34.06872938967021,fdd:1,play 185.00
5:1285,175.8418755,175.8418755,175.8418755,175.9070863166691,0.0652108166691221,209.9491947926702,34.10731929267021,fdd:4,play 185.00
5:1286,175.92339699999997,175.92339699999997,175.92339699999997,175.98708731666915,0.0636903166691809,210.1035544046702,34.18015740467024,fdd:1,play 185.00
3:352,175.92339699999997,175.92339699999997,175.92339699999997,176.00708731666916,0.08369031666919113,210.1421443076702,34.21874730767024,fdd:2,play 123.47
5:1288,176.00491849999997,176.00491849999997,176.00491849999997,176.0870893166692,0.082170816669219,210.29650391967022,34.29158541967024,fdd:1,play 185.00
5:1290,176.08643999999998,176.08643999999998,176.08643999999998,176.16709031666923,0.08065031666924938,210.45086353167022,34.36442353167024,fdd:1,play 185.00
1:724,176.08643999999998,176.14893981666665,176.14893981666665,176.18709031666924,0.10065031666925961,210.48945343467022,34.40301343467024,fdd:1,play 185.00
1:723,176.08643999999998,176.14893981666665,176.14893981666665,176.20709131666925,0.12065131666926732,210.52804333767023,34.441603337670244,fdd:2,play 123.47
1:725,176.08643999999998,176.14893999999998,176.14893999999998,176.22709131666926,0.14065131666927755,210.56663324067023,34.480193240670246,fdd:3,play 246.94
1:727,176.08643999999998,176.14893999999998,176.14893999999998,176.24709131666927,0.16065131666928778,210.60522314367023,34.51878314367025,fdd:4,play 185.00
5:1292,176.1679615,176.21143981666665,176.21143981666665,176.26709231666928,0.09913081666928747,210.64381304667023,34.47585154667024,fdd:1,play 185.00
5:1293,176.1679615,176.21143981666665,176.21143981666665,176.2870923166693,0.1191308166692977,210.68240294967023,34.514441449670244,fdd:2,play 185.00
5:1294,176.24948299999997,176.24948299999997,176.24948299999997,176.3270933166693,0.07761031666933604,210.75958275567024,34.51009975567027,fdd:3,play 185.00
5:1295,176.24948299999997,176.31198281666664,176.31198281666664,176.34709331666932,0.09761031666934628,210.79817265867024,34.54868965867027,fdd:3,play 185.00
5:1296,176.33100449999998,176.33100449999998,176.33100449999998,176.40709431666934,0.07608981666936643,210.91394236767024,34.58293786767027,fdd:1,play 185.00
5:1297,176.33100449999998,176.33100449999998,176.33100449999998,176.42709431666935,0.09608981666937666,210.95253227067025,34.62152777067027,fdd:2,play 185.00
1:730,176.41252599999999,176.47502581666666,176.47502581666666,176.5270963166694,0.11457031666941475,211.14548178567026,34.73295578567027,fdd:1,play 185.00
1:732,176.41252599999999,176.47502581666666,176.47502581666666,176.5470963166694,0.13457031666942498,211.18407168867026,34.77154568867027,fdd:3,play 311.13
1:729,176.41252599999999,176.47502599999999,176.47502599999999,176.56709731666942,0.1545713166694327,211.22266159167026,34.810135591670274,fdd:2,play 123.47
5:1300,176.4940475,176.53752581666666,176.53752581666666,176.58709731666943,0.0930498166694349,211.26125149467026,34.76720399467027,fdd:1,play 185.00
5:1301,176.4940475,176.53752581666666,176.53752581666666,176.60709731666944,0.11304981666944514,211.29984139767026,34.80579389767027,fdd:3,play 185.00
5:1302,176.57556899999997,176.57556899999997,176.57556899999997,176.64709831666946,0.07152931666948348,211.37702120367027,34.801452203670294,fdd:2,play 185.00
5:1303,176.57556899999997,176.63806881666665,176.63806881666665,176.66709831666947,0.09152931666949371,211.41561110667027,34.840042106670296,fdd:2,play 185.00
5:1304,176.65709049999998,176.65709049999998,176.65709049999998,176.7270993166695,0.07000881666951386,211.53138081567027,34.874290315670294,fdd:1,play 185.00
5:1305,176.65709049999998,176.65709049999998,176.65709049999998,176.7471003166695,0.09000981666952157,211.56997071867028,34.912880218670296,fdd:3,play 185.00
1:736,176.738612,176.80111181666663,176.80111181666663,176.84710131666955,0.10848931666956219,211.7629202336703,35.0243082336703,fdd:1,play 185.00
1:735,176.738612,176.80111181666663,176.80111181666663,176.86710231666956,0.1284903166695699,211.8015101366703,35.0628981366703,fdd:2,play 123.47
1:738,176.738612,176.801112,176.801112,176.88710231666957,0.14849031666958012,211.8401000396703,35.1014880396703,fdd:3,play 311.13
5:1308,176.82013349999997,176.86361181666663,176.86361181666663,176.90710231666958,0.08696881666961076,211.8786899426703,35.05855644267032,fdd:1,play 185.00
5:1309,176.82013349999997,176.86361181666663,176.86361181666663,176.9271033166696,0.10696981666961847,211.9172798456703,35.097146345670325,fdd:2,play 185.00
5:1310,176.90165499999998,176.90165499999998,176.90165499999998,176.9671033166696,0.06544831666963091,211.9944596516703,35.09280465167032,fdd:3,play 185.00
5:1311,176.90165499999998,176.96415481666665,176.96415481666665,176.98710431666962,0.08544931666963862,212.0330495546703,35.13139455467032,fdd:3,play 185.00
5:1312,176.98317649999998,176.98317649999998,176.98317649999998,177.04710531666964,0.06392881666965877,212.1488192636703,35.16564276367032,fdd:1,play 185.00
5:1313,176.98317649999998,176.98317649999998,176.98317649999998,177.06710531666965,0.083928816669669,212.1874091666703,35.20423266667032,fdd:4,play 185.00
1:742,177.064698,177.12719781666664,177.12719781666664,177.1671073166697,0.1024093166697071,212.38035868167032,35.31566068167032,fdd:3,play 185.00
5:1314,177.064698,177.127198,177.127198,177.1871073166697,0.12240931666971733,212.41894858467032,35.354250584670325,fdd:1,play 185.00
1:744,177.064698,177.127198,177.127198,177.20710731666972,0.14240931666972756,212.45753848767032,35.39284048767033,fdd:2,play 311.13
1:745,177.064698,177.127198,177.127198,177.22710831666973,0.16241031666973527,212.49612839067032,35.43143039067033,fdd:4,play 185.00
5:1316,177.14621949999997,177.18969781666664,177.18969781666664,177.24710831666974,0.1008888166697659,212.53471829367032,35.38849879367035,fdd:1,play 185.00
5:1317,177.14621949999997,177.189698,177.189698,177.26710831666975,0.12088881666977613,212.57330819667033,35.42708869667035,fdd:2,play 185.00
5:1318,177.22774099999998,177.22774099999998,177.22774099999998,177.30710931666977,0.07936831666978605,212.65048800267033,35.42274700267035,fdd:4,play 185.00
5:1319,177.22774099999998,177.29024081666665,177.29024081666665,177.32710931666978,0.09936831666979629,212.68907790567033,35.46133690567035,fdd:4,play 185.00
5:1320,177.3092625,177.3092625,177.3092625,177.3871103166698,0.07784781666981644,212.80484761467034,35.49558511467035,fdd:1,play 185.00
5:1321,177.3092625,177.3092625,177.3092625,177.4071113166698,0.09784881666982415,212.84343751767034,35.53417501767035,fdd:2,play 185.00
1:748,177.39078399999997,177.45328381666664,177.45328381666664,177.50711231666986,0.11632831666989318,213.03638703267035,35.64560303267038,fdd:1,play 185.00
1:749,177.39078399999997,177.45328381666664,177.45328381666664,177.52711331666987,0.1363293166699009,213.07497693567035,35.68419293567038,fdd:4,play 246.94
1:747,177.39078399999997,177.45328399999997,177.45328399999997,177.54711331666988,0.15632931666991112,213.11356683867035,35.72278283867038,fdd:2,play 123.47
5:1324,177.47230549999998,177.51578381666664,177.51578381666664,177.5671133166699,0.09480781666991334,213.15215674167035,35.67985124167038,fdd:1,play 220.00
5:1325,177.47230549999998,177.51578399999997,177.51578399999997,177.5871143166699,0.11480881666992104,213.19074664467036,35.71844114467038,fdd:3,play 220.00
5:1326,177.55382699999998,177.55382699999998,177.55382699999998,177.62711431666992,0.07328731666993349,213.26792645067036,35.714099450670375,fdd:2,play 220.00
5:1327,177.55382699999998,177.61632681666666,177.61632681666666,177.64711531666993,0.0932883166699412,213.30651635367036,35.75268935367038,fdd:2,play 220.00
5:1328,177.6353485,177.6353485,177.6353485,177.68711531666995,0.05176681666995364,213.38369615967036,35.74834765967037,fdd:1,play 220.00
5:1329,177.6353485,177.69784831666664,177.69784831666664,177.72711631666996,0.09176781666997158,213.46087596567037,35.825527465670376,fdd:1,play 220.00
3:357,177.71686999999997,177.71686999999997,177.71686999999997,177.78711731667,0.07024731667002015,213.57664567467037,35.8597756746704,fdd:2,play 123.47
5:1331,177.71686999999997,177.71686999999997,177.71686999999997,177.80711731667,0.09024731667003039,213.61523557767038,35.898365577670404,fdd:3,play 220.00
1:756,177.71686999999997,177.76034813333328,177.76034813333328,177.82711831667,0.1102483166700381,213.65382548067038,35.936955480670406,fdd:1,play 311.13
1:753,177.71686999999997,177.77936981666664,177.77936981666664,177.84711831667002,0.13024831667004833,213.69241538367038,35.97554538367041,fdd:3,play 123.47
5:1330,177.71686999999997,177.77936999999997,177.77936999999997,177.86711831667003,0.15024831667005856,213.73100528667038,36.01413528667041,fdd:2,play 220.00
5:1332,177.79839149999998,177.84186981666664,177.84186981666664,177.88711931667004,0.08872781667005825,213.76959518967038,35.9712036896704,fdd:2,play 220.00
5:1333,177.79839149999998,177.84186999999997,177.84186999999997,177.90711931667005,0.10872781667006848,213.80818509267039,36.009793592670405,fdd:4,play 220.00
5:1334,177.879913,177.879913,177.879913,177.94712031667007,0.0672073166700784,213.8853648986704,36.0054518986704,fdd:1,play 220.00
5:1335,177.879913,177.94241281666663,177.94241281666663,177.96712031667008,0.08720731667008863,213.9239548016704,36.0440418016704,fdd:1,play 220.00
5:1337,177.96143449999997,177.96143449999997,177.96143449999997,178.0271213166701,0.0656868166701372,214.0397245106704,36.07829001067043,fdd:2,play 220.00
5:1336,177.96143449999997,177.96143449999997,177.96143449999997,178.04712131667011,0.08568681667014744,214.0783144136704,36.11687991367043,fdd:4,play 220.00
5:1339,178.04295599999998,178.10545581666665,178.10545581666665,178.14712331667016,0.10416731667018553,214.2712639286704,36.22830792867043,fdd:1,play 220.00
1:759,178.04295599999998,178.10545599999998,178.10545599999998,178.16712331667017,0.12416731667019576,214.3098538316704,36.266897831670434,fdd:2,play 123.47
1:761,178.04295599999998,178.10545599999998,178.10545599999998,178.18712431667018,0.14416831667020347,214.3484437346704,36.305487734670436,fdd:3,play 246.94
5:1340,178.12447749999998,178.16795563333332,178.16795563333332,178.2071243166702,0.08264681667020568,214.3870336376704,36.26255613767043,fdd:1,play 220.00
5:1341,178.12447749999998,178.16795599999998,178.16795599999998,178.2271243166702,0.10264681667021591,214.42562354067041,36.30114604067043,fdd:2,play 220.00
5:1342,178.205999,178.205999,178.205999,178.26712531667022,0.06112631667022583,214.50280334667042,36.29680434667043,fdd:3,play 220.00
5:1343,178.205999,178.26849881666664,178.26849881666664,178.28712531667023,0.08112631667023606,214.54139324967042,36.33539424967043,fdd:3,play 220.00
5:1344,178.28752049999997,178.28752049999997,178.28752049999997,178.34712631667026,0.05960581667028464,214.65716295867043,36.369642458670455,fdd:2,play 220.00
5:1345,178.28752049999997,178.28752049999997,178.28752049999997,178.36712731667026,0.07960681667029235,214.69575286167043,36.40823236167046,fdd:4,play 220.00
5:1347,178.36904199999998,178.36904199999998,178.36904199999998,178.4671283166703,0.09808631667033296,214.88870237667044,36.51966037667046,fdd:1,play 220.00
1:766,178.36904199999998,178.43154181666665,178.43154181666665,178.48712931667032,0.11808731667034067,214.92729227967044,36.55825027967046,fdd:1,play 185.00
1:765,178.36904199999998,178.43154181666665,178.43154181666665,178.50712931667033,0.1380873166703509,214.96588218267044,36.59684018267046,fdd:4,play 123.47
1:768,178.36904199999998,178.43154199999998,178.43154199999998,178.52712931667034,0.15808731667036113,215.00447208567044,36.635430085670464,fdd:2,play 311.13
5:1348,178.4505635,178.49404181666665,178.49404181666665,178.54713031667035,0.09656681667036082,215.04306198867044,36.59249848867046,fdd:1,play 220.00
5:1349,178.4505635,178.49404199999998,178.49404199999998,178.56713031667036,0.11656681667037105,215.08165189167045,36.63108839167046,fdd:2,play 220.00
5:1350,178.53208499999997,178.53208499999997,178.53208499999997,178.60713131667038,0.0750463166704094,215.15883169767045,36.626746697670484,fdd:3,play 220.00
5:1351,178.53208499999997,178.59458481666664,178.59458481666664,178.6271313166704,0.09504631667041963,215.19742160067045,36.665336600670486,fdd:3,play 220.00
5:1352,178.61360649999997,178.61360649999997,178.61360649999997,178.6671323166704,0.05352581667042955,215.27460140667046,36.66099490667048,fdd:1,play 220.00
5:1353,178.61360649999997,178.67610631666665,178.67610631666665,178.70713231667042,0.09352581667045001,215.35178121267046,36.738174712670485,fdd:1,play 220.00
3:360,178.69512799999998,178.69512799999998,178.69512799999998,178.76713331667045,0.07200531667047017,215.46755092167047,36.77242292167048,fdd:2,play 123.47
5:1354,178.69512799999998,178.69512799999998,178.69512799999998,178.78713431667046,0.09200631667047787,215.50614082467047,36.811012824670485,fdd:3,play 220.00
1:774,178.69512799999998,178.73860613333332,178.73860613333332,178.80713431667047,0.1120063166704881,215.54473072767047,36.84960272767049,fdd:1,play 311.13
1:771,178.69512799999998,178.75762781666666,178.75762781666666,178.82713431667048,0.13200631667049834,215.58332063067047,36.88819263067049,fdd:3,play 123.47
5:1355,178.69512799999998,178.75762799999998,178.75762799999998,178.8471353166705,0.15200731667050604,215.62191053367047,36.92678253367049,fdd:2,play 220.00
5:1356,178.7766495,178.80110613333332,178.80110613333332,178.8671353166705,0.09048581667050826,215.66050043667047,36.883850936670484,fdd:1,play 220.00
5:1359,178.85817099999997,178.85817099999997,178.85817099999997,178.90713631667052,0.0489653166705466,215.73768024267048,36.87950924267051,fdd:2,play 220.00
5:1357,178.7766495,178.86360594999996,178.86360594999996,178.92713631667053,0.15048681667053643,215.77627014567048,36.99962064567049,fdd:1,play 220.00
5:1358,178.85817099999997,178.9261057666666,178.9261057666666,178.94713631667054,0.08896531667056706,215.81486004867048,36.95668904867051,fdd:1,play 220.00
5:1360,178.93969249999998,178.93969249999998,178.93969249999998,178.98713731667056,0.047444816670576984,215.8920398546705,36.95234735467051,fdd:2,play 220.00
5:1361,178.93969249999998,179.00219231666665,179.00219231666665,179.04713831667058,0.10744581667060515,216.0078095636705,37.06811706367051,fdd:2,play 220.00
5:1362,179.021214,179.021214,179.021214,179.0871393166706,0.06592531667061508,216.0849893696705,37.06377536967051,fdd:1,play 220.00
3:361,179.021214,179.021214,179.021214,179.1071393166706,0.0859253166706253,216.1235792726705,37.10236527267051,fdd:3,play 123.47
1:780,179.021214,179.06469213333332,179.06469213333332,179.12713931667062,0.10592531667063554,216.1621691756705,37.14095517567051,fdd:2,play 311.13
5:1363,179.021214,179.08371381666666,179.08371381666666,179.14714031667063,0.12592631667064325,216.2007590786705,37.179545078670515,fdd:1,play 220.00
1:777,179.021214,179.083714,179.083714,179.16714031667064,0.14592631667065348,216.2393489816705,37.21813498167052,fdd:3,play 123.47
5:1364,179.10273549999997,179.12719213333332,179.12719213333332,179.18714031667065,0.08440481667068411,216.2779388846705,37.17520338467054,fdd:2,play 220.00
5:1367,179.18425699999997,179.18425699999997,179.18425699999997,179.22714131667067,0.042884316670694034,216.3551186906705,37.170861690670534,fdd:3,play 220.00
5:1365,179.10273549999997,179.18969195,179.18969195,179.24714131667068,0.14440581667071228,216.3937085936705,37.290973093670544,fdd:2,play 220.00
5:1366,179.18425699999997,179.25219176666667,179.25219176666667,179.2671423166707,0.08288531667071197,216.4322984966705,37.24804149667054,fdd:2,play 220.00
5:1368,179.26577849999998,179.26577849999998,179.26577849999998,179.3071423166707,0.04136381667072442,216.50947830267052,37.243699802670534,fdd:3,play 220.00
5:1369,179.26577849999998,179.32827831666665,179.32827831666665,179.36714331667073,0.10136481667075259,216.62524801167052,37.35946951167054,fdd:3,play 220.00
5:1370,179.3473,179.3473,179.3473,179.40714431667075,0.05984431667076251,216.70242781767053,37.355127817670535,fdd:1,play 220.00
3:362,179.3473,179.3473,179.3473,179.42714431667076,0.07984431667077274,216.74101772067053,37.39371772067054,fdd:2,play 123.47
1:783,179.3473,179.3473,179.3473,179.44714531667077,0.09984531667078045,216.77960762367053,37.43230762367054,fdd:4,play 123.47
1:786,179.3473,179.39077813333333,179.39077813333333,179.46714531667078,0.11984531667079068,216.81819752667053,37.47089752667054,fdd:3,play 311.13
5:1371,179.3473,179.40979981666663,179.40979981666663,179.4871453166708,0.1398453166708009,216.85678742967053,37.50948742967054,fdd:1,play 220.00
1:784,179.3473,179.4098,179.4098,179.5071463166708,0.15984631667080862,216.89537733267053,37.548077332670545,fdd:2,play 185.00
5:1372,179.42882149999997,179.47229963333328,179.47229963333328,179.5271463166708,0.09832481667083925,216.93396723567054,37.50514573567057,fdd:1,play 220.00
5:1373,179.42882149999997,179.4723,179.4723,179.54714631667082,0.11832481667084949,216.97255713867054,37.54373563867057,fdd:2,play 220.00
5:1374,179.51034299999998,179.51034299999998,179.51034299999998,179.58714731667084,0.07680431667085941,217.04973694467054,37.539393944670564,fdd:3,play 220.00
5:1375,179.51034299999998,179.57284281666665,179.57284281666665,179.60714731667085,0.09680431667086964,217.08832684767054,37.577983847670566,fdd:3,play 220.00
5:1376,179.59186449999999,179.59186449999999,179.59186449999999,179.64714831667087,0.05528381667087956,217.16550665367055,37.57364215367056,fdd:1,play 220.00
5:1377,179.59186449999999,179.65436431666666,179.65436431666666,179.68714931667088,0.0952848166708975,217.24268645967055,37.650821959670566,fdd:1,play 220.00
5:1378,179.673386,179.673386,179.673386,179.7471503166709,0.07376431667091765,217.35845616867056,37.68507016867056,fdd:2,play 220.00
1:789,179.673386,179.673386,179.673386,179.76715031667092,0.09376431667092788,217.39704607167056,37.723660071670565,fdd:3,play 123.47
3:363,179.673386,179.71686413333333,179.71686413333333,179.78715031667093,0.11376431667093811,217.43563597467056,37.76224997467057,fdd:1,play 146.83
5:1379,179.673386,179.73588581666664,179.73588581666664,179.80715131667094,0.13376531667094582,217.47422587767056,37.80083987767057,fdd:2,play 220.00
1:792,179.673386,179.735886,179.735886,179.82715131667095,0.15376531667095605,217.51281578067056,37.83942978067057,fdd:3,play 311.13
5:1380,179.75490749999997,179.77936413333333,179.77936413333333,179.84715131667096,0.09224381667098669,217.55140568367057,37.79649818367059,fdd:1,play 220.00
5:1383,179.83642899999998,179.83642899999998,179.83642899999998,179.88715231667098,0.05072331667099661,217.62858548967057,37.79215648967059,fdd:3,play 220.00
5:1381,179.75490749999997,179.84186395,179.84186395,179.907152316671,0.15224481667101486,217.66717539267057,37.9122678926706,fdd:1,play 220.00
5:1382,179.83642899999998,179.90436376666668,179.90436376666668,179.927153316671,0.09072431667101455,217.70576529567057,37.86933629567059,fdd:1,play 220.00
5:1384,179.9179505,179.9179505,179.9179505,179.96715331667102,0.049202816671026994,217.78294510167058,37.86499460167059,fdd:3,play 220.00
5:1385,179.9179505,179.98045031666663,179.98045031666663,180.02715431667104,0.10920381667105516,217.89871481067058,37.980764310670594,fdd:3,play 220.00
4:185,179.99947199999997,179.99947199999997,179.99947199999997,180.08715531667107,0.08768331667110374,217.9758946166706,37.97642261667062,drum:1,drum_on 440.00
1:797,179.99947199999997,180.06197181666664,180.06197181666664,180.10715631667108,0.10768431667111145,218.0530744226706,38.05360242267062,fdd:4,play 261.63
5:1386,179.99947199999997,180.06197199999997,180.06197199999997,180.1271563166711,0.12768431667112168,218.0916643256706,38.092192325670624,fdd:1,play 196.00
1:796,179.99947199999997,180.06197199999997,180.06197199999997,180.1471563166711,0.1476843166711319,218.1302542286706,38.130782228670625,fdd:2,play 196.00
5:1389,180.08099349999998,180.14349331666665,180.14349331666665,180.18715731667112,0.10616381667114183,218.2074340346706,38.12644053467062,fdd:3,play 196.00
5:1390,180.16251499999998,180.16251499999998,180.16251499999998,180.24715831667115,0.08464331667116198,218.3232037436706,38.16068874367062,fdd:1,play 196.00
5:1392,180.2440365,180.2440365,180.2440365,180.30715931667118,0.06312281667118214,218.4389734526706,38.194936952670616,fdd:1,play 196.00
5:1393,180.2440365,180.2440365,180.2440365,180.32715931667119,0.08312281667119237,218.4775633556706,38.23352685567062,fdd:2,play 196.00
5:1394,180.32555799999997,180.32555799999997,180.32555799999997,180.40716131667122,0.08160331667124865,218.63192296767062,38.306364967670646,fdd:1,play 196.00
5:1396,180.40707949999998,180.40707949999998,180.40707949999998,180.48716231667126,0.08008281667127903,218.78628257967063,38.379203079670646,fdd:1,play 196.00
5:1398,180.488601,180.488601,180.488601,180.52716331667128,0.038562316671288954,218.86346238567063,38.37486138567064,fdd:1,play 196.00
5:1399,180.488601,180.488601,180.488601,180.5471633166713,0.058562316671299186,218.90205228867063,38.41345128867064,fdd:3,play 196.00
5:1400,180.57012249999997,180.57012249999997,180.57012249999997,180.60716431667132,0.03704181667134776,219.01782199767064,38.44769949767067,fdd:1,play 196.00
5:1401,180.57012249999997,180.57012249999997,180.57012249999997,180.62716431667133,0.05704181667135799,219.05641190067064,38.48628940067067,fdd:3,play 196.00
5:1402,180.65164399999998,180.65164399999998,180.65164399999998,180.70716631667136,0.05552231667138585,219.21077151267065,38.55912751267067,fdd:1,play 196.00
5:1403,180.65164399999998,180.65164399999998,180.65164399999998,180.72716631667137,0.07552231667139608,219.24936141567065,38.59771741567067,fdd:3,play 196.00
1:799,180.65164399999998,180.65164399999998,180.65164399999998,180.74716631667138,0.09552231667140632,219.28795131867065,38.636307318670674,fdd:4,play 196.00
1:798,180.65164399999998,180.71414381666665,180.71414381666665,180.7671673166714,0.11552331667141402,219.32654122167065,38.674897221670676,fdd:1,play 130.81
1:800,180.65164399999998,180.71414399999998,180.71414399999998,180.7871673166714,0.13552331667142425,219.36513112467065,38.71348712467068,fdd:4,play 261.63
5:1404,180.73316549999998,180.73316549999998,180.73316549999998,180.8071673166714,0.07400181667142647,219.40372102767066,38.67055552767067,fdd:2,play 196.00
5:1405,180.73316549999998,180.79566531666666,180.79566531666666,180.82716831667142,0.09400281667143418,219.44231093067066,38.709145430670674,fdd:2,play 196.00
5:1406,180.814687,180.814687,180.814687,180.88716931667145,0.07248231667145433,219.55808063967066,38.74339363967067,fdd:1,play 196.00
5:1407,180.814687,180.814687,180.814687,180.90716931667146,0.09248231667146456,219.59667054267067,38.78198354267067,fdd:4,play 196.00
5:1408,180.89620849999997,180.89620849999997,180.89620849999997,180.9871703166715,0.09096181667152337,219.75103015467067,38.8548216546707,fdd:1,play 196.00
5:1410,180.97772999999998,180.97772999999998,180.97772999999998,181.04717131667152,0.06944131667154352,219.86679986367068,38.8890698636707,fdd:1,play 196.00
5:1411,180.97772999999998,180.97772999999998,180.97772999999998,181.06717231667153,0.08944231667155123,219.90538976667068,38.9276597666707,fdd:2,play 196.00
5:1412,181.0592515,181.0592515,181.0592515,181.14717331667157,0.08792181667158161,220.0597493786707,39.0004978786707,fdd:1,play 196.00
3:365,181.14077299999997,181.14077299999997,181.14077299999997,181.2071743166716,0.06640131667163018,220.1755190876707,39.034746087670726,fdd:1,play 196.00
5:1415,181.14077299999997,181.14077299999997,181.14077299999997,181.2271743166716,0.08640131667164042,220.2141089906707,39.07333599067073,fdd:2,play 196.00
5:1414,181.14077299999997,181.20327299999997,181.20327299999997,181.24717531667162,0.10640231667164812,220.2526988936707,39.11192589367073,fdd:1,play 196.00
5:1416,181.22229449999998,181.22229449999998,181.22229449999998,181.28717531667164,0.06488081667166057,220.3298786996707,39.107584199670725,fdd:2,play 196.00
5:1417,181.22229449999998,181.28479431666665,181.28479431666665,181.30717631667164,0.08488181667166828,220.3684686026707,39.14617410267073,fdd:2,play 196.00
3:366,181.30381599999998,181.30381599999998,181.30381599999998,181.34717631667166,0.04336031667168072,220.4456484086707,39.14183240867072,fdd:1,play 130.81
5:1419,181.30381599999998,181.30381599999998,181.30381599999998,181.36717731667167,0.06336131667168843,220.4842383116707,39.180422311670725,fdd:3,play 196.00
1:802,181.30381599999998,181.30381599999998,181.30381599999998,181.38717731667168,0.08336131667169866,220.5228282146707,39.21901221467073,fdd:4,play 196.00
1:801,181.30381599999998,181.36631581666666,181.36631581666666,181.4071773166717,0.10336131667170889,220.5614181176707,39.25760211767073,fdd:3,play 130.81
5:1418,181.30381599999998,181.36631599999998,181.36631599999998,181.4271783166717,0.1233623166717166,220.6000080206707,39.29619202067073,fdd:1,play 196.00
1:803,181.30381599999998,181.36631599999998,181.36631599999998,181.4471783166717,0.14336231667172683,220.63859792367072,39.33478192367073,fdd:4,play 261.63
5:1421,181.3853375,181.44783731666664,181.44783731666664,181.48717931667173,0.10184181667173675,220.71577772967072,39.33044022967073,fdd:2,play 196.00
5:1422,181.46685899999997,181.46685899999997,181.46685899999997,181.54718031667176,0.08032131667178533,220.83154743867073,39.364688438670754,fdd:1,play 196.00
5:1424,181.54838049999998,181.54838049999998,181.54838049999998,181.60718131667178,0.05880081667180548,220.94731714767073,39.39893664767075,fdd:1,play 196.00
5:1425,181.54838049999998,181.54838049999998,181.54838049999998,181.6271813166718,0.07880081667181571,220.98590705067073,39.43752655067075,fdd:2,play 196.00
3:367,181.629902,181.629902,181.629902,181.72718331667184,0.0972813166718538,221.17885656567074,39.548954565670755,fdd:1,play 130.81
1:804,181.629902,181.69240181666666,181.69240181666666,181.74718331667185,0.11728131667186403,221.21744646867074,39.58754446867076,fdd:2,play 130.81
5:1426,181.629902,181.692402,181.692402,181.76718331667186,0.13728131667187427,221.25603637167075,39.62613437167076,fdd:1,play 196.00
1:806,181.629902,181.692402,181.692402,181.78718431667187,0.15728231667188197,221.29462627467075,39.66472427467076,fdd:3,play 261.63
5:1428,181.71142349999997,181.71142349999997,181.71142349999997,181.80718431667188,0.09576081667191261,221.33321617767075,39.62179267767078,fdd:4,play 196.00
5:1429,181.71142349999997,181.77392331666664,181.77392331666664,181.8271843166719,0.11576081667192284,221.37180608067075,39.660382580670785,fdd:4,play 196.00
5:1430,181.79294499999997,181.79294499999997,181.79294499999997,181.88718531667192,0.09424031667194299,221.48757578967076,39.69463078967078,fdd:1,play 196.00
5:1432,181.87446649999998,181.87446649999998,181.87446649999998,181.94718631667195,0.07271981667196314,221.60334549867076,39.72887899867078,fdd:1,play 196.00
5:1433,181.87446649999998,181.87446649999998,181.87446649999998,181.96718731667195,0.09272081667197085,221.64193540167076,39.76746890167078,fdd:2,play 196.00
5:1434,181.955988,182.018488,182.018488,182.067188316672,0.11120031667201147,221.83488491667077,39.87889691667078,fdd:1,play 196.00
1:808,181.955988,182.018488,182.018488,182.087189316672,0.13120131667201917,221.87347481967078,39.917486819670785,fdd:2,play 196.00
5:1436,182.03750949999997,182.03750949999997,182.03750949999997,182.12718931667203,0.08967981667206004,221.95065462567078,39.91314512567081,fdd:3,play 196.00
5:1437,182.03750949999997,182.10000931666664,182.10000931666664,182.14719031667204,0.10968081667206775,221.98924452867078,39.95173502867081,fdd:3,play 196.00
5:1438,182.11903099999998,182.11903099999998,182.11903099999998,182.20719131667207,0.0881603166720879,222.1050142376708,39.98598323767081,fdd:1,play 196.00
5:1440,182.2005525,182.2005525,182.2005525,182.2871923166721,0.08663981667211829,222.2593738496708,40.05882134967081,fdd:1,play 196.00
3:369,182.28207399999997,182.28207399999997,182.28207399999997,182.36719331667214,0.08511931667217709,222.4137334616708,40.131659461670836,fdd:1,play 196.00
1:812,182.28207399999997,182.34457381666664,182.34457381666664,182.38719431667215,0.1051203166721848,222.4523233646708,40.17024936467084,fdd:2,play 261.63
5:1442,182.28207399999997,182.34457399999997,182.34457399999997,182.40719431667216,0.12512031667219503,222.4909132676708,40.20883926767084,fdd:1,play 196.00
1:811,182.28207399999997,182.34457399999997,182.34457399999997,182.42719431667217,0.14512031667220526,222.5295031706708,40.24742917067084,fdd:3,play 196.00
5:1444,182.36359549999997,182.36359549999997,182.36359549999997,182.44719531667218,0.08359981667220495,222.5680930736708,40.204497573670835,fdd:4,play 196.00
5:1445,182.36359549999997,182.42609531666665,182.42609531666665,182.4671953166722,0.10359981667221518,222.6066829766708,40.24308747667084,fdd:4,play 196.00
5:1446,182.44511699999998,182.44511699999998,182.44511699999998,182.52719631667222,0.08207931667223534,222.72245268567082,40.277335685670835,fdd:1,play 196.00
5:1448,182.5266385,182.5266385,182.5266385,182.58719731667225,0.06055881667225549,222.83822239467082,40.31158389467083,fdd:1,play 196.00
5:1449,182.5266385,182.5266385,182.5266385,182.60719731667226,0.08055881667226572,222.87681229767082,40.350173797670834,fdd:2,play 196.00
1:815,182.60815999999997,182.67065981666664,182.67065981666664,182.7271993166723,0.11903931667234247,223.10835171567084,40.500191715670866,fdd:2,play 261.63
5:1450,182.60815999999997,182.67065999999997,182.67065999999997,182.74720031667232,0.13904031667235017,223.14694161867084,40.53878161867087,fdd:1,play 164.81
1:814,182.60815999999997,182.67065999999997,182.67065999999997,182.76720031667233,0.1590403166723604,223.18553152167084,40.57737152167087,fdd:4,play 196.00
5:1452,182.68968149999998,182.68968149999998,182.68968149999998,182.78720031667234,0.09751881667236262,223.22412142467084,40.53443992467086,fdd:3,play 164.81
5:1453,182.68968149999998,182.75218131666665,182.75218131666665,182.80720131667235,0.11751981667237033,223.26271132767084,40.573029827670865,fdd:3,play 329.63
5:1454,182.77120299999999,182.77120299999999,182.77120299999999,182.84720131667237,0.07599831667238277,223.33989113367085,40.56868813367086,fdd:1,play 164.81
5:1455,182.77120299999999,182.83370281666666,182.83370281666666,182.86720231667238,0.09599931667239048,223.37848103667085,40.60727803667086,fdd:1,play 329.63
5:1456,182.85272449999997,182.85272449999997,182.85272449999997,182.9072023166724,0.054477816672431345,223.45566084267085,40.60293634267089,fdd:2,play 164.81
5:1457,182.85272449999997,182.91522431666664,182.91522431666664,182.94720331667241,0.09447881667244928,223.53284064867086,40.68011614867089,fdd:2,play 329.63
3:371,182.93424599999997,182.93424599999997,182.93424599999997,183.00720431667244,0.07295831667246944,223.64861035767086,40.71436435767089,fdd:1,play 130.81
5:1459,182.93424599999997,182.93424599999997,182.93424599999997,183.02720431667245,0.09295831667247967,223.68720026067086,40.75295426067089,fdd:3,play 329.63
1:816,182.93424599999997,182.99674581666665,182.99674581666665,183.04720531667246,0.11295931667248738,223.72579016367087,40.79154416367089,fdd:3,play 130.81
5:1458,182.93424599999997,182.99674599999997,182.99674599999997,183.06720531667247,0.1329593166724976,223.76438006667087,40.830134066670894,fdd:1,play 164.81
1:818,182.93424599999997,182.99674599999997,182.99674599999997,183.08720531667248,0.15295931667250784,223.80296996967087,40.868723969670896,fdd:4,play 261.63
5:1461,183.01576749999998,183.07826731666665,183.07826731666665,183.1272063166725,0.11143881667251776,223.88014977567087,40.86438227567089,fdd:2,play 329.63
5:1462,183.097289,183.097289,183.097289,183.18720731667253,0.08991831667253791,223.99591948467088,40.89863048467089,fdd:1,play 164.81
5:1464,183.17881049999997,183.17881049999997,183.17881049999997,183.22720831667255,0.048397816672576255,224.07309929067088,40.89428879067091,fdd:1,play 164.81
5:1465,183.17881049999997,183.24131031666664,183.24131031666664,183.26720831667257,0.08839781667259672,224.1502790966709,40.97146859667092,fdd:1,play 329.63
5:1466,183.26033199999998,183.26033199999998,183.26033199999998,183.3272093166726,0.06687731667261687,224.2660488056709,41.005716805670914,fdd:2,play 164.81
1:821,183.26033199999998,183.26033199999998,183.26033199999998,183.3472103166726,0.08687831667262458,224.3046387086709,41.044306708670916,fdd:3,play 261.63
3:372,183.26033199999998,183.30381013333331,183.30381013333331,183.3672103166726,0.10687831667263481,224.3432286116709,41.08289661167092,fdd:1,play 130.81
5:1467,183.26033199999998,183.32283181666665,183.32283181666665,183.38721031667262,0.12687831667264504,224.3818185146709,41.12148651467092,fdd:2,play 329.63
1:820,183.26033199999998,183.32283199999998,183.32283199999998,183.40721131667263,0.14687931667265275,224.4204084176709,41.16007641767092,fdd:4,play 196.00
5:1469,183.34185349999998,183.40435331666666,183.40435331666666,183.44721131667265,0.1053578166726652,224.4975882236709,41.15573472367092,fdd:3,play 329.63
5:1470,183.423375,183.423375,183.423375,183.48721231667267,0.06383731667267512,224.5747680296709,41.15139302967091,fdd:1,play 164.81
5:1471,183.423375,183.48587481666664,183.48587481666664,183.50721231667268,0.08383731667268535,224.6133579326709,41.189982932670915,fdd:1,play 329.63
5:1472,183.50489649999997,183.50489649999997,183.50489649999997,183.5472133166727,0.04231681667272369,224.6905377386709,41.18564123867094,fdd:2,play 164.81
5:1473,183.50489649999997,183.56739631666665,183.56739631666665,183.5872143166727,0.08231781667274163,224.76771754467092,41.26282104467094,fdd:2,play 329.63
5:1474,183.58641799999998,183.58641799999998,183.58641799999998,183.64721531667274,0.06079731667276178,224.88348725367092,41.29706925367094,fdd:1,play 164.81
1:822,183.58641799999998,183.58641799999998,183.58641799999998,183.66721531667275,0.08079731667277201,224.92207715667092,41.33565915667094,fdd:3,play 130.81
5:1475,183.58641799999998,183.64891781666665,183.64891781666665,183.68721531667276,0.10079731667278224,224.96066705967093,41.374249059670944,fdd:1,play 329.63
1:823,183.58641799999998,183.64891799999998,183.64891799999998,183.70721631667277,0.12079831667278995,224.99925696267093,41.412838962670946,fdd:3,play 196.00
5:1476,183.6679395,183.6679395,183.6679395,183.7472163166728,0.0792768166728024,225.07643676867093,41.40849726867094,fdd:2,play 164.81
5:1477,183.6679395,183.73043931666663,183.73043931666663,183.7672173166728,0.0992778166728101,225.11502667167093,41.447087171670944,fdd:2,play 329.63
3:373,183.74946099999997,183.74946099999997,183.74946099999997,183.82721831667283,0.07775731667285868,225.23079638067094,41.48133538067097,fdd:1,play 196.00
5:1479,183.74946099999997,183.74946099999997,183.74946099999997,183.84721831667284,0.09775731667286891,225.26938628367094,41.51992528367097,fdd:3,play 329.63
5:1478,183.74946099999997,183.81196099999997,183.81196099999997,183.88721931667286,0.13775831667288685,225.34656608967094,41.597105089670976,fdd:1,play 164.81
1:826,183.91250399999998,183.97500381666666,183.97500381666666,184.02722131667292,0.11471731667293739,225.61669541067096,41.70419141067097,fdd:4,play 196.00
5:1482,183.91250399999998,183.97500399999998,183.97500399999998,184.04722131667293,0.13471731667294762,225.65528531367096,41.742781313670974,fdd:1,play 164.81
5:1484,183.9940255,183.9940255,183.9940255,184.08722231667295,0.09319681667295754,225.73246511967096,41.73843961967097,fdd:2,play 164.81
5:1485,183.9940255,184.05652531666664,184.05652531666664,184.10722231667296,0.11319681667296777,225.77105502267096,41.77702952267097,fdd:2,play 329.63
5:1486,184.07554699999997,184.07554699999997,184.07554699999997,184.167223316673,0.09167631667301634,225.88682473167097,41.811277731671,fdd:1,play 164.81
5:1488,184.15706849999998,184.15706849999998,184.15706849999998,184.22722431667302,0.0701558166730365,226.00259444067098,41.845525940670996,fdd:1,play 164.81
5:1489,184.15706849999998,184.21956831666665,184.21956831666665,184.24722531667302,0.0901568166730442,226.04118434367098,41.884115843671,fdd:1,play 329.63
5:1490,184.23859,184.23859,184.23859,184.30722631667305,0.06863631667306436,226.15695405267098,41.918364052670995,fdd:2,play 164.81
1:828,184.23859,184.23859,184.23859,184.32722631667306,0.08863631667307459,226.19554395567098,41.956953955671,fdd:3,play 130.81
3:375,184.23859,184.28206813333333,184.28206813333333,184.34722631667307,0.10863631667308482,226.234133858671,41.995543858671,fdd:1,play 130.81
5:1491,184.23859,184.30108981666663,184.30108981666663,184.36722731667308,0.12863731667309253,226.272723761671,42.034133761671,fdd:2,play 329.63
1:829,184.23859,184.30109,184.30109,184.3872273166731,0.14863731667310276,226.311313664671,42.072723664671,fdd:3,play 196.00
5:1493,184.32011149999997,184.38261131666664,184.38261131666664,184.4272283166731,0.1071168166731411,226.388493470671,42.06838197067103,fdd:4,play 329.63
5:1494,184.40163299999998,184.40163299999998,184.40163299999998,184.46722831667313,0.06559531667315355,226.465673276671,42.06404027667102,fdd:1,play 164.81
5:1495,184.40163299999998,184.46413281666665,184.46413281666665,184.48722931667314,0.08559631667316125,226.504263179671,42.102630179671024,fdd:1,play 329.63
5:1496,184.48315449999998,184.48315449999998,184.48315449999998,184.52722931667316,0.0440748166731737,226.581442985671,42.09828848567102,fdd:2,play 164.81
5:1497,184.48315449999998,184.54565431666666,184.54565431666666,184.56723031667318,0.08407581667319164,226.658622791671,42.175468291671024,fdd:2,play 329.63
3:376,184.564676,184.564676,184.564676,184.6272313166732,0.06255531667321179,226.774392500671,42.20971650067102,fdd:1,play 130.81
5:1499,184.564676,184.564676,184.564676,184.6472313166732,0.08255531667322202,226.81298240367101,42.24830640367102,fdd:3,play 329.63
1:831,184.564676,184.62717581666664,184.62717581666664,184.66723231667322,0.10255631667322973,226.85157230667102,42.286896306671025,fdd:3,play 130.81
5:1498,184.564676,184.627176,184.627176,184.68723231667323,0.12255631667323996,226.89016220967102,42.32548620967103,fdd:1,play 164.81
1:833,184.564676,184.627176,184.627176,184.70723231667324,0.1425563166732502,226.92875211267102,42.36407611267103,fdd:4,play 261.63
5:1501,184.64619749999997,184.70869731666664,184.70869731666664,184.74723331667326,0.10103581667328854,227.00593191867102,42.35973441867105,fdd:2,play 329.63
5:1502,184.72771899999998,184.72771899999998,184.72771899999998,184.78723431667328,0.05951531667329846,227.08311172467103,42.35539272467105,fdd:1,play 164.81
5:1503,184.72771899999998,184.79021881666665,184.79021881666665,184.8072343166733,0.07951531667330869,227.12170162767103,42.39398262767105,fdd:1,play 329.63
5:1504,184.8092405,184.8092405,184.8092405,184.8472353166733,0.03799481667331861,227.19888143367103,42.389640933671046,fdd:2,play 164.81
5:1505,184.8092405,184.87174031666663,184.87174031666663,184.92723631667334,0.11799581667335701,227.35324104567104,42.544000545671054,fdd:2,play 329.63
4:188,184.89076199999997,184.89076199999997,184.89076199999997,184.98723731667337,0.09647531667340559,227.43042085167104,42.53965885167108,drum:1,drum_on 392.00
1:835,184.89076199999997,184.95326181666664,184.95326181666664,185.00723731667338,0.11647531667341582,227.50760065767105,42.61683865767108,fdd:4,play 196.00
5:1506,184.89076199999997,184.95326199999997,184.95326199999997,185.0272383166734,0.13647631667342353,227.54619056067105,42.65542856067108,fdd:1,play 164.81
1:836,184.89076199999997,184.95326199999997,184.95326199999997,185.0472383166734,0.15647631667343376,227.58478046367105,42.694018463671085,fdd:3,play 261.63
5:1509,184.97228349999997,185.03478331666665,185.03478331666665,185.08723931667342,0.11495581667344368,227.66196026967106,42.68967676967108,fdd:2,play 329.63
5:1510,185.05380499999998,185.05380499999998,185.05380499999998,185.12723931667344,0.07343431667345612,227.73914007567106,42.68533507567108,fdd:1,play 164.81
5:1511,185.05380499999998,185.11630481666666,185.11630481666666,185.14724031667345,0.09343531667346383,227.77772997867106,42.72392497867108,fdd:1,play 329.63
5:1512,185.1353265,185.1353265,185.1353265,185.18724031667347,0.051913816673476276,227.85490978467107,42.719583284671074,fdd:2,play 164.81
5:1513,185.1353265,185.19782631666664,185.19782631666664,185.2472413166735,0.11191481667350445,227.97067949367107,42.83535299367108,fdd:2,play 329.63
3:378,185.21684799999997,185.21684799999997,185.21684799999997,185.2872423166735,0.07039431667354279,228.04785929967107,42.831011299671104,fdd:1,play 130.81
5:1515,185.21684799999997,185.21684799999997,185.21684799999997,185.30724231667352,0.09039431667355302,228.08644920267108,42.869601202671106,fdd:3,play 311.13
1:840,185.21684799999997,185.26032613333328,185.26032613333328,185.32724331667353,0.11039531667356073,228.12503910567108,42.90819110567111,fdd:2,play 329.63
1:837,185.21684799999997,185.27934781666664,185.27934781666664,185.34724331667354,0.13039531667357096,228.16362900867108,42.94678100867111,fdd:3,play 130.81
5:1514,185.21684799999997,185.27934799999997,185.27934799999997,185.36724331667355,0.1503953166735812,228.20221891167108,42.98537091167111,fdd:1,play 155.56
5:1517,185.29836949999998,185.32282613333328,185.32282613333328,185.38724431667356,0.08887481667358088,228.24080881467108,42.942439314671105,fdd:2,play 311.13
5:1516,185.29836949999998,185.34184781666664,185.34184781666664,185.40724431667357,0.10887481667359111,228.27939871767109,42.98102921767111,fdd:1,play 155.56
5:1518,185.379891,185.379891,185.379891,185.4672453166736,0.08735431667361127,228.3951684266711,43.015277426671105,fdd:3,play 155.56
5:1520,185.46141249999997,185.46141249999997,185.46141249999997,185.52724631667363,0.06583381667365984,228.5109381356711,43.04952563567113,fdd:1,play 155.56
5:1521,185.46141249999997,185.46141249999997,185.46141249999997,185.54724631667364,0.08583381667367007,228.5495280386711,43.08811553867113,fdd:2,play 311.13
5:1522,185.54293399999997,185.54293399999997,185.54293399999997,185.60724731667366,0.06431331667369022,228.6652977476711,43.12236374767113,fdd:1,play 155.56
5:1523,185.54293399999997,185.54293399999997,185.54293399999997,185.62724831667367,0.08431431667369793,228.7038876506711,43.16095365067113,fdd:4,play 311.13
5:1524,185.62445549999998,185.62445549999998,185.62445549999998,185.6872493166737,0.06279381667371808,228.8196573596711,43.19520185967113,fdd:1,play 155.56
5:1525,185.62445549999998,185.68695531666665,185.68695531666665,185.72724931667372,0.10279381667373855,228.89683716567112,43.27238166567113,fdd:1,play 311.13
5:1526,185.705977,185.705977,185.705977,185.74725031667373,0.041273316673738236,228.93542706867112,43.22945006867113,fdd:2,play 155.56
5:1527,185.705977,185.76847681666663,185.76847681666663,185.78725031667375,0.0812733166737587,229.01260687467112,43.30662987467113,fdd:2,play 311.13
5:1528,185.78749849999997,185.78749849999997,185.78749849999997,185.82725131667377,0.03975281667379704,229.08978668067112,43.302288180671155,fdd:1,play 155.56
5:1529,185.78749849999997,185.84999831666664,185.84999831666664,185.86999831666665,0.08249981666668305,229.16696648667113,43.37946798667116,fdd:1,play 311.13
5:1530,185.86901999999998,185.86901999999998,185.86901999999998,185.90999931666667,0.040979316666692966,229.24414629267113,43.375126292671155,fdd:2,play 155.56
5:1531,185.86901999999998,185.93151981666665,185.93151981666665,185.93151981666665,0.062499816666672814,229.28273619567113,43.41371619567116,fdd:2,play 311.13
5:1532,185.95054149999999,185.95054149999999,185.95054149999999,185.97151981666667,0.02097831666668526,229.35991600167114,43.40937450167115,fdd:1,play 155.56
5:1533,185.95054149999999,186.01304131666666,186.01304131666666,186.01304131666666,0.062499816666672814,229.39850590467114,43.447964404671154,fdd:1,play 311.13
5:1534,186.03206299999997,186.03206299999997,186.03206299999997,186.05304131666668,0.02097831666671368,229.47568571067114,43.44362271067118,fdd:2,play 155.56
5:1535,186.03206299999997,186.09456281666664,186.09456281666664,186.09456281666664,0.062499816666672814,229.51427561367115,43.48221261367118,fdd:2,play 311.13
5:1536,186.11358449999997,186.11358449999997,186.11358449999997,186.13456281666666,0.02097831666668526,229.59145541967115,43.477870919671176,fdd:1,play 155.56
5:1537,186.11358449999997,186.17608431666665,186.17608431666665,186.17608431666665,0.062499816666672814,229.63004532267115,43.51646082267118,fdd:1,play 311.13
5:1538,186.19510599999998,186.19510599999998,186.19510599999998,186.21608431666667,0.02097831666668526,229.70722512867115,43.51211912867117,fdd:2,play 155.56
5:1539,186.19510599999998,186.25760581666665,186.25760581666665,186.25760581666665,0.062499816666672814,229.74581503167116,43.550709031671175,fdd:2,play 311.13
5:1540,186.2766275,186.2766275,186.2766275,186.29760581666667,0.02097831666668526,229.82299483767116,43.54636733767117,fdd:1,play 155.56
5:1541,186.2766275,186.33912731666663,186.33912731666663,186.33912731666663,0.06249981666664439,229.86158474067116,43.58495724067117,fdd:1,play 311.13
5:1542,186.35814899999997,186.35814899999997,186.35814899999997,186.37912731666665,0.02097831666668526,229.93876454667117,43.5806155466712,fdd:2,play 155.56
5:1543,186.35814899999997,186.42064881666664,186.42064881666664,186.42064881666664,0.062499816666672814,229.97735444967117,43.6192054496712,fdd:2,play 311.13
5:1544,186.43967049999998,186.43967049999998,186.43967049999998,186.46064881666666,0.02097831666668526,230.05453425567117,43.614863755671195,fdd:1,play 155.56
5:1545,186.43967049999998,186.50217031666665,186.50217031666665,186.50217031666665,0.062499816666672814,230.09312415867117,43.6534536586712,fdd:1,play 311.13
5:1546,186.52119199999999,186.52119199999999,186.52119199999999,186.54217031666667,0.02097831666668526,230.17030396467118,43.64911196467119,fdd:2,play 155.56
5:1547,186.52119199999999,186.58369181666666,186.58369181666666,186.58369181666666,0.062499816666672814,230.20889386767118,43.687701867671194,fdd:2,play 311.13
5:1548,186.60271349999996,186.60271349999996,186.60271349999996,186.62369181666668,0.02097831666671368,230.28607367367118,43.68336017367122,fdd:1,play 155.56
5:1549,186.60271349999996,186.66521331666664,186.66521331666664,186.66521331666664,0.062499816666672814,230.32466357667118,43.72195007667122,fdd:1,play 311.13
5:1550,186.68423499999997,186.68423499999997,186.68423499999997,186.70521331666666,0.02097831666668526,230.4018433826712,43.717608382671216,fdd:2,play 155.56
5:1551,186.68423499999997,186.74673481666665,186.74673481666665,186.74673481666665,0.062499816666672814,230.4404332856712,43.75619828567122,fdd:2,play 311.13
5:1552,186.76575649999998,186.76575649999998,186.76575649999998,186.78673481666667,0.02097831666668526,230.5176130916712,43.75185659167121,fdd:1,play 155.56
5:1553,186.76575649999998,186.82825631666665,186.82825631666665,186.82825631666665,0.062499816666672814,230.5562029946712,43.790446494671215,fdd:1,play 311.13
5:1554,186.847278,186.847278,186.847278,186.86825631666667,0.02097831666668526,230.6333828006712,43.78610480067121,fdd:2,play 155.56
5:1555,186.847278,186.90977781666663,186.90977781666663,186.90977781666663,0.06249981666664439,230.6719727036712,43.82469470367121,fdd:2,play 311.13
5:1556,186.92879949999997,186.92879949999997,186.92879949999997,186.94977781666665,0.02097831666668526,230.7491525096712,43.82035300967124,fdd:1,play 155.56
5:1557,186.92879949999997,186.99129931666664,186.99129931666664,186.99129931666664,0.062499816666672814,230.7877424126712,43.85894291267124,fdd:1,play 311.13
5:1558,187.01032099999998,187.01032099999998,187.01032099999998,187.03129931666666,0.02097831666668526,230.8649222186712,43.854601218671235,fdd:2,play 155.56
5:1559,187.01032099999998,187.07282081666665,187.07282081666665,187.07282081666665,0.062499816666672814,230.9035121216712,43.89319112167124,fdd:2,play 311.13
5:1560,187.09184249999998,187.09184249999998,187.09184249999998,187.11282081666667,0.02097831666668526,230.98069192767122,43.88884942767123,fdd:1,play 155.56
5:1561,187.09184249999998,187.15434231666666,187.15434231666666,187.15434231666666,0.062499816666672814,231.01928183067122,43.927439330671234,fdd:1,play 311.13
5:1562,187.173364,187.173364,187.173364,187.19434231666668,0.02097831666668526,231.09646163667122,43.92309763667123,fdd:2,play 155.56
5:1563,187.173364,187.23586381666664,187.23586381666664,187.23586381666664,0.06249981666664439,231.13505153967122,43.96168753967123,fdd:2,play 311.13
5:1564,187.25488549999997,187.25488549999997,187.25488549999997,187.27586381666666,0.02097831666668526,231.21223134567123,43.957345845671256,fdd:1,play 155.56
5:1565,187.25488549999997,187.31738531666664,187.31738531666664,187.31738531666664,0.062499816666672814,231.25082124867123,43.99593574867126,fdd:1,play 311.13
5:1566,187.33640699999998,187.33640699999998,187.33640699999998,187.35738531666667,0.02097831666668526,231.32800105467123,43.99159405467125,fdd:2,play 155.56
5:1567,187.33640699999998,187.39890681666665,187.39890681666665,187.39890681666665,0.062499816666672814,231.36659095767124,44.030183957671255,fdd:2,play 311.13
5:1568,187.4179285,187.4179285,187.4179285,187.43890681666667,0.02097831666668526,231.44377076367124,44.02584226367125,fdd:1,play 155.56
5:1569,187.4179285,187.48042831666663,187.48042831666663,187.48042831666663,0.06249981666664439,231.48236066667124,44.06443216667125,fdd:1,play 311.13
5:1570,187.49944999999997,187.49944999999997,187.49944999999997,187.52042831666665,0.02097831666668526,231.55954047267124,44.06009047267128,fdd:2,play 155.56
5:1571,187.49944999999997,187.56194981666664,187.56194981666664,187.56194981666664,0.062499816666672814,231.59813037567125,44.09868037567128,fdd:2,play 311.13
5:1572,187.58097149999998,187.58097149999998,187.58097149999998,187.60194981666666,0.02097831666668526,231.67531018167125,44.094338681671275,fdd:1,play 155.56
5:1573,187.58097149999998,187.64347131666665,187.64347131666665,187.64347131666665,0.062499816666672814,231.71390008467125,44.132928584671276,fdd:1,play 311.13
5:1575,187.66249299999998,187.66249299999998,187.66249299999998,187.68347131666667,0.02097831666668526,231.79107989067126,44.12858689067127,fdd:2,play 155.56
5:1574,187.66249299999998,187.66249299999998,187.66249299999998,187.70347231666668,0.040979316666692966,231.82966979367126,44.167176793671274,fdd:3,play 130.81
5:1577,187.66249299999998,187.72499281666666,187.72499281666666,187.72499281666666,0.062499816666672814,231.86825969667126,44.205766696671276,fdd:2,play 311.13
5:1576,187.66249299999998,187.72499299999998,187.72499299999998,187.74499281666667,0.08249981666668305,231.90684959967126,44.24435659967128,fdd:3,play 261.63
5:1578,187.7440145,187.7440145,187.7440145,187.78499381666668,0.040979316666692966,231.98402940567127,44.24001490567127,fdd:1,play 155.56
5:1579,187.7440145,187.80651431666664,187.80651431666664,187.80651431666664,0.06249981666664439,232.02261930867127,44.278604808671275,fdd:1,play 311.13
4:189,188.96683699999997,188.96683699999997,188.96683699999997,188.98683699999998,0.020000000000010232,232.17697892067127,43.210141920671305,drum:1,drum_on 196.00
4:190,189.12987999999999,189.12987999999999,189.12987999999999,189.15085831666667,0.02097831666668526,232.29274862967128,43.162868629671294,drum:1,drum_on 220.00
4:191,189.29292299999997,189.29292299999997,189.29292299999997,189.31390131666666,0.02097831666668526,232.40851833867129,43.11559533867131,drum:1,drum_on 220.00
4:192,189.455966,189.455966,189.455966,189.47694431666667,0.02097831666668526,232.5242880476713,43.0683220476713,drum:1,drum_on 196.00
4:193,189.78205199999996,189.78205199999996,189.78205199999996,189.80303031666668,0.02097831666671368,232.6400577566713,42.85800575667133,drum:1,drum_on 185.00
4:194,190.10813799999997,190.10813799999997,190.10813799999997,190.12911631666665,0.02097831666668526,232.7558274656713,42.647689465671334,drum:1,drum_on 196.00
3:379,190.43422399999997,190.43422399999997,190.43422399999997,190.43422399999997,0.0,232.8330072716713,42.398783271671334,fdd:1,play 196.00
1:841,190.43422399999997,190.49672399999997,190.49672399999997,190.49672399999997,0.0625,232.8715971746713,42.437373174671336,fdd:1,play 196.00
4:195,190.76030999999998,190.76030999999998,190.76030999999998,190.78128831666666,0.02097831666668526,232.9873668836713,42.22705688367134,drum:1,drum_on 146.83
1:842,190.76030999999998,190.76030999999998,190.76030999999998,190.80128931666667,0.040979316666692966,233.06454668967132,42.30423668967134,fdd:1,play 146.83
1:843,191.08639599999998,191.08639599999998,191.08639599999998,191.08737431666665,0.0009783166666750276,233.18031639867132,42.093920398671344,fdd:1,play 196.00
1:844,191.41248199999998,191.41248199999998,191.41248199999998,191.41248199999998,0.0,233.25749620467133,41.845014204671344,fdd:1,play 146.83
1:845,191.738568,191.738568,191.738568,191.738568,0.0,233.33467601067133,41.596108010671344,fdd:1,play 196.00
1:846,192.064654,192.064654,192.064654,192.064654,0.0,233.41185581667133,41.347201816671344,fdd:1,play 196.00
3:380,192.39073999999997,192.39073999999997,192.39073999999997,192.39073999999997,0.0,233.48903562267134,41.09829562267137,fdd:1,play 196.00
3:381,192.71682599999997,192.71682599999997,192.71682599999997,192.71682599999997,0.0,233.56621542867134,40.84938942867137,fdd:1,play 196.00
1:847,192.71682599999997,192.77932599999997,192.77932599999997,192.77932599999997,0.0625,233.60480533167134,40.887979331671374,fdd:1,play 146.83
3:382,193.04291199999997,193.04291199999997,193.04291199999997,193.04291199999997,0.0,233.68198513767135,40.639073137671375,fdd:1,play 196.00
1:848,193.04291199999997,193.10541199999997,193.10541199999997,193.10541199999997,0.0625,233.72057504067135,40.677663040671376,fdd:1,play 246.94
1:849,193.69508399999998,193.69508399999998,193.69508399999998,193.69508399999998,0.0,233.79775484667135,40.10267084667137,fdd:1,play 196.00
1:850,194.02116999999998,194.02116999999998,194.02116999999998,194.02116999999998,0.0,233.87493465267136,39.85376465267137,fdd:1,play 146.83
4:196,194.18421299999997,194.18421299999997,194.18421299999997,194.20421299999998,0.020000000000010232,233.91352455567136,39.72931155567139,drum:1,drum_on 146.83
4:197,194.347256,194.347256,194.347256,194.36823431666667,0.02097831666668526,234.06788416767137,39.72062816767138,drum:1,drum_on 196.00
4:198,194.51029899999997,194.51029899999997,194.51029899999997,194.53127731666666,0.02097831666668526,234.18365387667137,39.6733548766714,drum:1,drum_on 220.00
4:199,194.673342,194.673342,194.673342,194.69432031666668,0.02097831666668526,234.29942358567138,39.626081585671386,drum:1,drum_on 196.00
1:851,194.673342,194.673342,194.673342,194.71432131666668,0.040979316666692966,234.37660339167138,39.70326139167139,fdd:2,play 293.66
1:852,194.99942799999997,194.99942799999997,194.99942799999997,194.99942799999997,0.0,234.45378319767138,39.45435519767142,fdd:2,play 246.94
4:200,195.32551399999997,195.32551399999997,195.32551399999997,195.34649231666666,0.02097831666668526,234.5695529066714,39.24403890667142,drum:1,drum_on 185.00
1:853,195.32551399999997,195.32551399999997,195.32551399999997,195.36649331666666,0.040979316666692966,234.6467327126714,39.321218712671424,fdd:3,play 311.13
3:383,195.65159999999997,195.65159999999997,195.65159999999997,195.65159999999997,0.0,234.7239125186714,39.072312518671424,fdd:2,play 123.47
1:854,195.65159999999997,195.71409999999997,195.71409999999997,195.71409999999997,0.0625,234.7625024216714,39.110902421671426,fdd:2,play 123.47
1:855,195.97768599999998,195.97768599999998,195.97768599999998,195.97768599999998,0.0,234.8396822276714,38.861996227671426,fdd:1,play 185.00
1:856,196.30377199999998,196.30377199999998,196.30377199999998,196.30475031666666,0.0009783166666750276,234.9554519366714,38.65167993667143,fdd:1,play 246.94
1:857,196.955944,196.955944,196.955944,196.955944,0.0,235.0326317426714,38.076687742671425,fdd:1,play 185.00
1:858,197.28202999999996,197.28202999999996,197.28202999999996,197.28202999999996,0.0,235.10981154867142,37.82778154867145,fdd:1,play 246.94
3:384,197.60811599999997,197.60811599999997,197.60811599999997,197.60811599999997,0.0,235.18699135467142,37.57887535467145,fdd:3,play 123.47
1:859,197.93420199999997,197.93420199999997,197.93420199999997,197.93420199999997,0.0,235.26417116067142,37.32996916067145,fdd:1,play 185.00
3:385,197.93420199999997,197.93420199999997,197.93420199999997,197.95420199999998,0.020000000000010232,235.30276106367143,37.368559063671455,fdd:3,play 123.47
1:860,198.26028799999997,198.26028799999997,198.26028799999997,198.26028799999997,0.0,235.41853077267143,37.15824277267146,fdd:1,play 311.13
3:386,198.26028799999997,198.26028799999997,198.26028799999997,198.28028799999998,0.020000000000010232,235.45712067567143,37.19683267567146,fdd:3,play 123.47
1:861,198.58637399999998,198.58637399999998,198.58637399999998,198.58637399999998,0.0,235.57289038467144,36.98651638467146,fdd:1,play 246.94
1:862,198.91245999999998,198.91245999999998,198.91245999999998,198.91245999999998,0.0,235.65007019067144,36.73761019067146,fdd:1,play 185.00
1:863,199.23854599999999,199.23854599999999,199.23854599999999,199.23854599999999,0.0,235.72724999667145,36.48870399667146,fdd:1,play 246.94
4:201,199.40158899999997,199.40158899999997,199.40158899999997,199.42158899999998,0.020000000000010232,235.76583989967145,36.364250899671475,drum:1,drum_on 155.56
4:202,199.564632,199.564632,199.564632,199.58561031666667,0.02097831666668526,235.92019951167146,36.35556751167147,drum:1,drum_on 220.00
4:203,199.89071799999996,199.89071799999996,199.89071799999996,199.91169631666668,0.02097831666671368,236.03596922067146,36.1452512206715,drum:1,drum_on 220.00
1:864,199.89071799999996,199.89071799999996,199.89071799999996,199.93169731666669,0.04097931666672139,236.11314902667146,36.2224310266715,fdd:1,play 185.00
4:204,200.21680399999997,200.21680399999997,200.21680399999997,200.23778231666665,0.02097831666668526,236.22891873567147,36.0121147356715,drum:1,drum_on 196.00
1:865,200.21680399999997,200.21680399999997,200.21680399999997,200.25778331666666,0.040979316666692966,236.30609854167147,36.08929454167151,fdd:1,play 311.13
4:205,200.54288999999997,200.54288999999997,200.54288999999997,200.56386831666666,0.02097831666668526,236.42186825067148,35.87897825067151,drum:1,drum_on 233.08
3:387,200.86897599999998,200.86897599999998,200.86897599999998,200.86897599999998,0.0,236.49904805667148,35.63007205667151,fdd:1,play 130.81
1:866,200.86897599999998,200.93147599999998,200.93147599999998,200.93147599999998,0.0625,236.53763795967149,35.66866195967151,fdd:1,play 130.81
4:206,201.19506199999998,201.19506199999998,201.19506199999998,201.21604031666666,0.02097831666668526,236.6534076686715,35.45834566867151,drum:1,drum_on 196.00
1:867,201.19506199999998,201.19506199999998,201.19506199999998,201.23604131666667,0.040979316666692966,236.7305874746715,35.535525474671516,fdd:1,play 196.00
1:868,201.52114799999998,201.52114799999998,201.52114799999998,201.52114799999998,0.0,236.8077672806715,35.286619280671516,fdd:1,play 261.63
1:869,202.17332,202.17332,202.17332,202.17429831666666,0.0009783166666750276,236.9235369896715,34.750216989671515,fdd:1,play 261.63
1:870,202.49940599999996,202.49940599999996,202.49940599999996,202.49940599999996,0.0,237.0007167956715,34.50131079567154,fdd:1,play 329.63
3:388,202.82549199999997,202.82549199999997,202.82549199999997,202.82549199999997,0.0,237.0778966016715,34.25240460167154,fdd:1,play 130.81
1:871,202.82549199999997,202.88799199999997,202.88799199999997,202.88799199999997,0.0625,237.1164865046715,34.290994504671545,fdd:1,play 261.63
3:389,203.15157799999997,203.15157799999997,203.15157799999997,203.15157799999997,0.0,237.19366631067152,34.042088310671545,fdd:1,play 130.81
1:872,203.15157799999997,203.21407799999997,203.21407799999997,203.21407799999997,0.0625,237.23225621367152,34.08067821367155,fdd:1,play 196.00
3:390,203.47766399999998,203.47766399999998,203.47766399999998,203.47766399999998,0.0,237.30943601967152,33.83177201967155,fdd:1,play 130.81
1:873,203.47766399999998,203.54016399999998,203.54016399999998,203.54016399999998,0.0625,237.34802592267152,33.87036192267155,fdd:1,play 329.63
1:874,203.80374999999998,203.80374999999998,203.80374999999998,203.80374999999998,0.0,237.42520572867153,33.62145572867155,fdd:1,play 261.63
1:875,204.12983599999998,204.12983599999998,204.12983599999998,204.12983599999998,0.0,237.50238553467153,33.37254953467155,fdd:1,play 196.00
1:876,204.455922,204.455922,204.455922,204.455922,0.0,237.57956534067154,33.12364334067155,fdd:1,play 261.63
4:207,204.61896499999997,204.61896499999997,204.61896499999997,204.63896499999998,0.020000000000010232,237.61815524367154,32.99919024367156,drum:1,drum_on 196.00
4:208,204.782008,204.782008,204.782008,204.80298631666668,0.02097831666668526,237.77251485567155,32.990506855671555,drum:1,drum_on 196.00
4:209,205.10809399999997,205.10809399999997,205.10809399999997,205.12907231666665,0.02097831666668526,237.88828456467155,32.780190564671585,drum:1,drum_on 220.00
1:877,205.10809399999997,205.10809399999997,205.10809399999997,205.14907331666666,0.040979316666692966,237.96546437067155,32.85737037067159,fdd:1,play 196.00
4:210,205.43417999999997,205.43417999999997,205.43417999999997,205.45515831666665,0.02097831666668526,238.08123407967156,32.64705407967159,drum:1,drum_on 196.00
1:878,205.43417999999997,205.43417999999997,205.43417999999997,205.47515931666666,0.040979316666692966,238.15841388567156,32.724233885671595,fdd:1,play 261.63
4:211,205.76026599999997,205.76026599999997,205.76026599999997,205.78124431666666,0.02097831666668526,238.27418359467157,32.5139175946716,drum:1,drum_on 233.08
1:879,205.76026599999997,205.76026599999997,205.76026599999997,205.80124531666667,0.040979316666692966,238.35136340067157,32.5910974006716,fdd:1,play 196.00
3:391,206.08635199999998,206.08635199999998,206.08635199999998,206.08635199999998,0.0,238.42854320667158,32.3421912066716,fdd:1,play 130.81
7:0,206.08635199999998,206.08635199999998,206.08635199999998,206.106352,0.020000000000010232,238.46713310967158,32.3807811096716,fdd:2,play 196.00
7:2,206.08635199999998,206.08635199999998,206.08635199999998,206.126352,0.040000000000020464,238.50572301267158,32.419371012671604,fdd:3,play 311.13
1:880,206.08635199999998,206.14885199999998,206.14885199999998,206.14885199999998,0.0625,238.54431291567158,32.457960915671606,fdd:1,play 196.00
7:1,206.08635199999998,206.14885199999998,206.14885199999998,206.168852,0.08250000000001023,238.58290281867158,32.49655081867161,fdd:2,play 261.63
4:212,206.41243799999998,206.41243799999998,206.41243799999998,206.43341631666667,0.02097831666668526,238.7758523336716,32.363414333671614,drum:1,drum_on 196.00
1:881,206.41243799999998,206.41243799999998,206.41243799999998,206.45341731666667,0.040979316666692966,238.8530321396716,32.44059413967162,fdd:1,play 261.63
1:882,206.73852399999998,206.73852399999998,206.73852399999998,206.73852399999998,0.0,238.9302119456716,32.19168794567162,fdd:1,play 196.00
1:883,207.06461,207.06461,207.06461,207.06558831666666,0.0009783166666750276,239.0459816546716,31.98137165467162,fdd:1,play 261.63
1:884,207.39069599999996,207.39069599999996,207.39069599999996,207.39069599999996,0.0,239.1231614606716,31.732465460671648,fdd:1,play 311.13
1:885,207.71678199999997,207.71678199999997,207.71678199999997,207.71678199999997,0.0,239.20034126667161,31.483559266671648,fdd:1,play 261.63
3:392,208.04286799999997,208.04286799999997,208.04286799999997,208.04286799999997,0.0,239.27752107267162,31.234653072671648,fdd:1,play 130.81
1:886,208.04286799999997,208.10536799999997,208.10536799999997,208.10536799999997,0.0625,239.31611097567162,31.27324297567165,fdd:1,play 196.00
3:393,208.36895399999997,208.36895399999997,208.36895399999997,208.36895399999997,0.0,239.39329078167162,31.02433678167165,fdd:1,play 130.81
1:887,208.36895399999997,208.43145399999997,208.43145399999997,208.43145399999997,0.0625,239.43188068467163,31.062926684671652,fdd:1,play 261.63
3:394,208.69503999999998,208.69503999999998,208.69503999999998,208.69503999999998,0.0,239.50906049067163,30.814020490671652,fdd:1,play 130.81
1:888,208.69503999999998,208.75753999999998,208.75753999999998,208.75753999999998,0.0625,239.54765039367163,30.852610393671654,fdd:1,play 311.13
1:889,209.02112599999998,209.02112599999998,209.02112599999998,209.02112599999998,0.0,239.62483019967164,30.603704199671654,fdd:1,play 196.00
1:890,209.34721199999998,209.34721199999998,209.34721199999998,209.34721199999998,0.0,239.70201000567164,30.354798005671654,fdd:1,play 261.63
1:891,209.673298,209.673298,209.673298,209.673298,0.0,239.77918981167164,30.105891811671654,fdd:1,play 196.00
4:213,209.83634099999998,209.83634099999998,209.83634099999998,209.856341,0.020000000000010232,239.81777971467164,29.98143871467167,drum:1,drum_on 196.00
4:214,209.99938399999996,209.99938399999996,209.99938399999996,210.02036231666665,0.02097831666668526,239.97213932667165,29.972755326671688,drum:1,drum_on 196.00
4:215,210.32546999999997,210.32546999999997,210.32546999999997,210.34644831666665,0.02097831666668526,240.08790903567166,29.76243903567169,drum:1,drum_on 220.00
5:1580,210.32546999999997,210.32546999999997,210.32546999999997,210.36644931666666,0.040979316666692966,240.16508884167166,29.839618841671694,fdd:1,play 207.65
1:892,210.32546999999997,210.32546999999997,210.32546999999997,210.38644931666667,0.0609793166667032,240.20367874467166,29.878208744671696,fdd:2,play 311.13
5:1581,210.32546999999997,210.38796999999997,210.38796999999997,210.40644931666668,0.08097931666671343,240.24226864767166,29.916798647671698,fdd:1,play 207.65
4:216,210.48851299999998,210.48851299999998,210.48851299999998,210.50949131666667,0.02097831666668526,240.31944845367167,29.830935453671685,drum:1,drum_on 246.94
1:893,210.65155599999997,210.65155599999997,210.65155599999997,210.65155599999997,0.0,240.47380806567168,29.822252065671705,fdd:3,play 261.63
4:217,210.97764199999997,210.97764199999997,210.97764199999997,210.99862031666666,0.02097831666668526,240.58957777467168,29.611935774671707,drum:1,drum_on 246.94
3:395,211.30372799999998,211.30372799999998,211.30372799999998,211.30470631666665,0.0009783166666750276,240.7053474836717,29.40161948367171,fdd:1,play 196.00
7:4,211.30372799999998,211.30372799999998,211.30372799999998,211.32470631666666,0.02097831666668526,240.7439373866717,29.44020938667171,fdd:2,play 196.00
7:3,211.30372799999998,211.30372799999998,211.30372799999998,211.34470731666667,0.040979316666692966,240.7825272896717,29.478799289671713,fdd:3,play 293.66
5:1583,211.30372799999998,211.30372799999998,211.30372799999998,211.36470731666668,0.0609793166667032,240.8211171926717,29.517389192671715,fdd:4,play 146.83
1:894,211.30372799999998,211.36622799999998,211.36622799999998,211.3847073166667,0.08097931666671343,240.8597070956717,29.555979095671717,fdd:1,play 196.00
7:5,211.30372799999998,211.36622799999998,211.36622799999998,211.4047083166667,0.10098031666672114,240.8982969986717,29.59456899867172,fdd:2,play 246.94
5:1582,211.30372799999998,211.36622799999998,211.36622799999998,211.4247083166667,0.12098031666673137,240.9368869016717,29.63315890167172,fdd:3,play 98.00
1:895,211.62981399999998,211.62981399999998,211.62981399999998,211.62981399999998,0.0,241.1298364166717,29.500022416671726,fdd:1,play 146.83
1:896,211.95589999999999,211.95589999999999,211.95589999999999,211.95589999999999,0.0,241.2070162226717,29.251116222671726,fdd:1,play 246.94
1:897,212.281986,212.281986,212.281986,212.281986,0.0,241.28419602867172,29.002210028671726,fdd:1,play 146.83
3:396,212.44502899999998,212.44502899999998,212.44502899999998,212.462029,0.01700000000002433,241.36137583467172,28.916346834671742,fdd:1,play 196.00
3:397,212.60807199999996,212.60807199999996,212.60807199999996,212.61607199999997,0.008000000000009777,241.43855564067172,28.83048364067176,fdd:1,play 196.00
1:898,212.60807199999996,212.67057199999996,212.67057199999996,212.67057199999996,0.0625,241.47714554367172,28.86907354367176,fdd:1,play 196.00
3:398,212.93415799999997,212.93415799999997,212.93415799999997,212.93415799999997,0.0,241.55432534967173,28.62016734967176,fdd:1,play 196.00
1:899,212.93415799999997,212.99665799999997,212.99665799999997,212.99665799999997,0.0625,241.59291525267173,28.658757252671762,fdd:1,play 246.94
1:900,213.26024399999997,213.26024399999997,213.26024399999997,213.26024399999997,0.0,241.67009505867173,28.409851058671762,fdd:1,play 196.00
3:399,213.58632999999998,213.58632999999998,213.58632999999998,213.58632999999998,0.0,241.74727486467174,28.160944864671762,fdd:1,play 196.00
1:901,213.58632999999998,213.58632999999998,213.58632999999998,213.60632999999999,0.020000000000010232,241.78586476767174,28.199534767671764,fdd:2,play 246.94
3:400,213.91241599999998,213.91241599999998,213.91241599999998,213.91241599999998,0.0,241.90163447667175,27.989218476671766,fdd:1,play 196.00
7:7,213.91241599999998,213.91241599999998,213.91241599999998,213.932416,0.020000000000010232,241.94022437967175,28.027808379671768,fdd:2,play 196.00
1:902,213.91241599999998,213.91241599999998,213.91241599999998,213.952416,0.040000000000020464,241.97881428267175,28.06639828267177,fdd:4,play 196.00
7:6,213.91241599999998,213.97491599999998,213.97491599999998,213.97491599999998,0.0625,242.01740418567175,28.104988185671772,fdd:1,play 293.66
7:8,213.91241599999998,213.97491599999998,213.97491599999998,213.994916,0.08250000000001023,242.05599408867175,28.143578088671774,fdd:2,play 261.63
1:903,214.23850199999998,214.23850199999998,214.23850199999998,214.23850199999998,0.0,242.21035370067176,27.971851700671778,fdd:1,play 293.66
1:904,214.564588,214.564588,214.564588,214.564588,0.0,242.28753350667176,27.722945506671778,fdd:1,play 246.94
7:11,214.89067399999996,214.89067399999996,214.89067399999996,214.89067399999996,0.0,242.36471331267177,27.474039312671806,fdd:1,play 246.94
7:9,214.89067399999996,214.89067399999996,214.89067399999996,214.91067399999997,0.020000000000010232,242.40330321567177,27.512629215671808,fdd:4,play 293.66
1:905,214.89067399999996,214.95317399999996,214.95317399999996,214.95317399999996,0.0625,242.44189311867177,27.55121911867181,fdd:1,play 293.66
7:10,214.89067399999996,214.95317399999996,214.95317399999996,214.97317399999997,0.08250000000001023,242.48048302167177,27.58980902167181,fdd:4,play 196.00
3:401,215.05371699999998,215.05371699999998,215.05371699999998,215.070717,0.01700000000002433,242.55766282767178,27.5039458276718,fdd:1,play 196.00
4:218,215.21675999999997,215.21675999999997,215.21675999999997,215.24475999999999,0.02800000000002001,242.67343253667178,27.456672536671817,drum:1,drum_on 196.00
3:402,215.21675999999997,215.21675999999997,215.21675999999997,215.264761,0.048001000000027716,242.7506123426718,27.53385234267182,fdd:1,play 196.00
4:219,215.54284599999997,215.54284599999997,215.54284599999997,215.56382431666665,0.02097831666668526,242.8663820516718,27.323536051671823,drum:1,drum_on 220.00
1:906,215.54284599999997,215.54284599999997,215.54284599999997,215.58382531666666,0.040979316666692966,242.9435618576718,27.400715857671827,fdd:1,play 246.94
7:12,215.54284599999997,215.54284599999997,215.54284599999997,215.60382531666667,0.0609793166667032,242.9821517606718,27.43930576067183,fdd:4,play 196.00
4:220,215.70588899999998,215.70588899999998,215.70588899999998,215.72686731666667,0.02097831666668526,243.0593315666718,27.353442566671816,drum:1,drum_on 246.94
3:403,215.86893199999997,215.86893199999997,215.86893199999997,215.86893199999997,0.0,243.2136911786718,27.344759178671836,fdd:1,play 196.00
1:907,215.86893199999997,215.86893199999997,215.86893199999997,215.88893199999998,0.020000000000010232,243.2522810816718,27.383349081671838,fdd:2,play 196.00
4:221,216.19501799999998,216.19501799999998,216.19501799999998,216.21599631666666,0.02097831666668526,243.40664069367182,27.211622693671842,drum:1,drum_on 246.94
1:908,216.19501799999998,216.19501799999998,216.19501799999998,216.23599731666667,0.040979316666692966,243.48382049967182,27.288802499671846,fdd:2,play 246.94
5:1585,216.52110399999998,216.52110399999998,216.52110399999998,216.52110399999998,0.0,243.56100030567183,27.039896305671846,fdd:1,play 185.00
3:404,216.52110399999998,216.52110399999998,216.52110399999998,216.541104,0.020000000000010232,243.59959020867183,27.078486208671848,fdd:2,play 123.47
1:909,216.52110399999998,216.52110399999998,216.52110399999998,216.561104,0.040000000000020464,243.63818011167183,27.11707611167185,fdd:3,play 123.47
7:15,216.52110399999998,216.52110399999998,216.52110399999998,216.581105,0.06000100000002817,243.67677001467183,27.15566601467185,fdd:4,play 246.94
7:13,216.52110399999998,216.58360399999998,216.58360399999998,216.60110500000002,0.0800010000000384,243.71535991767183,27.194255917671853,fdd:1,play 311.13
5:1584,216.52110399999998,216.58360399999998,216.58360399999998,216.62110500000003,0.10000100000004863,243.75394982067183,27.232845820671855,fdd:2,play 123.47
7:14,216.52110399999998,216.58360399999998,216.58360399999998,216.64110600000004,0.12000200000005634,243.79253972367184,27.271435723671857,fdd:3,play 185.00
4:222,216.84718999999998,216.84718999999998,216.84718999999998,216.87360500000003,0.02641500000004271,244.02407914167185,27.176889141671865,drum:1,drum_on 185.00
1:910,216.84718999999998,216.84718999999998,216.84718999999998,216.89360600000003,0.04641600000005042,244.10125894767185,27.25406894767187,fdd:1,play 246.94
1:911,217.173276,217.173276,217.173276,217.173276,0.0,244.17843875367186,27.00516275367187,fdd:2,play 185.00
4:223,217.49936199999996,217.49936199999996,217.49936199999996,217.52034031666668,0.02097831666671368,244.29420846267186,26.7948464626719,drum:1,drum_on 164.81
1:912,217.49936199999996,217.49936199999996,217.49936199999996,217.54034131666668,0.04097931666672139,244.37138826867186,26.872026268671902,fdd:1,play 246.94
4:224,217.66240499999998,217.66240499999998,217.66240499999998,217.68338331666666,0.02097831666668526,244.44856807467187,26.78616307467189,drum:1,drum_on 155.56
3:405,217.66240499999998,217.66240499999998,217.66240499999998,217.70338431666667,0.040979316666692966,244.52574788067187,26.863342880671894,fdd:3,play 123.47
3:406,217.82544799999997,217.82544799999997,217.82544799999997,217.83344799999998,0.008000000000009777,244.64151758967188,26.816069589671912,fdd:3,play 123.47
1:913,217.82544799999997,217.88794799999997,217.88794799999997,217.88794799999997,0.0625,244.68010749267188,26.854659492671914,fdd:3,play 311.13
3:407,218.15153399999997,218.15153399999997,218.15153399999997,218.15153399999997,0.0,244.75728729867188,26.605753298671914,fdd:3,play 123.47
1:914,218.15153399999997,218.15153399999997,218.15153399999997,218.17153399999998,0.020000000000010232,244.79587720167189,26.644343201671916,fdd:4,play 185.00
1:915,218.47761999999997,218.47761999999997,218.47761999999997,218.47859831666665,0.0009783166666750276,244.9502368136719,26.47261681367192,fdd:4,play 311.13
1:916,218.80370599999998,218.80370599999998,218.80370599999998,218.80370599999998,0.0,245.0274166196719,26.22371061967192,fdd:2,play 185.00
3:408,218.80370599999998,218.80370599999998,218.80370599999998,218.823706,0.020000000000010232,245.0660065226719,26.26230052267192,fdd:4,play 123.47
1:917,219.12979199999998,219.12979199999998,219.12979199999998,219.12979199999998,0.0,245.1817762316719,26.051984231671923,fdd:1,play 246.94
3:409,219.12979199999998,219.12979199999998,219.12979199999998,219.149792,0.020000000000010232,245.2203661346719,26.090574134671925,fdd:2,play 123.47
7:17,219.12979199999998,219.12979199999998,219.12979199999998,219.169792,0.040000000000020464,245.2589560376719,26.129164037671927,fdd:3,play 185.00
5:1587,219.12979199999998,219.12979199999998,219.12979199999998,219.189793,0.06000100000002817,245.2975459406719,26.16775394067193,fdd:4,play 185.00
5:1586,219.12979199999998,219.19229199999998,219.19229199999998,219.20979300000002,0.0800010000000384,245.3361358436719,26.20634384367193,fdd:1,play 246.94
7:16,219.12979199999998,219.19229199999998,219.19229199999998,219.22979300000003,0.10000100000004863,245.3747257466719,26.244933746671933,fdd:2,play 311.13
7:18,219.12979199999998,219.19229199999998,219.19229199999998,219.24979400000004,0.12000200000005634,245.41331564967192,26.283523649671935,fdd:3,play 261.63
1:918,219.45587799999998,219.45587799999998,219.45587799999998,219.45587799999998,0.0,245.60626516467192,26.15038716467194,fdd:2,play 185.00
1:919,219.781964,219.781964,219.781964,219.781964,0.0,245.68344497067193,25.90148097067194,fdd:1,play 311.13
4:225,219.99935466666665,219.99935466666665,219.99935466666665,220.01935466666666,0.020000000000010232,245.76062477667193,25.761270110005285,drum:1,drum_on 246.94
7:19,220.10804999999996,220.10804999999996,220.10804999999996,220.10804999999996,0.0,245.83780458267194,25.729754582671973,fdd:1,play 311.13
7:20,220.10804999999996,220.10804999999996,220.10804999999996,220.12804999999997,0.020000000000010232,245.87639448567194,25.768344485671975,fdd:2,play 185.00
1:920,220.10804999999996,220.10804999999996,220.10804999999996,220.14804999999998,0.040000000000020464,245.91498438867194,25.806934388671976,fdd:3,play 185.00
7:21,220.10804999999996,220.17054999999996,220.17054999999996,220.17054999999996,0.0625,245.95357429167194,25.84552429167198,fdd:1,play 246.94
4:226,220.2167453333333,220.2167453333333,220.2167453333333,220.23772365,0.02097831666668526,246.03075409767195,25.814008764338638,drum:1,drum_on 246.94
3:410,220.27109299999998,220.27109299999998,220.27109299999998,220.288093,0.01700000000002433,246.14652380667195,25.87543080667197,fdd:3,play 123.47
4:227,220.43413599999997,220.43413599999997,220.43413599999997,220.47511431666666,0.04097831666669549,246.33947332167196,25.905337321671993,drum:1,drum_on 261.63
3:411,220.43413599999997,220.43413599999997,220.43413599999997,220.49511531666667,0.0609793166667032,246.41665312767196,25.982517127671997,fdd:3,play 123.47
4:228,220.59717899999998,220.59717899999998,220.59717899999998,220.61815731666667,0.02097831666668526,246.49383293367197,25.896653933671985,drum:1,drum_on 246.94
4:229,220.76022199999997,220.76022199999997,220.76022199999997,220.78120031666666,0.02097831666668526,246.64819254567198,25.887970545672005,drum:1,drum_on 246.94
1:921,220.76022199999997,220.76022199999997,220.76022199999997,220.80120131666666,0.040979316666692966,246.72537235167198,25.96515035167201,fdd:1,play 311.13
3:412,220.76022199999997,220.76022199999997,220.76022199999997,220.82120131666667,0.0609793166667032,246.76396225467198,26.00374025467201,fdd:3,play 123.47
7:22,220.76022199999997,220.76022199999997,220.76022199999997,220.84120131666668,0.08097931666671343,246.80255215767198,26.042330157672012,fdd:4,play 220.00
7:23,220.76022199999997,220.82272199999997,220.82272199999997,220.8612023166667,0.10098031666672114,246.84114206067198,26.080920060672014,fdd:4,play 246.94
4:230,221.08630799999997,221.08630799999997,221.08630799999997,221.10728631666666,0.02097831666668526,247.034091575672,25.94778357567202,drum:1,drum_on 246.94
1:922,221.08630799999997,221.08630799999997,221.08630799999997,221.12728731666667,0.040979316666692966,247.111271381672,26.024963381672023,fdd:1,play 246.94
4:231,221.24935099999996,221.24935099999996,221.24935099999996,221.27032931666668,0.02097831666671368,247.188451187672,25.93910018767204,drum:1,drum_on 220.00
7:24,221.41239399999998,221.41239399999998,221.41239399999998,221.41239399999998,0.0,247.304220896672,25.89182689667203,fdd:1,play 185.00
3:413,221.41239399999998,221.41239399999998,221.41239399999998,221.432394,0.020000000000010232,247.342810799672,25.93041679967203,fdd:4,play 123.47
7:25,221.41239399999998,221.47489399999998,221.47489399999998,221.47489399999998,0.0625,247.381400702672,25.969006702672033,fdd:4,play 185.00
4:232,221.57543699999997,221.57543699999997,221.57543699999997,221.59641531666665,0.02097831666668526,247.45858050867201,25.88314350867205,drum:1,drum_on 246.94
3:414,221.73847999999998,221.73847999999998,221.73847999999998,221.73847999999998,0.0,247.61294012067202,25.87446012067204,fdd:1,play 130.81
7:27,221.73847999999998,221.73847999999998,221.73847999999998,221.75848,0.020000000000010232,247.65153002367202,25.913050023672042,fdd:2,play 329.63
1:923,221.73847999999998,221.73847999999998,221.73847999999998,221.77848,0.040000000000020464,247.69011992667203,25.951639926672044,fdd:3,play 130.81
5:1589,221.73847999999998,221.73847999999998,221.73847999999998,221.798481,0.06000100000002817,247.72870982967203,25.990229829672046,fdd:4,play 196.00
7:26,221.73847999999998,221.80097999999998,221.80097999999998,221.81848100000002,0.0800010000000384,247.76729973267203,26.028819732672048,fdd:1,play 261.63
7:28,221.73847999999998,221.80097999999998,221.80097999999998,221.83848100000003,0.10000100000004863,247.80588963567203,26.06740963567205,fdd:2,play 196.00
5:1588,221.73847999999998,221.80097999999998,221.80097999999998,221.85848200000004,0.12000200000005634,247.84447953867203,26.10599953867205,fdd:3,play 130.81
1:924,222.06456599999999,222.06456599999999,222.06456599999999,222.06456599999999,0.0,248.03742905367204,25.972863053672057,fdd:2,play 261.63
1:925,222.390652,222.390652,222.390652,222.390652,0.0,248.11460885967205,25.723956859672057,fdd:3,play 329.63
1:926,222.71673799999996,222.71673799999996,222.71673799999996,222.71673799999996,0.0,248.19178866567205,25.475050665672086,fdd:2,play 261.63
3:415,222.87978099999998,222.87978099999998,222.87978099999998,222.87978099999998,0.0,248.23037856867205,25.35059756867207,fdd:1,play 130.81
3:416,223.04282399999997,223.04282399999997,223.04282399999997,223.05082399999998,0.008000000000009777,248.34614827767206,25.30332427767209,fdd:1,play 130.81
1:927,223.04282399999997,223.10532399999997,223.10532399999997,223.10532399999997,0.0625,248.38473818067206,25.34191418067209,fdd:1,play 329.63
3:417,223.36890999999997,223.36890999999997,223.36890999999997,223.36890999999997,0.0,248.46191798667206,25.09300798667209,fdd:1,play 130.81
1:928,223.36890999999997,223.43140999999997,223.43140999999997,223.43140999999997,0.0625,248.50050788967206,25.131597889672094,fdd:1,play 261.63
1:929,223.69499599999997,223.69499599999997,223.69499599999997,223.69597431666665,0.0009783166666750276,248.61627759867207,24.921281598672095,fdd:2,play 196.00
7:29,223.69499599999997,223.69499599999997,223.69499599999997,223.71597431666666,0.02097831666668526,248.65486750167207,24.959871501672097,fdd:3,play 261.63
7:30,223.69499599999997,223.69499599999997,223.69499599999997,223.73597531666667,0.040979316666692966,248.69345740467207,24.9984614046721,fdd:4,play 329.63
7:31,223.69499599999997,223.75749599999997,223.75749599999997,223.75749599999997,0.0625,248.73204730767208,25.0370513076721,fdd:4,play 220.00
3:418,224.02108199999998,224.02108199999998,224.02108199999998,224.02108199999998,0.0,248.88640691967208,24.865324919672105,fdd:1,play 130.81
1:930,224.02108199999998,224.02108199999998,224.02108199999998,224.041082,0.020000000000010232,248.92499682267209,24.903914822672107,fdd:2,play 329.63
3:419,224.34716799999998,224.34716799999998,224.34716799999998,224.34716799999998,0.0,249.0407665316721,24.69359853167211,fdd:1,play 130.81
7:33,224.34716799999998,224.34716799999998,224.34716799999998,224.367168,0.020000000000010232,249.0793564346721,24.73218843467211,fdd:2,play 196.00
7:34,224.34716799999998,224.34716799999998,224.34716799999998,224.387168,0.040000000000020464,249.1179463376721,24.770778337672112,fdd:4,play 261.63
7:32,224.34716799999998,224.40966799999998,224.40966799999998,224.40966799999998,0.0625,249.1565362406721,24.809368240672114,fdd:1,play 329.63
1:931,224.34716799999998,224.40966799999998,224.40966799999998,224.429668,0.08250000000001023,249.1951261436721,24.847958143672116,fdd:2,play 261.63
1:932,224.673254,224.673254,224.673254,224.673254,0.0,249.3494857556721,24.67623175567212,fdd:2,play 196.00
1:933,224.99933999999996,224.99933999999996,224.99933999999996,224.99933999999996,0.0,249.4266655616721,24.42732556167215,fdd:1,play 329.63
7:35,225.32542599999996,225.32542599999996,225.32542599999996,225.32542599999996,0.0,249.5038453676721,24.17841936767215,fdd:1,play 261.63
7:36,225.32542599999996,225.32542599999996,225.32542599999996,225.34542599999997,0.020000000000010232,249.54243527067212,24.21700927067215,fdd:2,play 329.63
1:934,225.32542599999996,225.32542599999996,225.32542599999996,225.36542599999999,0.040000000000020464,249.58102517367212,24.255599173672152,fdd:3,play 196.00
7:37,225.32542599999996,225.38792599999996,225.38792599999996,225.38792599999996,0.0625,249.61961507667212,24.294189076672154,fdd:2,play 246.94
3:420,225.48846899999998,225.48846899999998,225.48846899999998,225.505469,0.01700000000002433,249.69679488267212,24.208325882672142,fdd:1,play 130.81
4:233,225.65151199999997,225.65151199999997,225.65151199999997,225.679512,0.02800000000002001,249.85115449467213,24.19964249467216,drum:1,drum_on 196.00
3:421,225.65151199999997,225.65151199999997,225.65151199999997,225.699513,0.048001000000027716,249.92833430067213,24.276822300672166,fdd:1,play 130.81
4:234,225.97759799999997,225.97759799999997,225.97759799999997,225.99857631666666,0.02097831666668526,250.04410400967214,24.066506009672167,drum:1,drum_on 220.00
3:422,225.97759799999997,225.97759799999997,225.97759799999997,226.01857731666666,0.040979316666692966,250.12128381567214,24.14368581567217,fdd:1,play 130.81
1:935,225.97759799999997,226.04009799999997,226.04009799999997,226.04009799999997,0.0625,250.15987371867215,24.182275718672173,fdd:1,play 329.63
4:235,226.30368399999998,226.30368399999998,226.30368399999998,226.32466231666666,0.02097831666668526,250.27564342767215,23.971959427672175,drum:1,drum_on 196.00
7:38,226.30368399999998,226.30368399999998,226.30368399999998,226.34466331666667,0.040979316666692966,250.35282323367215,24.04913923367218,fdd:1,play 261.63
7:39,226.30368399999998,226.30368399999998,226.30368399999998,226.36466331666668,0.0609793166667032,250.39141313667216,24.08772913667218,fdd:3,play 329.63
7:40,226.30368399999998,226.36618399999998,226.36618399999998,226.3846633166667,0.08097931666671343,250.43000303967216,24.126319039672182,fdd:1,play 220.00
1:936,226.30368399999998,226.36618399999998,226.36618399999998,226.4046643166667,0.10098031666672114,250.46859294267216,24.164908942672184,fdd:3,play 261.63
4:236,226.62976999999998,226.62976999999998,226.62976999999998,226.65074831666666,0.02097831666668526,250.62295255467217,23.993182554672188,drum:1,drum_on 233.08
3:423,226.62976999999998,226.62976999999998,226.62976999999998,226.67074931666667,0.040979316666692966,250.70013236067217,24.070362360672192,fdd:1,play 130.81
1:937,226.62976999999998,226.62976999999998,226.62976999999998,226.69074931666668,0.0609793166667032,250.73872226367217,24.108952263672194,fdd:3,play 196.00
3:424,226.95585599999998,226.95585599999998,226.95585599999998,226.95585599999998,0.0,250.85449197267218,23.898635972672196,fdd:1,play 130.81
7:41,226.95585599999998,226.95585599999998,226.95585599999998,226.975856,0.020000000000010232,250.89308187567218,23.937225875672198,fdd:2,play 196.00
7:43,226.95585599999998,226.95585599999998,226.95585599999998,226.995856,0.040000000000020464,250.93167177867218,23.9758157786722,fdd:3,play 311.13
5:1591,226.95585599999998,226.95585599999998,226.95585599999998,227.015857,0.06000100000002817,250.97026168167218,24.0144056816722,fdd:4,play 196.00
1:938,226.95585599999998,227.01835599999998,227.01835599999998,227.03585700000002,0.0800010000000384,251.0088515846722,24.052995584672203,fdd:1,play 196.00
7:42,226.95585599999998,227.01835599999998,227.01835599999998,227.05585700000003,0.10000100000004863,251.0474414876722,24.091585487672205,fdd:2,play 261.63
5:1590,226.95585599999998,227.01835599999998,227.01835599999998,227.07585800000004,0.12000200000005634,251.0860313906722,24.130175390672207,fdd:3,play 130.81
4:237,227.281942,227.281942,227.281942,227.30835700000003,0.02641500000004271,251.3175708086722,24.035628808672215,drum:1,drum_on 196.00
1:939,227.281942,227.281942,227.281942,227.32835800000004,0.04641600000005042,251.3947506146722,24.11280861467222,fdd:1,play 311.13
1:940,227.60802799999996,227.60802799999996,227.60802799999996,227.60802799999996,0.0,251.4719304206722,23.863902420672247,fdd:1,play 261.63
1:941,227.93411399999997,227.93411399999997,227.93411399999997,227.93411399999997,0.0,251.5491102266722,23.614996226672247,fdd:1,play 196.00
7:44,229.23845799999998,229.23845799999998,229.23845799999998,229.23845799999998,0.0,251.66487993567222,22.426421935672238,fdd:1,play 146.83
7:45,229.56454399999998,229.56454399999998,229.56454399999998,229.56454399999998,0.0,251.74205974167222,22.177515741672238,fdd:1,play 261.63
7:46,229.56454399999998,229.62704399999998,229.62704399999998,229.62704399999998,0.0625,251.78064964467222,22.21610564467224,fdd:1,play 311.13
7:47,230.54280199999997,230.54280199999997,230.54280199999997,230.54280199999997,0.0,251.85782945067223,21.31502745067226,fdd:1,play 293.66
7:48,230.54280199999997,230.54280199999997,230.54280199999997,230.56280199999998,0.020000000000010232,251.89641935367223,21.353617353672263,fdd:2,play 246.94
4:238,230.86888799999997,230.86888799999997,230.86888799999997,230.88888799999998,0.020000000000010232,252.01218906267223,21.143301062672265,drum:1,drum_on 196.00
4:239,231.19497399999997,231.19497399999997,231.19497399999997,231.21595231666666,0.02097831666668526,252.12795877167224,20.932984771672267,drum:1,drum_on 220.00
4:240,231.52105999999998,231.52105999999998,231.52105999999998,231.54203831666666,0.02097831666668526,252.24372848067225,20.72266848067227,drum:1,drum_on 196.00
7:49,231.52105999999998,231.52105999999998,231.52105999999998,231.56203931666667,0.040979316666692966,252.32090828667225,20.799848286672272,fdd:2,play 261.63
7:50,231.52105999999998,231.52105999999998,231.52105999999998,231.58203931666668,0.0609793166667032,252.35949818967225,20.838438189672274,fdd:3,play 220.00
4:241,231.84714599999998,231.84714599999998,231.84714599999998,231.86812431666667,0.02097831666668526,252.51385780167226,20.666711801672278,drum:1,drum_on 246.94
3:425,232.17323199999998,232.17323199999998,232.17323199999998,232.17323199999998,0.0,252.59103760767226,20.41780560767228,fdd:1,play 196.00
7:52,232.17323199999998,232.17323199999998,232.17323199999998,232.193232,0.020000000000010232,252.62962751067226,20.45639551067228,fdd:3,play 196.00
7:51,232.17323199999998,232.23573199999998,232.23573199999998,232.23573199999998,0.0625,252.66821741367227,20.494985413672282,fdd:1,play 293.66
7:53,232.17323199999998,232.23573199999998,232.23573199999998,232.255732,0.08250000000001023,252.70680731667227,20.533575316672284,fdd:3,play 246.94
4:242,232.49931799999996,232.49931799999996,232.49931799999996,232.52029631666667,0.02097831666671368,252.86116692867228,20.361848928672316,drum:1,drum_on 196.00
3:426,232.82540399999996,232.82540399999996,232.82540399999996,232.82540399999996,0.0,252.93834673467228,20.112942734672316,fdd:2,play 110.00
3:427,233.47757599999997,233.47757599999997,233.47757599999997,233.47855431666665,0.0009783166666750276,253.05411644367229,19.576540443672314,fdd:1,play 196.00
