eventId,originalTime,plannedTime,commandTime,dispatchTime,deltaFromOriginal,deliveryTime,deliveryDelta,device,command
3:0,2.608688,2.608688,2.608688,2.608688,0.0,2.608688,0.0,fdd:1,play 196.00
1:0,2.608688,2.671188,2.671188,2.671188,0.0625,2.671188,0.0625,fdd:1,play 196.00
1:1,2.9347739999999995,2.9347739999999995,2.9347739999999995,2.9347739999999995,0.0,2.9347739999999995,0.0,fdd:1,play 146.83
1:2,3.2608599999999996,3.2608599999999996,3.2608599999999996,3.2608599999999996,0.0,3.2608599999999996,0.0,fdd:1,play 196.00
1:3,3.5869459999999997,3.5869459999999997,3.5869459999999997,3.5869459999999997,0.0,3.5869459999999997,0.0,fdd:1,play 146.83
3:1,3.7499889999999994,3.7499889999999994,3.7499889999999994,3.7669889999999993,0.016999999999999904,3.785578902521343,0.03558990252134375,fdd:1,play 196.00
3:2,3.9130319999999994,3.9130319999999994,3.9130319999999994,3.9210319999999994,0.008000000000000007,3.9396219025213433,0.026589902521343856,fdd:1,play 196.00
1:4,3.9130319999999994,3.9755319999999994,3.9755319999999994,3.9755319999999994,0.0625,3.978211805042687,0.06517980504268772,fdd:1,play 196.00
3:3,4.2391179999999995,4.2391179999999995,4.2391179999999995,4.2391179999999995,0.0,4.2391179999999995,0.0,fdd:1,play 196.00
1:5,4.2391179999999995,4.3016179999999995,4.3016179999999995,4.3016179999999995,0.0625,4.3016179999999995,0.0625,fdd:1,play 246.94
3:4,4.89129,4.89129,4.89129,4.89129,0.0,4.89129,0.0,fdd:1,play 196.00
1:6,4.89129,4.95379,4.95379,4.95379,0.0625,4.95379,0.0625,fdd:1,play 196.00
3:5,5.217376,5.217376,5.217376,5.217376,0.0,5.217376,0.0,fdd:1,play 196.00
1:7,5.217376,5.279876,5.279876,5.279876,0.0625,5.279876,0.0625,fdd:1,play 293.66
1:8,5.543461999999999,5.543461999999999,5.543461999999999,5.543461999999999,0.0,5.543461999999999,0.0,fdd:1,play 246.94
1:9,5.869547999999999,5.869547999999999,5.869547999999999,5.869547999999999,0.0,5.869547999999999,0.0,fdd:1,play 196.00
1:10,6.195633999999999,6.195633999999999,6.195633999999999,6.195633999999999,0.0,6.195633999999999,0.0,fdd:2,play 246.94
3:6,6.358676999999999,6.358676999999999,6.358676999999999,6.358676999999999,0.0,6.358676999999999,0.0,fdd:1,play 196.00
3:7,6.521719999999999,6.521719999999999,6.521719999999999,6.529719999999999,0.008000000000000007,6.548309902521344,0.0265899025213443,fdd:1,play 196.00
3:8,6.847805999999999,6.847805999999999,6.847805999999999,6.847805999999999,0.0,6.847805999999999,0.0,fdd:1,play 196.00
1:11,7.1738919999999995,7.1738919999999995,7.1738919999999995,7.1738919999999995,0.0,7.1738919999999995,0.0,fdd:1,play 293.66
3:9,7.499977999999999,7.499977999999999,7.499977999999999,7.499977999999999,0.0,7.499977999999999,0.0,fdd:1,play 196.00
3:10,7.826063999999999,7.826063999999999,7.826063999999999,7.826063999999999,0.0,7.826063999999999,0.0,fdd:2,play 123.47
1:12,7.826063999999999,7.888563999999999,7.888563999999999,7.888563999999999,0.0625,7.888563999999999,0.0625,fdd:2,play 123.47
1:13,8.152149999999999,8.152149999999999,8.152149999999999,8.152149999999999,0.0,8.152149999999999,0.0,fdd:1,play 185.00
1:14,8.478235999999999,8.478235999999999,8.478235999999999,8.478235999999999,0.0,8.478235999999999,0.0,fdd:2,play 311.13
1:15,8.804321999999999,8.804321999999999,8.804321999999999,8.804321999999999,0.0,8.804321999999999,0.0,fdd:3,play 246.94
3:11,8.967365,8.967365,8.967365,8.967365,0.0,8.967365,0.0,fdd:1,play 185.00
1:16,9.130408,9.130408,9.130408,9.138407999999998,0.007999999999999119,9.156997902521343,0.0265899025213443,fdd:1,play 185.00
3:12,9.130408,9.130408,9.130408,9.158407999999998,0.027999999999998693,9.195587805042688,0.06517980504268905,fdd:2,play 123.47
1:17,9.456494,9.456494,9.456494,9.456494,0.0,9.456494,0.0,fdd:1,play 311.13
3:13,9.456494,9.456494,9.456494,9.476493999999999,0.019999999999999574,9.495083902521344,0.038589902521344754,fdd:3,play 123.47
1:18,9.78258,9.78258,9.78258,9.78258,0.0,9.78258,0.0,fdd:1,play 246.94
3:14,10.108666,10.108666,10.108666,10.108666,0.0,10.108666,0.0,fdd:1,play 185.00
3:15,10.434752,10.434752,10.434752,10.434752,0.0,10.434752,0.0,fdd:3,play 123.47
1:19,10.434752,10.497252,10.497252,10.497252,0.0625,10.497252,0.0625,fdd:3,play 329.63
1:20,10.760837999999998,10.760837999999998,10.760837999999998,10.760837999999998,0.0,10.760837999999998,0.0,fdd:1,play 185.00
1:21,11.086923999999998,11.086923999999998,11.086923999999998,11.086923999999998,0.0,11.086923999999998,0.0,fdd:1,play 246.94
1:22,11.413009999999998,11.413009999999998,11.413009999999998,11.413009999999998,0.0,11.413009999999998,0.0,fdd:1,play 311.13
3:16,11.576052999999998,11.576052999999998,11.576052999999998,11.593052999999998,0.01699999999999946,11.611642902521343,0.03558990252134464,fdd:1,play 185.00
3:17,11.739095999999998,11.739095999999998,11.739095999999998,11.739095999999998,0.0,11.739095999999998,0.0,fdd:3,play 123.47
1:23,12.065181999999998,12.065181999999998,12.065181999999998,12.065181999999998,0.0,12.065181999999998,0.0,fdd:1,play 185.00
3:18,12.065181999999998,12.065181999999998,12.065181999999998,12.085181999999998,0.019999999999999574,12.103771902521343,0.038589902521344754,fdd:4,play 123.47
1:24,12.391267999999998,12.391267999999998,12.391267999999998,12.391267999999998,0.0,12.391267999999998,0.0,fdd:4,play 311.13
3:19,12.717353999999998,12.717353999999998,12.717353999999998,12.717353999999998,0.0,12.717353999999998,0.0,fdd:4,play 123.47
1:25,12.717353999999998,12.779853999999998,12.779853999999998,12.779853999999998,0.0625,12.779853999999998,0.0625,fdd:4,play 246.94
3:20,13.043439999999999,13.043439999999999,13.043439999999999,13.043439999999999,0.0,13.043439999999999,0.0,fdd:1,play 130.81
1:26,13.043439999999999,13.105939999999999,13.105939999999999,13.105939999999999,0.0625,13.105939999999999,0.0625,fdd:1,play 130.81
1:27,13.369525999999999,13.369525999999999,13.369525999999999,13.369525999999999,0.0,13.369525999999999,0.0,fdd:1,play 196.00
1:28,13.695611999999999,13.695611999999999,13.695611999999999,13.695611999999999,0.0,13.695611999999999,0.0,fdd:1,play 329.63
1:29,14.021697999999999,14.021697999999999,14.021697999999999,14.021697999999999,0.0,14.021697999999999,0.0,fdd:1,play 196.00
3:21,14.184740999999999,14.184740999999999,14.184740999999999,14.192740999999998,0.007999999999999119,14.211330902521343,0.0265899025213443,fdd:1,play 196.00
3:22,14.347783999999999,14.347783999999999,14.347783999999999,14.364783999999998,0.01699999999999946,14.383373902521344,0.03558990252134464,fdd:1,play 130.81
1:30,14.347783999999999,14.410283999999999,14.410283999999999,14.410283999999999,0.0625,14.421963805042688,0.0741798050426894,fdd:1,play 261.63
3:23,14.673869999999999,14.673869999999999,14.673869999999999,14.673869999999999,0.0,14.673869999999999,0.0,fdd:1,play 130.81
1:31,14.673869999999999,14.736369999999999,14.736369999999999,14.736369999999999,0.0625,14.736369999999999,0.0625,fdd:1,play 329.63
1:32,14.999955999999997,14.999955999999997,14.999955999999997,14.999955999999997,0.0,14.999955999999997,0.0,fdd:1,play 261.63
3:24,15.326041999999998,15.326041999999998,15.326041999999998,15.326041999999998,0.0,15.326041999999998,0.0,fdd:1,play 196.00
1:33,15.326041999999998,15.388541999999998,15.388541999999998,15.388541999999998,0.0625,15.388541999999998,0.0625,fdd:1,play 196.00
3:25,15.652127999999998,15.652127999999998,15.652127999999998,15.652127999999998,0.0,15.652127999999998,0.0,fdd:1,play 130.81
1:34,15.652127999999998,15.652127999999998,15.652127999999998,15.672127999999997,0.019999999999999574,15.690717902521342,0.038589902521344754,fdd:2,play 174.61
1:35,15.978213999999998,15.978213999999998,15.978213999999998,15.978213999999998,0.0,15.978213999999998,0.0,fdd:1,play 261.63
3:26,16.304299999999998,16.304299999999998,16.304299999999998,16.304299999999998,0.0,16.304299999999998,0.0,fdd:1,play 130.81
1:36,16.304299999999998,16.366799999999998,16.366799999999998,16.366799999999998,0.0625,16.366799999999998,0.0625,fdd:1,play 196.00
1:37,16.630385999999998,16.630385999999998,16.630385999999998,16.630385999999998,0.0,16.630385999999998,0.0,fdd:2,play 329.63
3:27,16.793429,16.793429,16.793429,16.793429,0.0,16.793429,0.0,fdd:1,play 196.00
3:28,16.956471999999998,16.956471999999998,16.956471999999998,16.973471999999997,0.01699999999999946,16.992061902521343,0.03558990252134464,fdd:1,play 130.81
1:38,16.956471999999998,17.018971999999998,17.018971999999998,17.018971999999998,0.0625,17.030651805042687,0.0741798050426894,fdd:1,play 261.63
3:29,17.282557999999998,17.282557999999998,17.282557999999998,17.282557999999998,0.0,17.282557999999998,0.0,fdd:1,play 130.81
1:39,17.282557999999998,17.345057999999998,17.345057999999998,17.345057999999998,0.0625,17.345057999999998,0.0625,fdd:1,play 196.00
1:40,17.608643999999998,17.608643999999998,17.608643999999998,17.608643999999998,0.0,17.608643999999998,0.0,fdd:1,play 329.63
3:30,17.93473,17.93473,17.93473,17.93473,0.0,17.93473,0.0,fdd:2,play 123.47
1:41,17.93473,17.99723,17.99723,17.99723,0.0625,17.99723,0.0625,fdd:2,play 261.63
3:31,18.260816,18.260816,18.260816,18.260816,0.0,18.260816,0.0,fdd:1,play 130.81
1:42,18.260816,18.323316,18.323316,18.323316,0.0625,18.323316,0.0625,fdd:1,play 196.00
1:43,18.586902,18.586902,18.586902,18.586902,0.0,18.586902,0.0,fdd:1,play 311.13
3:32,18.912988,18.912988,18.912988,18.912988,0.0,18.912988,0.0,fdd:1,play 130.81
1:44,18.912988,18.975488,18.975488,18.975488,0.0625,18.975488,0.0625,fdd:1,play 261.63
1:45,19.239074,19.239074,19.239074,19.239074,0.0,19.239074,0.0,fdd:1,play 196.00
3:33,19.402116999999997,19.402116999999997,19.402116999999997,19.410116999999996,0.007999999999999119,19.42870690252134,0.0265899025213443,fdd:1,play 196.00
3:34,19.56516,19.56516,19.56516,19.58216,0.01699999999999946,19.600749902521343,0.03558990252134464,fdd:1,play 130.81
1:46,19.56516,19.62766,19.62766,19.62766,0.0625,19.639339805042688,0.0741798050426894,fdd:1,play 311.13
3:35,19.891246,19.891246,19.891246,19.891246,0.0,19.891246,0.0,fdd:1,play 130.81
1:47,19.891246,19.953746,19.953746,19.953746,0.0625,19.953746,0.0625,fdd:1,play 261.63
1:48,20.217332,20.217332,20.217332,20.217332,0.0,20.217332,0.0,fdd:1,play 196.00
1:49,20.543418,20.543418,20.543418,20.543418,0.0,20.543418,0.0,fdd:1,play 261.63
3:36,20.543418,20.543418,20.543418,20.563418,0.019999999999999574,20.582007902521344,0.038589902521344754,fdd:4,play 123.47
3:37,20.869504,20.869504,20.869504,20.869504,0.0,20.869504,0.0,fdd:1,play 130.81
1:50,20.869504,20.932004,20.932004,20.932004,0.0625,20.932004,0.0625,fdd:1,play 196.00
1:51,21.19559,21.19559,21.19559,21.19559,0.0,21.19559,0.0,fdd:1,play 311.13
3:38,21.521675999999996,21.521675999999996,21.521675999999996,21.521675999999996,0.0,21.521675999999996,0.0,fdd:1,play 146.83
1:52,21.521675999999996,21.584175999999996,21.584175999999996,21.584175999999996,0.0625,21.584175999999996,0.0625,fdd:1,play 261.63
1:53,21.847761999999996,21.847761999999996,21.847761999999996,21.847761999999996,0.0,21.847761999999996,0.0,fdd:1,play 196.00
4:0,22.173847999999996,22.173847999999996,22.173847999999996,22.193847999999996,0.019999999999999574,22.173847999999996,0.0,drum:1,drum_on 196.00
3:39,22.173847999999996,22.173847999999996,22.173847999999996,22.213847999999995,0.03999999999999915,22.251027805042686,0.07717980504268951,fdd:1,play 155.56
1:54,22.173847999999996,22.236347999999996,22.236347999999996,22.236347999999996,0.0625,22.28961770756403,0.11576970756403426,fdd:1,play 311.13
4:1,22.336890999999998,22.336890999999998,22.336890999999998,22.35786931666666,0.020978316666663943,22.36679751260672,0.029906512606721947,drum:1,drum_on 220.00
4:2,22.499933999999996,22.499933999999996,22.499933999999996,22.520912316666664,0.020978316666667496,22.5211571226921,0.02122312269210269,drum:1,drum_on 185.00
1:55,22.499933999999996,22.499933999999996,22.499933999999996,22.540912316666663,0.04097831666666707,22.59833692773479,0.0984029277347922,fdd:1,play 261.63
4:3,22.826019999999996,22.826019999999996,22.826019999999996,22.846998316666664,0.020978316666667496,22.84558821918801,0.019568219188013103,drum:1,drum_on 185.00
3:40,22.826019999999996,22.826019999999996,22.826019999999996,22.866998316666663,0.04097831666666707,22.9227680242307,0.09674802423070261,fdd:1,play 185.00
1:56,22.826019999999996,22.888519999999996,22.888519999999996,22.888519999999996,0.0625,22.961357926752044,0.13533792675204737,fdd:1,play 196.00
4:4,22.989062999999998,22.989062999999998,22.989062999999998,23.010041316666662,0.020978316666663943,23.038537731794733,0.04947473179473505,drum:1,drum_on 185.00
4:5,23.152105999999996,23.152105999999996,23.152105999999996,23.173084316666664,0.020978316666667496,23.192897341880112,0.040791341880115795,drum:1,drum_on 196.00
3:41,23.478191999999996,23.478191999999996,23.478191999999996,23.478191999999996,0.0,23.478191999999996,0.0,fdd:1,play 196.00
1:57,23.478191999999996,23.540691999999996,23.540691999999996,23.540691999999996,0.0625,23.540691999999996,0.0625,fdd:1,play 196.00
1:58,23.804277999999996,23.804277999999996,23.804277999999996,23.804277999999996,0.0,23.804277999999996,0.0,fdd:1,play 146.83
1:59,24.130363999999997,24.130363999999997,24.130363999999997,24.131342316666665,0.0009783166666679222,24.14993221918801,0.019568219188013103,fdd:1,play 196.00
1:60,24.456449999999997,24.456449999999997,24.456449999999997,24.456449999999997,0.0,24.456449999999997,0.0,fdd:1,play 146.83
3:42,24.619493,24.619493,24.619493,24.636492999999998,0.01699999999999946,24.655082902521343,0.03558990252134464,fdd:1,play 196.00
3:43,24.782535999999997,24.782535999999997,24.782535999999997,24.790535999999996,0.007999999999999119,24.80912590252134,0.0265899025213443,fdd:1,play 196.00
1:61,24.782535999999997,24.845035999999997,24.845035999999997,24.845035999999997,0.0625,24.847715805042686,0.06517980504268905,fdd:1,play 196.00
3:44,25.108621999999997,25.108621999999997,25.108621999999997,25.108621999999997,0.0,25.108621999999997,0.0,fdd:1,play 196.00
1:62,25.108621999999997,25.171121999999997,25.171121999999997,25.171121999999997,0.0625,25.171121999999997,0.0625,fdd:1,play 196.00
3:45,25.760793999999997,25.760793999999997,25.760793999999997,25.760793999999997,0.0,25.760793999999997,0.0,fdd:1,play 196.00
1:63,25.760793999999997,25.823293999999997,25.823293999999997,25.823293999999997,0.0625,25.823293999999997,0.0625,fdd:1,play 146.83
3:46,26.086879999999997,26.086879999999997,26.086879999999997,26.086879999999997,0.0,26.086879999999997,0.0,fdd:1,play 196.00
1:64,26.086879999999997,26.149379999999997,26.149379999999997,26.149379999999997,0.0625,26.149379999999997,0.0625,fdd:1,play 246.94
1:65,26.739051999999997,26.739051999999997,26.739051999999997,26.739051999999997,0.0,26.739051999999997,0.0,fdd:1,play 196.00
4:6,27.065137999999997,27.065137999999997,27.065137999999997,27.085137999999997,0.019999999999999574,27.065137999999997,0.0,drum:1,drum_on 146.83
1:66,27.065137999999997,27.065137999999997,27.065137999999997,27.105137999999997,0.03999999999999915,27.142317805042687,0.07717980504268951,fdd:1,play 146.83
4:7,27.228180999999996,27.228180999999996,27.228180999999996,27.269159316666663,0.04097831666666707,27.286339121709354,0.05815812170935786,drum:1,drum_on 146.83
3:47,27.228180999999996,27.228180999999996,27.228180999999996,27.289159316666662,0.06097831666666664,27.363518926752043,0.13533792675204737,fdd:1,play 196.00
4:8,27.391223999999998,27.391223999999998,27.391223999999998,27.43220231666666,0.04097831666666352,27.479288634316077,0.0880646343160798,drum:1,drum_on 220.00
3:48,27.391223999999998,27.391223999999998,27.391223999999998,27.45220231666666,0.06097831666666309,27.556468439358767,0.1652444393587693,fdd:1,play 196.00
4:9,27.717309999999998,27.717309999999998,27.717309999999998,27.73828831666666,0.020978316666663943,27.736878219188007,0.01956821918800955,drum:1,drum_on 196.00
3:49,27.717309999999998,27.717309999999998,27.717309999999998,27.75828831666666,0.04097831666666352,27.814058024230697,0.09674802423069906,fdd:1,play 196.00
1:67,27.717309999999998,27.779809999999998,27.779809999999998,27.779809999999998,0.0625,27.85264792675204,0.1353379267520438,fdd:1,play 293.66
4:10,27.880352999999996,27.880352999999996,27.880352999999996,27.901331316666663,0.020978316666667496,27.92982773179473,0.04947473179473505,drum:1,drum_on 196.00
4:11,28.043395999999998,28.043395999999998,28.043395999999998,28.06437431666666,0.020978316666663943,28.08418734188011,0.04079134188011224,drum:1,drum_on 196.00
1:68,28.043395999999998,28.043395999999998,28.043395999999998,28.08437431666666,0.04097831666666352,28.1613671469228,0.11797114692280175,fdd:1,play 246.94
4:12,28.206438999999996,28.206438999999996,28.206438999999996,28.227417316666664,0.020978316666667496,28.23854695196549,0.03210795196549299,drum:1,drum_on 185.00
3:50,28.369481999999998,28.369481999999998,28.369481999999998,28.369481999999998,0.0,28.369481999999998,0.0,fdd:1,play 196.00
1:69,28.369481999999998,28.431981999999998,28.431981999999998,28.431981999999998,0.0625,28.431981999999998,0.0625,fdd:1,play 311.13
3:51,28.695567999999998,28.695567999999998,28.695567999999998,28.695567999999998,0.0,28.695567999999998,0.0,fdd:1,play 246.94
1:70,28.695567999999998,28.758067999999998,28.758067999999998,28.758067999999998,0.0625,28.758067999999998,0.0625,fdd:1,play 246.94
1:71,29.021653999999998,29.021653999999998,29.021653999999998,29.021653999999998,0.0,29.021653999999998,0.0,fdd:1,play 185.00
1:72,29.347739999999998,29.347739999999998,29.347739999999998,29.348718316666663,0.0009783166666643694,29.367308219188008,0.01956821918800955,fdd:1,play 246.94
3:52,29.836868999999997,29.836868999999997,29.836868999999997,29.836868999999997,0.0,29.836868999999997,0.0,fdd:1,play 185.00
3:53,29.999911999999995,29.999911999999995,29.999911999999995,30.016911999999994,0.01699999999999946,30.03550190252134,0.03558990252134464,fdd:1,play 246.94
1:73,29.999911999999995,30.062411999999995,30.062411999999995,30.062411999999995,0.0625,30.074091805042684,0.0741798050426894,fdd:1,play 185.00
3:54,30.325997999999995,30.325997999999995,30.325997999999995,30.325997999999995,0.0,30.325997999999995,0.0,fdd:1,play 246.94
1:74,30.325997999999995,30.388497999999995,30.388497999999995,30.388497999999995,0.0625,30.388497999999995,0.0625,fdd:1,play 246.94
3:55,30.978169999999995,30.978169999999995,30.978169999999995,30.978169999999995,0.0,30.978169999999995,0.0,fdd:1,play 185.00
1:75,30.978169999999995,31.040669999999995,31.040669999999995,31.040669999999995,0.0625,31.040669999999995,0.0625,fdd:1,play 185.00
3:56,31.304255999999995,31.304255999999995,31.304255999999995,31.304255999999995,0.0,31.304255999999995,0.0,fdd:1,play 246.94
1:76,31.304255999999995,31.366755999999995,31.366755999999995,31.366755999999995,0.0625,31.366755999999995,0.0625,fdd:1,play 311.13
1:77,31.630341999999995,31.630341999999995,31.630341999999995,31.630341999999995,0.0,31.630341999999995,0.0,fdd:1,play 246.94
1:78,31.956427999999995,31.956427999999995,31.956427999999995,31.956427999999995,0.0,31.956427999999995,0.0,fdd:1,play 185.00
1:79,32.282514,32.282514,32.282514,32.282514,0.0,32.282514,0.0,fdd:1,play 246.94
4:13,32.445556999999994,32.445556999999994,32.445556999999994,32.482557,0.03700000000000614,32.48114690252134,0.03558990252134464,drum:1,drum_on 146.83
3:57,32.445556999999994,32.445556999999994,32.445556999999994,32.502557,0.057000000000009265,32.55832670756403,0.11276970756403415,fdd:1,play 185.00
4:14,32.608599999999996,32.608599999999996,32.608599999999996,32.64957831666667,0.040978316666674175,32.67409641512806,0.06549641512806659,drum:1,drum_on 220.00
3:58,32.608599999999996,32.608599999999996,32.608599999999996,32.66957831666667,0.0609783166666773,32.75127622017075,0.1426762201707561,fdd:1,play 246.94
4:15,32.934686,32.934686,32.934686,32.95566431666667,0.02097831666667105,32.95425421918801,0.01956821918800955,drum:1,drum_on 196.00
3:59,32.934686,32.934686,32.934686,32.97566431666667,0.040978316666674175,33.0314340242307,0.09674802423069906,fdd:1,play 246.94
1:80,32.934686,32.997186,32.997186,32.997186,0.0625,33.07002392675204,0.1353379267520438,fdd:1,play 185.00
4:16,33.260771999999996,33.260771999999996,33.260771999999996,33.28175031666667,0.02097831666667105,33.280340219188005,0.01956821918800955,drum:1,drum_on 185.00
3:60,33.260771999999996,33.260771999999996,33.260771999999996,33.30175031666667,0.040978316666674175,33.357520024230695,0.09674802423069906,fdd:1,play 246.94
1:81,33.260771999999996,33.323271999999996,33.323271999999996,33.323271999999996,0.0625,33.39610992675204,0.1353379267520438,fdd:1,play 311.13
4:17,33.586858,33.586858,33.586858,33.60783631666667,0.02097831666667105,33.60642621918801,0.01956821918800955,drum:1,drum_on 196.00
3:61,33.586858,33.586858,33.586858,33.627836316666674,0.040978316666674175,33.6836060242307,0.09674802423069906,fdd:1,play 130.81
3:62,33.912943999999996,33.912943999999996,33.912943999999996,33.912943999999996,0.0,33.912943999999996,0.0,fdd:1,play 130.81
1:82,33.912943999999996,33.975443999999996,33.975443999999996,33.975443999999996,0.0625,33.975443999999996,0.0625,fdd:1,play 130.81
4:18,34.23903,34.23903,34.23903,34.26000831666667,0.02097831666667105,34.25859821918801,0.01956821918800955,drum:1,drum_on 164.81
1:83,34.23903,34.23903,34.23903,34.280008316666674,0.040978316666674175,34.3357780242307,0.09674802423069906,fdd:1,play 196.00
1:84,34.565115999999996,34.565115999999996,34.565115999999996,34.565115999999996,0.0,34.565115999999996,0.0,fdd:1,play 261.63
3:63,35.054244999999995,35.054244999999995,35.054244999999995,35.054244999999995,0.0,35.054244999999995,0.0,fdd:1,play 196.00
3:64,35.217287999999996,35.217287999999996,35.217287999999996,35.23826631666667,0.02097831666667105,35.27544612170935,0.058158121709354305,fdd:1,play 130.81
1:85,35.217287999999996,35.279787999999996,35.279787999999996,35.279787999999996,0.0625,35.314036024230695,0.09674802423069906,fdd:1,play 261.63
3:65,35.54337399999999,35.54337399999999,35.54337399999999,35.54337399999999,0.0,35.54337399999999,0.0,fdd:1,play 130.81
1:86,35.54337399999999,35.60587399999999,35.60587399999999,35.60587399999999,0.0625,35.60587399999999,0.0625,fdd:1,play 329.63
1:87,35.86946,35.86946,35.86946,35.86946,0.0,35.86946,0.0,fdd:1,play 261.63
3:66,36.19554599999999,36.19554599999999,36.19554599999999,36.19554599999999,0.0,36.19554599999999,0.0,fdd:1,play 196.00
1:88,36.19554599999999,36.25804599999999,36.25804599999999,36.25804599999999,0.0625,36.25804599999999,0.0625,fdd:1,play 196.00
3:67,36.521632,36.521632,36.521632,36.521632,0.0,36.521632,0.0,fdd:1,play 130.81
1:89,36.521632,36.584132,36.584132,36.584132,0.0625,36.584132,0.0625,fdd:1,play 329.63
1:90,36.84771799999999,36.84771799999999,36.84771799999999,36.84771799999999,0.0,36.84771799999999,0.0,fdd:1,play 261.63
3:68,37.173804,37.173804,37.173804,37.173804,0.0,37.173804,0.0,fdd:1,play 130.81
1:91,37.173804,37.236304,37.236304,37.236304,0.0625,37.236304,0.0625,fdd:1,play 196.00
1:92,37.49988999999999,37.49988999999999,37.49988999999999,37.49988999999999,0.0,37.49988999999999,0.0,fdd:1,play 261.63
4:19,37.662932999999995,37.662932999999995,37.662932999999995,37.699933,0.03700000000000614,37.69852290252134,0.03558990252134464,drum:1,drum_on 164.81
3:69,37.662932999999995,37.662932999999995,37.662932999999995,37.719933000000005,0.057000000000009265,37.77570270756403,0.11276970756403415,fdd:1,play 196.00
4:20,37.825976,37.825976,37.825976,37.86695431666667,0.040978316666674175,37.891472415128064,0.06549641512806659,drum:1,drum_on 220.00
3:70,37.825976,37.825976,37.825976,37.886954316666674,0.0609783166666773,37.96865222017075,0.1426762201707561,fdd:1,play 130.81
4:21,38.152061999999994,38.152061999999994,38.152061999999994,38.17304031666667,0.020978316666678154,38.17163021918801,0.019568219188016656,drum:1,drum_on 196.00
3:71,38.152061999999994,38.152061999999994,38.152061999999994,38.193040316666675,0.04097831666668128,38.2488100242307,0.09674802423070616,fdd:1,play 130.81
1:93,38.152061999999994,38.214561999999994,38.214561999999994,38.214561999999994,0.0625,38.287399926752045,0.13533792675205092,fdd:1,play 196.00
4:22,38.478148,38.478148,38.478148,38.49912631666667,0.02097831666667105,38.49771621918801,0.01956821918800955,drum:1,drum_on 185.00
1:94,38.478148,38.478148,38.478148,38.51912631666667,0.040978316666674175,38.574896024230696,0.09674802423069906,fdd:1,play 261.63
4:23,38.804233999999994,38.804233999999994,38.804233999999994,38.825212316666665,0.02097831666667105,38.823802219188,0.01956821918800955,drum:1,drum_on 196.00
3:72,38.804233999999994,38.804233999999994,38.804233999999994,38.84521231666667,0.040978316666674175,38.90098202423069,0.09674802423069906,fdd:1,play 246.94
1:95,38.804233999999994,38.866733999999994,38.866733999999994,38.866733999999994,0.0625,38.93957192675204,0.1353379267520438,fdd:1,play 196.00
3:73,39.13032,39.13032,39.13032,39.13032,0.0,39.13032,0.0,fdd:1,play 130.81
1:96,39.13032,39.19282,39.19282,39.19282,0.0625,39.19282,0.0625,fdd:1,play 196.00
1:97,39.456405999999994,39.456405999999994,39.456405999999994,39.456405999999994,0.0,39.456405999999994,0.0,fdd:1,play 261.63
3:74,39.782492,39.782492,39.782492,39.782492,0.0,39.782492,0.0,fdd:1,play 130.81
1:98,39.782492,39.844992,39.844992,39.844992,0.0625,39.844992,0.0625,fdd:1,play 196.00
1:99,40.108577999999994,40.108577999999994,40.108577999999994,40.108577999999994,0.0,40.108577999999994,0.0,fdd:1,play 261.63
3:75,40.271620999999996,40.271620999999996,40.271620999999996,40.288621,0.017000000000003013,40.30721090252134,0.03558990252134464,fdd:1,play 196.00
3:76,40.434664,40.434664,40.434664,40.45564231666667,0.02097831666667105,40.49282212170935,0.058158121709354305,fdd:1,play 130.81
1:100,40.434664,40.497164,40.497164,40.497164,0.0625,40.5314120242307,0.09674802423069906,fdd:1,play 311.13
3:77,40.760749999999994,40.760749999999994,40.760749999999994,40.760749999999994,0.0,40.760749999999994,0.0,fdd:1,play 130.81
1:101,40.760749999999994,40.823249999999994,40.823249999999994,40.823249999999994,0.0625,40.823249999999994,0.0625,fdd:1,play 261.63
1:102,41.086836,41.086836,41.086836,41.086836,0.0,41.086836,0.0,fdd:1,play 196.00
3:78,41.412921999999995,41.412921999999995,41.412921999999995,41.412921999999995,0.0,41.412921999999995,0.0,fdd:1,play 196.00
1:103,41.412921999999995,41.475421999999995,41.475421999999995,41.475421999999995,0.0625,41.475421999999995,0.0625,fdd:1,play 261.63
3:79,41.739008,41.739008,41.739008,41.739008,0.0,41.739008,0.0,fdd:1,play 130.81
1:104,41.739008,41.801508,41.801508,41.801508,0.0625,41.801508,0.0625,fdd:1,play 311.13
1:105,42.065093999999995,42.065093999999995,42.065093999999995,42.065093999999995,0.0,42.065093999999995,0.0,fdd:1,play 196.00
3:80,42.39118,42.39118,42.39118,42.39118,0.0,42.39118,0.0,fdd:1,play 146.83
1:106,42.39118,42.45368,42.45368,42.45368,0.0625,42.45368,0.0625,fdd:1,play 261.63
1:107,42.717265999999995,42.717265999999995,42.717265999999995,42.717265999999995,0.0,42.717265999999995,0.0,fdd:1,play 196.00
4:24,42.880309,42.880309,42.880309,42.900309,0.020000000000003126,42.880309,0.0,drum:1,drum_on 146.83
4:25,43.04335199999999,43.04335199999999,43.04335199999999,43.06433031666667,0.020978316666678154,43.06292021918801,0.019568219188016656,drum:1,drum_on 220.00
3:81,43.04335199999999,43.04335199999999,43.04335199999999,43.08433031666667,0.04097831666668128,43.1401000242307,0.09674802423070616,fdd:1,play 155.56
4:26,43.369437999999995,43.369437999999995,43.369437999999995,43.390416316666666,0.02097831666667105,43.389006219188005,0.01956821918800955,drum:1,drum_on 196.00
1:108,43.369437999999995,43.369437999999995,43.369437999999995,43.41041631666667,0.040978316666674175,43.466186024230694,0.09674802423069906,fdd:1,play 311.13
4:27,43.69552399999999,43.69552399999999,43.69552399999999,43.71650231666667,0.020978316666678154,43.71509221918801,0.019568219188016656,drum:1,drum_on 185.00
3:82,43.69552399999999,43.69552399999999,43.69552399999999,43.73650231666667,0.04097831666668128,43.7922720242307,0.09674802423070616,fdd:1,play 174.61
1:109,43.69552399999999,43.75802399999999,43.75802399999999,43.75802399999999,0.0625,43.83086192675204,0.13533792675205092,fdd:1,play 261.63
4:28,44.021609999999995,44.021609999999995,44.021609999999995,44.04258831666667,0.02097831666667105,44.041178219188005,0.01956821918800955,drum:1,drum_on 196.00
3:83,44.34769599999999,44.34769599999999,44.34769599999999,44.34769599999999,0.0,44.34769599999999,0.0,fdd:1,play 196.00
1:110,44.34769599999999,44.41019599999999,44.41019599999999,44.41019599999999,0.0625,44.41019599999999,0.0625,fdd:1,play 196.00
4:29,44.673781999999996,44.673781999999996,44.673781999999996,44.69476031666667,0.02097831666667105,44.693350219188005,0.01956821918800955,drum:1,drum_on 146.83
1:111,44.673781999999996,44.673781999999996,44.673781999999996,44.71476031666667,0.040978316666674175,44.770530024230695,0.09674802423069906,fdd:1,play 146.83
1:112,44.99986799999999,44.99986799999999,44.99986799999999,44.99986799999999,0.0,44.99986799999999,0.0,fdd:1,play 246.94
4:30,45.325953999999996,45.325953999999996,45.325953999999996,45.34693231666667,0.02097831666667105,45.345522219188005,0.01956821918800955,drum:1,drum_on 130.81
1:113,45.325953999999996,45.325953999999996,45.325953999999996,45.36693231666667,0.040978316666674175,45.422702024230695,0.09674802423069906,fdd:1,play 146.83
4:31,45.488997,45.488997,45.488997,45.52997531666667,0.040978316666674175,45.54715512170935,0.058158121709354305,drum:1,drum_on 123.47
3:84,45.488997,45.488997,45.488997,45.549975316666675,0.0609783166666773,45.62433492675204,0.1353379267520438,fdd:1,play 196.00
3:85,45.65203999999999,45.65203999999999,45.65203999999999,45.660039999999995,0.008000000000002672,45.70151473179473,0.0494747317947386,fdd:1,play 196.00
1:114,45.65203999999999,45.71453999999999,45.71453999999999,45.71453999999999,0.0625,45.740104634316076,0.08806463431608336,fdd:1,play 196.00
3:86,45.978125999999996,45.978125999999996,45.978125999999996,45.978125999999996,0.0,45.978125999999996,0.0,fdd:1,play 196.00
1:115,45.978125999999996,46.040625999999996,46.040625999999996,46.040625999999996,0.0625,46.040625999999996,0.0625,fdd:1,play 246.94
1:116,46.30421199999999,46.30421199999999,46.30421199999999,46.30519031666667,0.0009783166666750276,46.32378021918801,0.019568219188016656,fdd:1,play 196.00
3:87,46.630297999999996,46.630297999999996,46.630297999999996,46.630297999999996,0.0,46.630297999999996,0.0,fdd:1,play 196.00
1:117,46.630297999999996,46.692797999999996,46.692797999999996,46.692797999999996,0.0625,46.692797999999996,0.0625,fdd:1,play 246.94
3:88,46.95638399999999,46.95638399999999,46.95638399999999,46.95638399999999,0.0,46.95638399999999,0.0,fdd:1,play 196.00
1:118,46.95638399999999,46.95638399999999,46.95638399999999,46.976383999999996,0.020000000000003126,46.99497390252134,0.038589902521344754,fdd:2,play 196.00
1:119,47.282469999999996,47.282469999999996,47.282469999999996,47.282469999999996,0.0,47.282469999999996,0.0,fdd:2,play 293.66
1:120,47.60855599999999,47.60855599999999,47.60855599999999,47.60855599999999,0.0,47.60855599999999,0.0,fdd:2,play 246.94
4:32,47.934642,47.934642,47.934642,47.954642,0.020000000000003126,47.934642,0.0,drum:1,drum_on 123.47
1:121,47.934642,47.934642,47.934642,47.974642,0.04000000000000625,48.011821805042686,0.07717980504268951,fdd:2,play 293.66
4:33,48.09768499999999,48.09768499999999,48.09768499999999,48.11866331666667,0.020978316666678154,48.11725321918801,0.019568219188016656,drum:1,drum_on 123.47
3:89,48.09768499999999,48.09768499999999,48.09768499999999,48.13866331666667,0.04097831666668128,48.1944330242307,0.09674802423070616,fdd:1,play 196.00
4:34,48.26072799999999,48.26072799999999,48.26072799999999,48.30170631666667,0.040978316666674175,48.34879263431608,0.08806463431608336,drum:1,drum_on 220.00
3:90,48.26072799999999,48.26072799999999,48.26072799999999,48.32170631666667,0.0609783166666773,48.425972439358766,0.16524443935877287,fdd:1,play 196.00
4:35,48.423770999999995,48.423770999999995,48.423770999999995,48.444749316666666,0.02097831666667105,48.503152244401456,0.07938124440146055,drum:1,drum_on 220.00
4:36,48.586814,48.586814,48.586814,48.60779231666667,0.02097831666667105,48.657511854486835,0.07069785448683774,drum:1,drum_on 196.00
3:91,48.586814,48.586814,48.586814,48.62779231666667,0.040978316666674175,48.734691659529524,0.14787765952952725,fdd:1,play 196.00
1:122,48.586814,48.649314,48.649314,48.649314,0.0625,48.77328156205087,0.186467562050872,fdd:1,play 246.94
1:123,48.91289999999999,48.91289999999999,48.91289999999999,48.91289999999999,0.0,48.91289999999999,0.0,fdd:2,play 196.00
4:37,49.238986,49.238986,49.238986,49.25996431666667,0.02097831666667105,49.25855421918801,0.01956821918800955,drum:1,drum_on 185.00
3:92,49.238986,49.238986,49.238986,49.27996431666667,0.040978316666674175,49.335734024230696,0.09674802423069906,fdd:1,play 196.00
1:124,49.238986,49.238986,49.238986,49.299964316666674,0.0609783166666773,49.37432392675204,0.1353379267520438,fdd:2,play 246.94
3:93,49.565071999999994,49.565071999999994,49.565071999999994,49.565071999999994,0.0,49.565071999999994,0.0,fdd:2,play 123.47
1:125,49.565071999999994,49.627571999999994,49.627571999999994,49.627571999999994,0.0625,49.627571999999994,0.0625,fdd:2,play 123.47
1:126,49.891158,49.891158,49.891158,49.891158,0.0,49.891158,0.0,fdd:2,play 246.94
1:127,50.217243999999994,50.217243999999994,50.217243999999994,50.21822231666666,0.0009783166666679222,50.236812219188,0.01956821918800955,fdd:2,play 185.00
1:128,50.54333,50.54333,50.54333,50.54333,0.0,50.54333,0.0,fdd:2,play 246.94
3:94,50.70637299999999,50.70637299999999,50.70637299999999,50.70637299999999,0.0,50.70637299999999,0.0,fdd:1,play 185.00
1:129,50.869415999999994,50.869415999999994,50.869415999999994,50.886416,0.017000000000003013,50.90500590252134,0.03558990252134464,fdd:1,play 311.13
3:95,50.869415999999994,50.869415999999994,50.869415999999994,50.906416,0.03700000000000614,50.94359580504268,0.0741798050426894,fdd:2,play 123.47
3:96,51.195502,51.195502,51.195502,51.195502,0.0,51.195502,0.0,fdd:2,play 123.47
1:130,51.195502,51.258002,51.258002,51.258002,0.0625,51.258002,0.0625,fdd:2,play 185.00
1:131,51.521587999999994,51.521587999999994,51.521587999999994,51.521587999999994,0.0,51.521587999999994,0.0,fdd:1,play 311.13
3:97,51.84767399999999,51.84767399999999,51.84767399999999,51.84767399999999,0.0,51.84767399999999,0.0,fdd:1,play 185.00
1:132,51.84767399999999,51.84767399999999,51.84767399999999,51.867673999999994,0.020000000000003126,51.886263902521335,0.038589902521344754,fdd:2,play 185.00
1:133,52.173759999999994,52.173759999999994,52.173759999999994,52.173759999999994,0.0,52.173759999999994,0.0,fdd:1,play 246.94
3:98,52.173759999999994,52.173759999999994,52.173759999999994,52.19376,0.020000000000003126,52.21234990252134,0.038589902521344754,fdd:2,play 123.47
1:134,52.49984599999999,52.49984599999999,52.49984599999999,52.49984599999999,0.0,52.49984599999999,0.0,fdd:2,play 185.00
1:135,52.825931999999995,52.825931999999995,52.825931999999995,52.825931999999995,0.0,52.825931999999995,0.0,fdd:2,play 311.13
4:38,53.15201799999999,53.15201799999999,53.15201799999999,53.172017999999994,0.020000000000003126,53.15201799999999,0.0,drum:1,drum_on 220.00
1:136,53.15201799999999,53.15201799999999,53.15201799999999,53.192018,0.04000000000000625,53.22919780504268,0.07717980504268951,fdd:2,play 185.00
4:39,53.31506099999999,53.31506099999999,53.31506099999999,53.335060999999996,0.020000000000003126,53.31506099999999,0.0,drum:1,drum_on 220.00
3:99,53.31506099999999,53.31506099999999,53.31506099999999,53.355061,0.04000000000000625,53.39224080504268,0.07717980504268951,fdd:1,play 185.00
4:40,53.478103999999995,53.478103999999995,53.478103999999995,53.51908231666667,0.040978316666674175,53.54660041512806,0.0684964151280667,drum:1,drum_on 220.00
3:100,53.478103999999995,53.478103999999995,53.478103999999995,53.53908231666667,0.0609783166666773,53.62378022017075,0.1456762201707562,fdd:1,play 246.94
4:41,53.80418999999999,53.80418999999999,53.80418999999999,53.82516831666667,0.020978316666678154,53.82375821918801,0.019568219188016656,drum:1,drum_on 220.00
3:101,53.80418999999999,53.80418999999999,53.80418999999999,53.84516831666667,0.04097831666668128,53.9009380242307,0.09674802423070616,fdd:1,play 246.94
1:137,53.80418999999999,53.86668999999999,53.86668999999999,53.86668999999999,0.0625,53.93952792675204,0.13533792675205092,fdd:1,play 311.13
4:42,54.130275999999995,54.130275999999995,54.130275999999995,54.151254316666666,0.02097831666667105,54.149844219188005,0.01956821918800955,drum:1,drum_on 196.00
1:138,54.130275999999995,54.130275999999995,54.130275999999995,54.17125431666667,0.040978316666674175,54.227024024230694,0.09674802423069906,fdd:1,play 246.94
4:43,54.45636199999999,54.45636199999999,54.45636199999999,54.47734031666667,0.020978316666678154,54.47593021918801,0.019568219188016656,drum:1,drum_on 233.08
3:102,54.45636199999999,54.45636199999999,54.45636199999999,54.49734031666667,0.04097831666668128,54.5531100242307,0.09674802423070616,fdd:1,play 185.00
3:103,54.782447999999995,54.782447999999995,54.782447999999995,54.782447999999995,0.0,54.782447999999995,0.0,fdd:1,play 130.81
1:139,54.782447999999995,54.844947999999995,54.844947999999995,54.844947999999995,0.0625,54.844947999999995,0.0625,fdd:1,play 130.81
4:44,55.10853399999999,55.10853399999999,55.10853399999999,55.12951231666667,0.020978316666678154,55.12810221918801,0.019568219188016656,drum:1,drum_on 196.00
1:140,55.10853399999999,55.10853399999999,55.10853399999999,55.14951231666667,0.04097831666668128,55.2052820242307,0.09674802423070616,fdd:1,play 261.63
1:141,55.434619999999995,55.434619999999995,55.434619999999995,55.434619999999995,0.0,55.434619999999995,0.0,fdd:1,play 329.63
1:142,55.76070599999999,55.76070599999999,55.76070599999999,55.76070599999999,0.0,55.76070599999999,0.0,fdd:1,play 261.63
3:104,55.923748999999994,55.923748999999994,55.923748999999994,55.940749,0.017000000000003013,55.95933890252134,0.03558990252134464,fdd:1,play 196.00
3:105,56.086791999999996,56.086791999999996,56.086791999999996,56.10777031666667,0.02097831666667105,56.14495012170935,0.058158121709354305,fdd:1,play 130.81
1:143,56.086791999999996,56.149291999999996,56.149291999999996,56.149291999999996,0.0625,56.183540024230695,0.09674802423069906,fdd:1,play 329.63
3:106,56.41287799999999,56.41287799999999,56.41287799999999,56.41287799999999,0.0,56.41287799999999,0.0,fdd:1,play 130.81
1:144,56.41287799999999,56.47537799999999,56.47537799999999,56.47537799999999,0.0625,56.47537799999999,0.0625,fdd:1,play 261.63
1:145,56.738963999999996,56.738963999999996,56.738963999999996,56.738963999999996,0.0,56.738963999999996,0.0,fdd:2,play 196.00
4:45,57.06504999999999,57.06504999999999,57.06504999999999,57.085049999999995,0.020000000000003126,57.06504999999999,0.0,drum:1,drum_on 196.00
1:146,57.06504999999999,57.06504999999999,57.06504999999999,57.10505,0.04000000000000625,57.14222980504268,0.07717980504268951,fdd:1,play 329.63
3:107,57.06504999999999,57.06504999999999,57.06504999999999,57.12505,0.06000000000000938,57.18081970756403,0.11576970756403426,fdd:2,play 123.47
4:46,57.391135999999996,57.391135999999996,57.391135999999996,57.41211431666667,0.02097831666667105,57.410704219188005,0.01956821918800955,drum:1,drum_on 196.00
3:108,57.391135999999996,57.391135999999996,57.391135999999996,57.43211431666667,0.040978316666674175,57.487884024230695,0.09674802423069906,fdd:1,play 130.81
1:147,57.391135999999996,57.453635999999996,57.453635999999996,57.453635999999996,0.0625,57.52647392675204,0.1353379267520438,fdd:1,play 261.63
4:47,57.71722199999999,57.71722199999999,57.71722199999999,57.73820031666666,0.02097831666667105,57.736790219188,0.01956821918800955,drum:1,drum_on 220.00
1:148,57.71722199999999,57.71722199999999,57.71722199999999,57.75820031666667,0.040978316666674175,57.81397002423069,0.09674802423069906,fdd:2,play 196.00
4:48,58.043307999999996,58.043307999999996,58.043307999999996,58.06428631666667,0.02097831666667105,58.062876219188006,0.01956821918800955,drum:1,drum_on 196.00
3:109,58.043307999999996,58.043307999999996,58.043307999999996,58.08428631666667,0.040978316666674175,58.140056024230695,0.09674802423069906,fdd:1,play 130.81
1:149,58.043307999999996,58.043307999999996,58.043307999999996,58.10428631666667,0.0609783166666773,58.17864592675204,0.1353379267520438,fdd:2,play 329.63
4:49,58.36939399999999,58.36939399999999,58.36939399999999,58.390372316666664,0.02097831666667105,58.388962219188,0.01956821918800955,drum:1,drum_on 233.08
1:150,58.36939399999999,58.36939399999999,58.36939399999999,58.41037231666667,0.040978316666674175,58.46614202423069,0.09674802423069906,fdd:2,play 196.00
3:110,58.532436999999994,58.532436999999994,58.532436999999994,58.532436999999994,0.0,58.532436999999994,0.0,fdd:1,play 196.00
3:111,58.695479999999996,58.695479999999996,58.695479999999996,58.71248,0.017000000000003013,58.73106990252134,0.03558990252134464,fdd:1,play 130.81
4:50,59.02156599999999,59.02156599999999,59.02156599999999,59.042544316666664,0.02097831666667105,59.041134219188,0.01956821918800955,drum:1,drum_on 196.00
3:112,59.02156599999999,59.02156599999999,59.02156599999999,59.06254431666667,0.040978316666674175,59.11831402423069,0.09674802423069906,fdd:1,play 130.81
1:151,59.02156599999999,59.08406599999999,59.08406599999999,59.08406599999999,0.0625,59.15690392675204,0.1353379267520438,fdd:1,play 329.63
1:152,59.347652,59.347652,59.347652,59.347652,0.0,59.347652,0.0,fdd:1,play 261.63
3:113,59.67373799999999,59.67373799999999,59.67373799999999,59.67373799999999,0.0,59.67373799999999,0.0,fdd:1,play 130.81
1:153,59.67373799999999,59.67373799999999,59.67373799999999,59.693737999999996,0.020000000000003126,59.71232790252134,0.038589902521344754,fdd:2,play 196.00
3:114,59.836780999999995,59.836780999999995,59.836780999999995,59.853781,0.017000000000003013,59.87237090252134,0.03558990252134464,fdd:1,play 146.83
3:115,59.99982399999999,59.99982399999999,59.99982399999999,60.01682399999999,0.017000000000003013,60.035413902521334,0.03558990252134464,fdd:1,play 130.81
1:154,59.99982399999999,60.06232399999999,60.06232399999999,60.06232399999999,0.0625,60.07400380504268,0.0741798050426894,fdd:1,play 311.13
1:155,60.32590999999999,60.32590999999999,60.32590999999999,60.32590999999999,0.0,60.32590999999999,0.0,fdd:2,play 196.00
3:116,60.65199599999999,60.65199599999999,60.65199599999999,60.652974316666665,0.0009783166666750276,60.67156421918801,0.019568219188016656,fdd:1,play 130.81
1:156,60.65199599999999,60.71449599999999,60.71449599999999,60.71449599999999,0.0625,60.71449599999999,0.0625,fdd:1,play 311.13
1:157,60.97808199999999,60.97808199999999,60.97808199999999,60.97808199999999,0.0,60.97808199999999,0.0,fdd:2,play 196.00
3:117,61.141124999999995,61.141124999999995,61.141124999999995,61.141124999999995,0.0,61.141124999999995,0.0,fdd:1,play 196.00
3:118,61.30416799999999,61.30416799999999,61.30416799999999,61.32116799999999,0.017000000000003013,61.339757902521335,0.03558990252134464,fdd:1,play 130.81
5:1,61.30416799999999,61.30416799999999,61.30416799999999,61.341167999999996,0.03700000000000614,61.37834780504268,0.0741798050426894,fdd:2,play 110.00
1:158,61.30416799999999,61.31416799999999,61.31416799999999,61.361168,0.057000000000009265,61.416937707564024,0.11276970756403415,fdd:2,play 261.63
5:0,61.30416799999999,61.36666799999999,61.36666799999999,61.381168,0.07700000000001239,61.45552761008537,0.1513596100853789,fdd:1,play 164.81
5:2,61.30416799999999,61.37666799999999,61.37666799999999,61.401168000000006,0.09700000000001552,61.494117512606714,0.18994951260672366,fdd:1,play 146.83
5:3,61.30416799999999,61.386667999999986,61.386667999999986,61.42116800000001,0.11700000000001864,61.53270741512806,0.2285394151280684,fdd:1,play 196.00
5:4,61.46721099999999,61.46721099999999,61.46721099999999,61.504211,0.03700000000000614,61.64847712269209,0.18126612269210085,fdd:1,play 164.81
5:5,61.46721099999999,61.46721099999999,61.46721099999999,61.524211,0.057000000000009265,61.68706702521344,0.2198560252134456,fdd:2,play 110.00
5:6,61.46721099999999,61.47721099999999,61.47721099999999,61.544211000000004,0.07700000000001239,61.72565692773478,0.25844592773479036,fdd:1,play 146.83
5:7,61.46721099999999,61.48721099999999,61.48721099999999,61.56421100000001,0.09700000000001552,61.76424683025613,0.2970358302561351,fdd:1,play 196.00
3:119,61.630253999999994,61.630253999999994,61.630253999999994,61.647254,0.017000000000003013,61.84142663529882,0.2111726352988228,fdd:1,play 130.81
1:159,61.630253999999994,61.692753999999994,61.692753999999994,61.692753999999994,0.0625,61.918606440341506,0.2883524403415123,fdd:1,play 261.63
1:160,61.95633999999999,61.95633999999999,61.95633999999999,61.95633999999999,0.0,61.995786245384195,0.03944624538420527,fdd:1,play 196.00
3:120,62.282425999999994,62.282425999999994,62.282425999999994,62.282425999999994,0.0,62.282425999999994,0.0,fdd:1,play 196.00
1:161,62.282425999999994,62.344925999999994,62.344925999999994,62.344925999999994,0.0625,62.344925999999994,0.0625,fdd:1,play 261.63
3:121,62.60851199999999,62.60851199999999,62.60851199999999,62.60851199999999,0.0,62.60851199999999,0.0,fdd:1,play 130.81
1:162,62.60851199999999,62.67101199999999,62.67101199999999,62.67101199999999,0.0625,62.67101199999999,0.0625,fdd:1,play 196.00
5:8,62.934597999999994,62.934597999999994,62.934597999999994,62.934597999999994,0.0,62.934597999999994,0.0,fdd:1,play 164.81
5:9,62.934597999999994,62.934597999999994,62.934597999999994,62.954598,0.020000000000003126,62.97318790252134,0.038589902521344754,fdd:2,play 110.00
5:10,62.934597999999994,62.94459799999999,62.94459799999999,62.974598,0.04000000000000625,63.011777805042684,0.07717980504268951,fdd:1,play 146.83
1:163,62.934597999999994,62.94459799999999,62.94459799999999,62.994598,0.06000000000000938,63.05036770756403,0.11576970756403426,fdd:2,play 196.00
5:11,62.934597999999994,62.95459799999999,62.95459799999999,63.01459800000001,0.0800000000000125,63.08895761008537,0.15435961008537902,fdd:1,play 196.00
5:12,63.097640999999996,63.097640999999996,63.097640999999996,63.134641,0.03700000000000614,63.20472731764941,0.10708631764941146,fdd:1,play 164.81
5:13,63.097640999999996,63.097640999999996,63.097640999999996,63.154641000000005,0.057000000000009265,63.24331722017075,0.1456762201707562,fdd:2,play 110.00
5:14,63.097640999999996,63.107640999999994,63.107640999999994,63.17464100000001,0.07700000000001239,63.2819071226921,0.18426612269210096,fdd:1,play 146.83
5:15,63.097640999999996,63.11764099999999,63.11764099999999,63.19464100000001,0.09700000000001552,63.32049702521344,0.22285602521344572,fdd:1,play 196.00
3:122,63.26068399999999,63.26068399999999,63.26068399999999,63.277683999999994,0.017000000000003013,63.39767683025613,0.1369928302561405,fdd:1,play 146.83
1:164,63.26068399999999,63.32318399999999,63.32318399999999,63.32318399999999,0.0625,63.47485663529882,0.21417263529883002,fdd:1,play 261.63
1:165,63.586769999999994,63.586769999999994,63.586769999999994,63.586769999999994,0.0,63.586769999999994,0.0,fdd:2,play 196.00
4:51,63.749812999999996,63.749812999999996,63.749812999999996,63.769813,0.020000000000003126,63.749812999999996,0.0,drum:1,drum_on 196.00
4:52,63.91285599999999,63.91285599999999,63.91285599999999,63.93383431666667,0.020978316666678154,63.93242421918801,0.019568219188016656,drum:1,drum_on 196.00
3:123,63.91285599999999,63.91285599999999,63.91285599999999,63.95383431666667,0.04097831666668128,64.0096040242307,0.09674802423070616,fdd:1,play 155.56
1:166,63.91285599999999,63.91285599999999,63.91285599999999,63.973834316666675,0.06097831666668441,64.04819392675203,0.1353379267520438,fdd:2,play 311.13
4:53,64.238942,64.238942,64.238942,64.25992031666665,0.020978316666656838,64.258510219188,0.019568219188002445,drum:1,drum_on 220.00
1:167,64.238942,64.238942,64.238942,64.27992031666665,0.04097831666665286,64.33569002423069,0.09674802423069195,fdd:2,play 196.00
4:54,64.401985,64.401985,64.401985,64.42296331666665,0.020978316666656838,64.421553219188,0.019568219188002445,drum:1,drum_on 246.94
3:124,64.565028,64.565028,64.565028,64.565028,0.0,64.565028,0.0,fdd:1,play 174.61
5:17,64.565028,64.565028,64.565028,64.585028,0.01999999999999602,64.60361790252134,0.03858990252133765,fdd:2,play 110.00
1:168,64.565028,64.575028,64.575028,64.60502799999999,0.03999999999999204,64.64220780504267,0.0771798050426753,fdd:2,play 311.13
5:16,64.565028,64.627528,64.627528,64.627528,0.0625,64.68079770756401,0.11576970756401295,fdd:1,play 164.81
5:18,64.565028,64.637528,64.637528,64.647528,0.08249999999999602,64.71938761008535,0.1543596100853506,fdd:1,play 146.83
5:19,64.565028,64.64752800000001,64.64752800000001,64.66752799999999,0.10249999999999204,64.75797751260669,0.19294951260668824,fdd:1,play 196.00
5:20,64.72807099999999,64.72807099999999,64.72807099999999,64.76507099999998,0.03699999999999193,64.8737472201707,0.14567622017071358,fdd:1,play 164.81
5:21,64.72807099999999,64.72807099999999,64.72807099999999,64.78507099999997,0.05699999999998795,64.91233712269204,0.18426612269205123,fdd:2,play 110.00
5:22,64.72807099999999,64.73807099999999,64.73807099999999,64.80507099999997,0.07699999999998397,64.95092702521337,0.22285602521338888,fdd:1,play 146.83
5:23,64.72807099999999,64.748071,64.748071,64.82507099999997,0.09699999999997999,64.98951692773471,0.2614459277347265,fdd:1,play 196.00
4:55,64.89111399999999,64.89111399999999,64.89111399999999,64.95209231666664,0.06097831666664888,65.14387653782006,0.2527625378200753,drum:1,drum_on 246.94
5:24,64.89111399999999,64.89111399999999,64.89111399999999,64.97209231666663,0.0809783166666449,65.22105634286275,0.3299423428627648,fdd:1,play 164.81
5:25,64.89111399999999,64.89111399999999,64.89111399999999,64.99209231666663,0.10097831666664092,65.25964624538409,0.36853224538410245,fdd:2,play 110.00
5:26,64.89111399999999,64.90111399999999,64.90111399999999,65.01209231666662,0.12097831666663694,65.29823614790543,0.4071221479054401,fdd:1,play 146.83
5:27,64.89111399999999,64.911114,64.911114,65.03209231666662,0.14097831666663296,65.33682605042677,0.44571205042677775,fdd:1,play 196.00
1:169,64.89111399999999,64.921114,64.921114,65.05209231666662,0.16097831666662898,65.3754159529481,0.4843019529481154,fdd:1,play 261.63
5:28,65.05415699999999,65.05415699999999,65.05415699999999,65.1120923166666,0.05793531666661522,65.49118566051212,0.4370286605121265,fdd:1,play 196.00
5:30,65.05415699999999,65.05415699999999,65.05415699999999,65.1320923166666,0.07793531666661124,65.52977556303345,0.47561856303346417,fdd:2,play 196.00
5:29,65.05415699999999,65.11665699999999,65.11665699999999,65.1520923166666,0.09793531666660726,65.56836546555479,0.5142084655548018,fdd:1,play 146.83
5:31,65.05415699999999,65.11665699999999,65.11665699999999,65.17209231666659,0.11793531666660328,65.60695536807613,0.5527983680761395,fdd:2,play 246.94
3:125,65.21719999999999,65.21719999999999,65.21719999999999,65.25817831666664,0.04097831666665286,65.76131497816148,0.5441149781614882,fdd:1,play 196.00
1:171,65.21719999999999,65.21719999999999,65.21719999999999,65.27817831666664,0.06097831666664888,65.79990488068282,0.5827048806828259,fdd:2,play 146.83
5:33,65.21719999999999,65.21719999999999,65.21719999999999,65.29817831666664,0.0809783166666449,65.83849478320415,0.6212947832041635,fdd:3,play 146.83
5:35,65.21719999999999,65.21719999999999,65.21719999999999,65.31817831666663,0.10097831666664092,65.87708468572549,0.6598846857255012,fdd:4,play 246.94
1:170,65.21719999999999,65.27969999999999,65.27969999999999,65.33817831666663,0.12097831666663694,65.91567458824683,0.6984745882468388,fdd:1,play 196.00
5:32,65.21719999999999,65.27969999999999,65.27969999999999,65.35817831666662,0.14097831666663296,65.95426449076817,0.7370644907681765,fdd:2,play 98.00
5:34,65.21719999999999,65.27969999999999,65.27969999999999,65.37817831666662,0.16097831666662898,65.9928543932895,0.7756543932895141,fdd:3,play 196.00
3:126,66.35850099999999,66.35850099999999,66.35850099999999,66.35850099999999,0.0,66.35850099999999,0.0,fdd:1,play 196.00
3:127,66.52154399999999,66.52154399999999,66.52154399999999,66.52954399999999,0.007999999999995566,66.54813390252133,0.026589902521337194,fdd:1,play 196.00
3:128,66.84763,66.84763,66.84763,66.84763,0.0,66.84763,0.0,fdd:1,play 196.00
1:172,67.173716,67.173716,67.173716,67.173716,0.0,67.173716,0.0,fdd:1,play 246.94
1:173,67.33675899999999,67.33675899999999,67.33675899999999,67.33675899999999,0.0,67.33675899999999,0.0,fdd:3,play 261.63
3:129,67.49980199999999,67.49980199999999,67.49980199999999,67.49980199999999,0.0,67.49980199999999,0.0,fdd:1,play 196.00
1:174,67.49980199999999,67.56230199999999,67.56230199999999,67.56230199999999,0.0625,67.57698180504266,0.0771798050426753,fdd:1,play 246.94
3:130,67.82588799999999,67.82588799999999,67.82588799999999,67.82588799999999,0.0,67.82588799999999,0.0,fdd:1,play 196.00
1:175,68.151974,68.151974,68.151974,68.151974,0.0,68.151974,0.0,fdd:1,play 196.00
3:131,68.80414599999999,68.80414599999999,68.80414599999999,68.80414599999999,0.0,68.80414599999999,0.0,fdd:1,play 196.00
1:176,68.80414599999999,68.86664599999999,68.86664599999999,68.86664599999999,0.0625,68.86664599999999,0.0625,fdd:1,play 146.83
3:132,68.96718899999999,68.96718899999999,68.96718899999999,68.98418899999999,0.016999999999995907,69.00277890252133,0.035589902521337535,fdd:1,play 196.00
4:56,69.13023199999999,69.13023199999999,69.13023199999999,69.15823199999998,0.027999999999991587,69.15682190252133,0.026589902521337194,drum:1,drum_on 196.00
3:133,69.13023199999999,69.13023199999999,69.13023199999999,69.17823199999998,0.04799999999998761,69.23400170756402,0.1037697075640267,fdd:1,play 196.00
4:57,69.456318,69.456318,69.456318,69.47729631666665,0.020978316666656838,69.475886219188,0.019568219188002445,drum:1,drum_on 220.00
3:134,69.456318,69.456318,69.456318,69.49729631666665,0.04097831666665286,69.55306602423069,0.09674802423069195,fdd:1,play 196.00
1:177,69.456318,69.518818,69.518818,69.518818,0.0625,69.59165592675203,0.1353379267520296,fdd:1,play 196.00
4:58,69.619361,69.619361,69.619361,69.64033931666665,0.020978316666656838,69.6688357317947,0.049474731794703075,drum:1,drum_on 246.94
1:178,69.78240399999999,69.78240399999999,69.78240399999999,69.78240399999999,0.0,69.78460543935873,0.0022014393587426184,fdd:1,play 146.83
4:59,70.10848999999999,70.10848999999999,70.10848999999999,70.12946831666665,0.020978316666656838,70.12805821918799,0.019568219188002445,drum:1,drum_on 246.94
5:37,70.43457599999999,70.43457599999999,70.43457599999999,70.43457599999999,0.0,70.43457599999999,0.0,fdd:1,play 185.00
1:180,70.43457599999999,70.43457599999999,70.43457599999999,70.45457599999999,0.01999999999999602,70.47316590252133,0.03858990252133765,fdd:2,play 185.00
3:135,70.43457599999999,70.43457599999999,70.43457599999999,70.47457599999998,0.03999999999999204,70.51175580504267,0.0771798050426753,fdd:3,play 123.47
5:38,70.43457599999999,70.43457599999999,70.43457599999999,70.49457599999998,0.05999999999998806,70.550345707564,0.11576970756401295,fdd:4,play 246.94
1:179,70.43457599999999,70.49707599999999,70.49707599999999,70.51457599999998,0.07999999999998408,70.58893561008534,0.1543596100853506,fdd:1,play 246.94
5:36,70.43457599999999,70.49707599999999,70.49707599999999,70.53457599999997,0.0999999999999801,70.62752551260668,0.19294951260668824,fdd:3,play 123.47
5:39,70.43457599999999,70.49707599999999,70.49707599999999,70.55457599999997,0.11999999999997613,70.66611541512802,0.2315394151280259,fdd:4,play 311.13
4:60,70.760662,70.760662,70.760662,70.78707599999997,0.02641399999997418,70.89765483025604,0.13699283025604814,drum:1,drum_on 185.00
4:61,71.41283399999999,71.41283399999999,71.41283399999999,71.43381231666665,0.020978316666656838,71.43240221918799,0.019568219188002445,drum:1,drum_on 164.81
4:62,71.57587699999999,71.57587699999999,71.57587699999999,71.59685531666665,0.020978316666656838,71.595445219188,0.019568219188002445,drum:1,drum_on 155.56
3:136,71.57587699999999,71.57587699999999,71.57587699999999,71.61685531666664,0.04097831666665286,71.67262502423068,0.09674802423069195,fdd:1,play 185.00
3:137,71.73892,71.73892,71.73892,71.73892,0.0,71.73892,0.0,fdd:2,play 123.47
3:138,72.065006,72.065006,72.065006,72.065006,0.0,72.065006,0.0,fdd:2,play 123.47
1:181,72.39109199999999,72.39109199999999,72.39109199999999,72.39207031666666,0.0009783166666750276,72.410660219188,0.019568219188016656,fdd:1,play 311.13
5:40,72.39109199999999,72.39109199999999,72.39109199999999,72.41207031666666,0.02097831666667105,72.44925012170934,0.058158121709354305,fdd:2,play 123.47
5:43,72.39109199999999,72.39109199999999,72.39109199999999,72.43207031666665,0.04097831666666707,72.48784002423068,0.09674802423069195,fdd:3,play 311.13
5:41,72.39109199999999,72.45359199999999,72.45359199999999,72.45359199999999,0.0625,72.52642992675202,0.1353379267520296,fdd:1,play 185.00
5:42,72.39109199999999,72.45359199999999,72.45359199999999,72.47359199999998,0.08249999999999602,72.56501982927335,0.17392782927336725,fdd:2,play 246.94
1:182,72.55413499999999,72.55413499999999,72.55413499999999,72.57113499999998,0.016999999999995907,72.64219963431603,0.08806463431604072,fdd:3,play 329.63
3:139,72.71717799999999,72.71717799999999,72.71717799999999,72.73417799999999,0.016999999999995907,72.79655924440138,0.0793812444013895,fdd:1,play 185.00
5:44,72.71717799999999,72.71717799999999,72.71717799999999,72.75417799999998,0.03699999999999193,72.83514914692272,0.11797114692272714,fdd:2,play 123.47
1:183,72.71717799999999,72.71717799999999,72.71717799999999,72.77417799999998,0.05699999999998795,72.87373904944405,0.1565610494440648,fdd:3,play 311.13
5:45,72.71717799999999,72.77967799999999,72.77967799999999,72.79417799999997,0.07699999999998397,72.91232895196539,0.19515095196540244,fdd:1,play 185.00
5:46,72.71717799999999,72.77967799999999,72.77967799999999,72.81417799999997,0.09699999999997999,72.95091885448673,0.2337408544867401,fdd:2,play 246.94
5:47,72.71717799999999,72.77967799999999,72.77967799999999,72.83417799999997,0.11699999999997601,72.98950875700807,0.27233075700807774,fdd:3,play 311.13
3:140,73.043264,73.043264,73.043264,73.043264,0.0,73.14386836709342,0.10060436709342468,fdd:2,play 123.47
1:184,73.36935,73.36935,73.36935,73.36935,0.0,73.36935,0.0,fdd:1,play 246.94
4:63,73.69543599999999,73.69543599999999,73.69543599999999,73.71543599999998,0.01999999999999602,73.69543599999999,0.0,drum:1,drum_on 246.94
4:64,74.02152199999999,74.02152199999999,74.02152199999999,74.04250031666665,0.020978316666656838,74.04109021918799,0.019568219188002445,drum:1,drum_on 246.94
1:185,74.02152199999999,74.02152199999999,74.02152199999999,74.06250031666664,0.04097831666665286,74.11827002423068,0.09674802423069195,fdd:1,play 185.00
4:65,74.18456499999999,74.18456499999999,74.18456499999999,74.22554331666664,0.04097831666665286,74.24272312170933,0.058158121709340094,drum:1,drum_on 246.94
3:141,74.18456499999999,74.18456499999999,74.18456499999999,74.24554331666664,0.06097831666664888,74.31990292675202,0.1353379267520296,fdd:1,play 185.00
4:66,74.347608,74.347608,74.347608,74.38858631666665,0.04097831666665286,74.43567263431603,0.08806463431604072,drum:1,drum_on 261.63
5:49,74.347608,74.347608,74.347608,74.40858631666664,0.06097831666664888,74.51285243935872,0.16524443935873023,fdd:1,play 185.00
3:142,74.347608,74.347608,74.347608,74.42858631666664,0.0809783166666449,74.55144234188006,0.20383434188006788,fdd:2,play 123.47
5:51,74.347608,74.347608,74.347608,74.44858631666663,0.10097831666664092,74.5900322444014,0.24242424440140553,fdd:3,play 311.13
5:50,74.347608,74.410108,74.410108,74.46858631666663,0.12097831666663694,74.62862214692274,0.2810141469227432,fdd:1,play 246.94
5:48,74.347608,74.410108,74.410108,74.48858631666663,0.14097831666663296,74.66721204944407,0.31960404944408083,fdd:2,play 123.47
4:67,74.510651,74.510651,74.510651,74.54858631666661,0.0379353166666192,74.74439185448675,0.2337408544867543,drum:1,drum_on 246.94
4:68,74.673694,74.673694,74.673694,74.69467231666665,0.020978316666656838,74.97593126961479,0.3022372696147926,drum:1,drum_on 246.94
5:53,74.673694,74.673694,74.673694,74.71467231666665,0.04097831666665286,75.05311107465748,0.3794170746574821,fdd:1,play 185.00
3:143,74.673694,74.673694,74.673694,74.73467231666665,0.06097831666664888,75.09170097717882,0.41800697717881974,fdd:2,play 123.47
5:52,74.673694,74.673694,74.673694,74.75467231666664,0.0809783166666449,75.13029087970015,0.4565968797001574,fdd:3,play 123.47
5:54,74.673694,74.736194,74.736194,74.77467231666664,0.10097831666664092,75.16888078222149,0.49518678222149504,fdd:1,play 246.94
1:186,74.673694,74.736194,74.736194,74.79467231666663,0.12097831666663694,75.20747068474283,0.5337766847428327,fdd:2,play 123.47
5:55,74.673694,74.736194,74.736194,74.81467231666663,0.14097831666663296,75.24606058726417,0.5723665872641703,fdd:3,play 311.13
4:69,74.99977999999999,74.99977999999999,74.99977999999999,75.02619399999998,0.02641399999998839,75.43901009987086,0.43923009987086914,drum:1,drum_on 246.94
4:70,75.16282299999999,75.16282299999999,75.16282299999999,75.18380131666665,0.020978316666656838,75.55477980743488,0.39195680743489447,drum:1,drum_on 220.00
4:71,75.32586599999999,75.32586599999999,75.32586599999999,75.34684431666665,0.020978316666656838,75.67054951499891,0.3446835149989198,drum:1,drum_on 220.00
3:144,75.32586599999999,75.32586599999999,75.32586599999999,75.36684431666664,0.04097831666665286,75.7477293200416,0.4218633200416093,fdd:1,play 185.00
1:187,75.32586599999999,75.32586599999999,75.32586599999999,75.38684431666664,0.06097831666664888,75.78631922256294,0.46045322256294696,fdd:2,play 123.47
1:188,75.32586599999999,75.38836599999999,75.38836599999999,75.40684431666664,0.0809783166666449,75.82490912508428,0.4990431250842846,fdd:1,play 185.00
4:72,75.48890899999999,75.48890899999999,75.48890899999999,75.52988731666665,0.04097831666665286,75.94067883264829,0.45176983264829573,drum:1,drum_on 246.94
1:190,75.48890899999999,75.48890899999999,75.48890899999999,75.54988731666664,0.06097831666664888,76.01785863769098,0.5289496376909852,fdd:1,play 185.00
1:189,75.48890899999999,75.48890899999999,75.48890899999999,75.56988731666664,0.0809783166666449,76.05644854021232,0.5675395402123229,fdd:4,play 123.47
3:145,75.651952,75.651952,75.651952,75.68895199999999,0.03699999999999193,76.21080815029767,0.5588561502976717,fdd:1,play 130.81
5:57,75.651952,75.651952,75.651952,75.70895199999998,0.05699999999998795,76.249398052819,0.5974460528190093,fdd:2,play 261.63
1:192,75.651952,75.651952,75.651952,75.72895199999998,0.07699999999998397,76.28798795534034,0.636035955340347,fdd:3,play 196.00
1:194,75.651952,75.651952,75.651952,75.74895199999997,0.09699999999997999,76.32657785786168,0.6746258578616846,fdd:4,play 329.63
1:191,75.651952,75.71445181666665,75.71445181666665,75.76895199999997,0.11699999999997601,76.36516776038302,0.7132157603830223,fdd:2,play 130.81
5:56,75.651952,75.714452,75.714452,75.78895199999997,0.13699999999997203,76.40375766290435,0.7518056629043599,fdd:1,play 130.81
1:193,75.651952,75.714452,75.714452,75.80895199999996,0.15699999999996805,76.44234756542569,0.7903955654256976,fdd:3,play 261.63
1:195,75.651952,75.714452,75.714452,75.82895199999996,0.17699999999996407,76.48093746794703,0.8289854679470352,fdd:4,play 196.00
5:58,75.73347349999999,75.77695181666665,75.77695181666665,75.84895199999995,0.11547849999996629,76.51952737046837,0.786053870468379,fdd:1,play 130.81
5:59,75.73347349999999,75.77695181666665,75.77695181666665,75.86895199999995,0.1354784999999623,76.5581172729897,0.8246437729897167,fdd:2,play 261.63
5:60,75.814995,75.814995,75.814995,75.90895199999994,0.09395699999994633,76.63529707803238,0.820302078032384,fdd:3,play 130.81
5:61,75.814995,75.87749481666665,75.87749481666665,75.92895199999994,0.11395699999994235,76.67388698055372,0.8588919805537216,fdd:3,play 261.63
5:62,75.89651649999999,75.89651649999999,75.89651649999999,75.96895199999993,0.07243549999994059,76.7510667855964,0.8545502855964031,fdd:1,play 130.81
5:63,75.89651649999999,75.95901631666666,75.95901631666666,76.00895199999992,0.11243549999993263,76.82824659063907,0.9317300906390784,fdd:1,play 261.63
5:64,75.978038,75.978038,75.978038,76.04895199999991,0.07091399999991665,76.90542639568174,0.9273883956817457,fdd:2,play 130.81
5:65,75.978038,75.978038,75.978038,76.06895199999991,0.09091399999991268,76.94401629820308,0.9659782982030833,fdd:4,play 261.63
5:66,76.05955949999999,76.05955949999999,76.05955949999999,76.1089519999999,0.04939249999991091,77.02119610324576,0.9616366032457648,fdd:1,play 130.81
5:67,76.05955949999999,76.12205931666666,76.12205931666666,76.1489519999999,0.08939249999990295,77.09837590828843,1.0388164082884401,fdd:1,play 261.63
5:68,76.14108099999999,76.14108099999999,76.14108099999999,76.18895199999989,0.04787099999990119,77.17555571333111,1.0344747133311216,fdd:2,play 130.81
5:69,76.14108099999999,76.20358081666666,76.20358081666666,76.22895199999988,0.08787099999989323,77.25273551837378,1.111654518373797,fdd:2,play 261.63
5:70,76.2226025,76.2226025,76.2226025,76.26895199999987,0.04634949999987725,77.32991532341646,1.1073128234164642,fdd:1,play 130.81
5:71,76.2226025,76.28510231666665,76.28510231666665,76.28895199999987,0.06634949999987327,77.3685052259378,1.1459027259378018,fdd:1,play 261.63
5:72,76.30412399999999,76.30412399999999,76.30412399999999,76.32895199999986,0.02482799999987151,77.44568503098047,1.1415610309804833,fdd:2,play 130.81
5:73,76.30412399999999,76.36662381666666,76.36662381666666,76.36662381666666,0.062499816666672814,77.48427493350181,1.180150933501821,fdd:2,play 261.63
5:74,76.3856455,76.3856455,76.3856455,76.40662381666665,0.020978316666656838,77.56145473854448,1.1758092385444883,fdd:1,play 130.81
5:75,76.3856455,76.44814531666665,76.44814531666665,76.44814531666665,0.0624998166666586,77.60004464106582,1.214399141065826,fdd:1,play 261.63
5:76,76.46716699999999,76.46716699999999,76.46716699999999,76.48814531666665,0.020978316666656838,77.6772244461085,1.2100574461085074,fdd:2,play 130.81
5:77,76.46716699999999,76.52966681666666,76.52966681666666,76.52966681666666,0.062499816666672814,77.71581434862983,1.248647348629845,fdd:2,play 261.63
5:78,76.5486885,76.5486885,76.5486885,76.56966681666665,0.020978316666656838,77.79299415367251,1.2443056536725123,fdd:1,play 130.81
5:79,76.5486885,76.61118831666666,76.61118831666666,76.61118831666666,0.0624998166666586,77.83158405619385,1.28289555619385,fdd:1,play 261.63
5:81,76.63020999999999,76.63020999999999,76.63020999999999,76.65118831666665,0.020978316666656838,77.90876386123652,1.2785538612365315,fdd:2,play 261.63
5:80,76.63020999999999,76.63020999999999,76.63020999999999,76.67118831666664,0.04097831666665286,77.94735376375786,1.3171437637578691,fdd:3,play 130.81
5:82,76.71173149999998,76.71173149999998,76.71173149999998,76.73973149999998,0.027999999999991587,78.06312347132187,1.3513919713218883,fdd:1,play 130.81
5:83,76.71173149999998,76.71173149999998,76.71173149999998,76.75973149999997,0.04799999999998761,78.10171337384321,1.389981873843226,fdd:2,play 261.63
3:146,76.79325299999999,76.79325299999999,76.79325299999999,76.82125299999998,0.027999999999991587,78.21748308140722,1.4242300814072308,fdd:1,play 130.81
5:85,76.79325299999999,76.79325299999999,76.79325299999999,76.84125299999998,0.04799999999998761,78.25607298392856,1.4628199839285685,fdd:2,play 261.63
5:84,76.79325299999999,76.85575299999999,76.85575299999999,76.88125299999997,0.08799999999997965,78.33325278897124,1.5399997889712438,fdd:1,play 130.81
5:86,76.87477449999999,76.87477449999999,76.87477449999999,76.92125299999996,0.046478499999977885,78.41043259401391,1.5356580940139253,fdd:2,play 130.81
5:87,76.87477449999999,76.93727431666666,76.93727431666666,76.94125299999996,0.0664784999999739,78.44902249653525,1.574247996535263,fdd:2,play 261.63
3:147,76.956296,76.956296,76.956296,76.98125299999995,0.02495699999995793,78.52620230157792,1.5699063015779302,fdd:1,play 130.81
5:89,76.956296,76.956296,76.956296,77.00125299999995,0.04495699999995395,78.56479220409926,1.6084962040992679,fdd:3,play 261.63
5:88,76.956296,77.018796,77.018796,77.02125299999994,0.06495699999994997,78.6033821066206,1.6470861066206055,fdd:1,play 130.81
5:90,77.03781749999999,77.03781749999999,77.03781749999999,77.06125299999994,0.023435499999948206,78.68056191166328,1.642744411663287,fdd:2,play 130.81
5:91,77.03781749999999,77.10031731666666,77.10031731666666,77.10031731666666,0.062499816666672814,78.71915181418461,1.6813343141846246,fdd:2,play 261.63
5:92,77.119339,77.119339,77.119339,77.14031731666665,0.020978316666656838,78.79633161922729,1.676992619227292,fdd:1,play 130.81
5:93,77.119339,77.18183881666666,77.18183881666666,77.18183881666666,0.0624998166666586,78.87351142426996,1.7541724242699672,fdd:1,play 261.63
5:94,77.20086049999999,77.20086049999999,77.20086049999999,77.22183881666665,0.020978316666656838,78.95069122931264,1.7498307293126487,fdd:2,play 130.81
5:95,77.20086049999999,77.20086049999999,77.20086049999999,77.24183881666664,0.04097831666665286,78.98928113183398,1.7884206318339864,fdd:3,play 261.63
3:148,77.28238199999998,77.28238199999998,77.28238199999998,77.31038199999998,0.027999999999991587,79.10505083939799,1.8226688393980055,fdd:1,play 130.81
5:97,77.28238199999998,77.28238199999998,77.28238199999998,77.33038199999997,0.04799999999998761,79.14364074191933,1.8612587419193432,fdd:3,play 261.63
5:96,77.28238199999998,77.34488199999998,77.34488199999998,77.35038199999997,0.06799999999998363,79.18223064444066,1.8998486444406808,fdd:1,play 130.81
5:98,77.36390349999999,77.36390349999999,77.36390349999999,77.39038199999996,0.026478499999967653,79.25941044948334,1.895506949483348,fdd:2,play 130.81
5:99,77.36390349999999,77.42640331666665,77.42640331666665,77.42640331666665,0.0624998166666586,79.29800035200468,1.9340968520046857,fdd:2,play 261.63
5:100,77.44542499999999,77.44542499999999,77.44542499999999,77.46640331666664,0.020978316666656838,79.37518015704735,1.9297551570473672,fdd:1,play 130.81
5:101,77.44542499999999,77.50792481666666,77.50792481666666,77.50792481666666,0.062499816666672814,79.45235996209003,2.0069349620900425,fdd:1,play 261.63
5:102,77.5269465,77.5269465,77.5269465,77.54792481666665,0.020978316666656838,79.5295397671327,2.00259326713271,fdd:2,play 130.81
5:103,77.5269465,77.58944631666665,77.58944631666665,77.60944631666665,0.08249981666665462,79.60671957217538,2.079773072175385,fdd:2,play 261.63
5:104,77.60846799999999,77.60846799999999,77.60846799999999,77.64944631666664,0.04097831666665286,79.68389937721805,2.0754313772180666,fdd:1,play 130.81
1:197,77.60846799999999,77.60846799999999,77.60846799999999,77.66944631666664,0.06097831666664888,79.72248927973939,2.1140212797394042,fdd:3,play 329.63
5:105,77.60846799999999,77.67096781666666,77.67096781666666,77.68944631666663,0.0809783166666449,79.76107918226073,2.152611182260742,fdd:1,play 261.63
5:106,77.6899895,77.6899895,77.6899895,77.72944631666662,0.039456816666628924,79.8382589873034,2.148269487303409,fdd:2,play 130.81
5:107,77.6899895,77.75248931666665,77.75248931666665,77.75248931666665,0.0624998166666586,79.87684888982474,2.186859389824747,fdd:2,play 261.63
5:108,77.77151099999999,77.77151099999999,77.77151099999999,77.81248931666664,0.04097831666665286,79.99261859738876,2.221107597388766,fdd:1,play 130.81
5:109,77.77151099999999,77.77151099999999,77.77151099999999,77.83248931666664,0.06097831666664888,80.0312084999101,2.2596974999101036,fdd:3,play 261.63
1:198,77.77151099999999,77.83401081666666,77.83401081666666,77.85248931666663,0.0809783166666449,80.06979840243143,2.2982874024314413,fdd:3,play 174.61
5:110,77.8530325,77.8530325,77.8530325,77.89248931666663,0.039456816666628924,80.1469782074741,2.2939457074741085,fdd:1,play 130.81
5:111,77.8530325,77.91553231666666,77.91553231666666,77.91553231666666,0.0624998166666586,80.18556810999544,2.332535609995446,fdd:1,play 261.63
5:113,77.93455399999999,77.93455399999999,77.93455399999999,77.97553231666664,0.04097831666665286,80.30133781755946,2.3667838175594653,fdd:2,play 261.63
5:112,77.93455399999999,77.93455399999999,77.93455399999999,77.99553231666664,0.06097831666664888,80.3399277200808,2.405373720080803,fdd:3,play 130.81
3:149,77.93455399999999,77.97803213333331,77.97803213333331,78.01553231666664,0.0809783166666449,80.37851762260213,2.4439636226021406,fdd:1,play 196.00
1:199,77.93455399999999,77.99705381666666,77.99705381666666,78.03553231666663,0.10097831666664092,80.41710752512347,2.4825535251234783,fdd:2,play 329.63
5:114,78.01607549999999,78.01607549999999,78.01607549999999,78.07553231666662,0.059456816666639156,80.49428733016615,2.4782118301661598,fdd:3,play 130.81
5:115,78.01607549999999,78.07857531666666,78.07857531666666,78.09553231666662,0.07945681666663518,80.53287723268748,2.5168017326874974,fdd:3,play 261.63
5:116,78.097597,78.097597,78.097597,78.13553231666661,0.0379353166666192,80.61005703773016,2.5124600377301647,fdd:1,play 130.81
5:117,78.097597,78.16009681666665,78.16009681666665,78.16009681666665,0.0624998166666586,80.6486469402515,2.5510499402515023,fdd:1,play 261.63
5:118,78.17911849999999,78.17911849999999,78.17911849999999,78.22009681666664,0.04097831666665286,80.76441664781551,2.5852981478155215,fdd:2,play 130.81
5:119,78.17911849999999,78.17911849999999,78.17911849999999,78.24009681666664,0.06097831666664888,80.80300655033685,2.623888050336859,fdd:3,play 261.63
3:150,78.26064,78.26064,78.26064,78.30009681666662,0.039456816666628924,80.91877625790086,2.658136257900864,fdd:1,play 130.81
5:121,78.26064,78.26064,78.26064,78.32009681666662,0.059456816666624945,80.9573661604222,2.6967261604222017,fdd:3,play 293.66
5:120,78.26064,78.32314,78.32314,78.34009681666662,0.07945681666662097,80.99595606294353,2.7353160629435394,fdd:1,play 146.83
5:122,78.34216149999999,78.34216149999999,78.34216149999999,78.38009681666661,0.0379353166666192,81.07313586798621,2.730974367986221,fdd:2,play 146.83
5:123,78.34216149999999,78.40466131666666,78.40466131666666,78.40466131666666,0.062499816666672814,81.11172577050755,2.7695642705075585,fdd:2,play 293.66
5:124,78.423683,78.423683,78.423683,78.44466131666665,0.020978316666656838,81.18890557555022,2.7652225755502258,fdd:1,play 146.83
5:125,78.423683,78.48618281666666,78.48618281666666,78.48618281666666,0.0624998166666586,81.2660853805929,2.842402380592901,fdd:1,play 293.66
5:126,78.50520449999999,78.50520449999999,78.50520449999999,78.52618281666665,0.020978316666656838,81.34326518563557,2.8380606856355826,fdd:2,play 146.83
5:127,78.50520449999999,78.56770431666666,78.56770431666666,78.56770431666666,0.062499816666672814,81.38185508815691,2.87665058815692,fdd:2,play 293.66
5:128,78.58672599999998,78.58672599999998,78.58672599999998,78.60770431666666,0.02097831666667105,81.45903489319959,2.8723088931996017,fdd:1,play 146.83
1:200,78.58672599999998,78.58672599999998,78.58672599999998,78.62770431666665,0.04097831666666707,81.49762479572092,2.9108987957209393,fdd:3,play 261.63
5:129,78.58672599999998,78.64922581666666,78.64922581666666,78.64922581666666,0.062499816666672814,81.53621469824226,2.949488698242277,fdd:1,play 293.66
5:130,78.66824749999999,78.66824749999999,78.66824749999999,78.68922581666665,0.020978316666656838,81.61339450328494,2.9451470032849443,fdd:2,play 146.83
5:131,78.66824749999999,78.73074731666665,78.73074731666665,78.73074731666665,0.0624998166666586,81.65198440580627,2.983736905806282,fdd:2,play 293.66
5:132,78.74976899999999,78.74976899999999,78.74976899999999,78.77074731666664,0.020978316666656838,81.72916421084895,2.9793952108489634,fdd:1,play 146.83
5:133,78.74976899999999,78.81226881666666,78.81226881666666,78.81226881666666,0.062499816666672814,81.80634401589163,3.0565750158916387,fdd:1,play 293.66
5:134,78.8312905,78.8312905,78.8312905,78.85226881666665,0.020978316666656838,81.8835238209343,3.052233320934306,fdd:2,play 146.83
5:135,78.8312905,78.89379031666665,78.89379031666665,78.89379031666665,0.0624998166666586,81.92211372345564,3.0908232234556436,fdd:2,play 293.66
5:136,78.91281199999999,78.91281199999999,78.91281199999999,78.93379031666665,0.020978316666656838,81.99929352849831,3.086481528498325,fdd:1,play 146.83
5:137,78.91281199999999,78.97531181666666,78.97531181666666,78.97531181666666,0.062499816666672814,82.03788343101965,3.125071431019663,fdd:1,play 293.66
5:138,78.9943335,78.9943335,78.9943335,79.01531181666665,0.020978316666656838,82.11506323606233,3.12072973606233,fdd:2,play 146.83
5:139,78.9943335,79.05683331666665,79.05683331666665,79.05683331666665,0.0624998166666586,82.15365313858366,3.1593196385836677,fdd:2,play 293.66
5:140,79.07585499999999,79.07585499999999,79.07585499999999,79.09683331666665,0.020978316666656838,82.23083294362634,3.154977943626349,fdd:1,play 146.83
5:141,79.07585499999999,79.13835481666666,79.13835481666666,79.13835481666666,0.062499816666672814,82.26942284614768,3.193567846147687,fdd:1,play 293.66
5:142,79.1573765,79.1573765,79.1573765,79.17835481666665,0.020978316666656838,82.34660265119035,3.189226151190354,fdd:2,play 146.83
5:143,79.1573765,79.21987631666666,79.21987631666666,79.21987631666666,0.0624998166666586,82.38519255371169,3.227816053711692,fdd:2,play 293.66
5:144,79.23889799999999,79.23889799999999,79.23889799999999,79.25987631666665,0.020978316666656838,82.46237235875437,3.2234743587543733,fdd:1,play 146.83
1:201,79.23889799999999,79.23889799999999,79.23889799999999,79.27987631666664,0.04097831666665286,82.5009622612757,3.262064261275711,fdd:4,play 196.00
5:145,79.23889799999999,79.30139781666666,79.30139781666666,79.30139781666666,0.062499816666672814,82.53955216379704,3.3006541637970486,fdd:1,play 293.66
5:146,79.32041949999999,79.32041949999999,79.32041949999999,79.34139781666666,0.02097831666667105,82.61673196883972,3.29631246883973,fdd:2,play 146.83
5:147,79.32041949999999,79.38291931666666,79.38291931666666,79.38291931666666,0.062499816666672814,82.65532187136105,3.3349023713610677,fdd:2,play 293.66
3:151,79.401941,79.401941,79.401941,79.42291931666665,0.020978316666656838,82.73250167640373,3.330560676403735,fdd:1,play 196.00
5:149,79.401941,79.401941,79.401941,79.44291931666665,0.04097831666665286,82.77109157892507,3.3691505789250726,fdd:3,play 293.66
5:148,79.401941,79.464441,79.464441,79.48291931666664,0.0809783166666449,82.84827138396774,3.446330383967748,fdd:1,play 146.83
5:150,79.48346249999999,79.48346249999999,79.48346249999999,79.52291931666663,0.039456816666643135,82.92545118901042,3.4419886890104294,fdd:3,play 146.83
5:151,79.48346249999999,79.54596231666666,79.54596231666666,79.54596231666666,0.062499816666672814,82.96404109153175,3.480578591531767,fdd:3,play 293.66
4:73,79.564984,79.564984,79.564984,79.62596231666664,0.06097831666664888,83.07981079909577,3.514826799095772,drum:1,drum_on 196.00
3:152,79.564984,79.564984,79.564984,79.64596231666664,0.0809783166666449,83.15699060413846,3.5920066041384615,fdd:1,play 130.81
5:153,79.564984,79.564984,79.564984,79.66596231666664,0.10097831666664092,83.1955805066598,3.630596506659799,fdd:2,play 293.66
5:152,79.564984,79.627484,79.627484,79.68596231666663,0.12097831666663694,83.23417040918113,3.669186409181137,fdd:1,play 146.83
5:154,79.64650549999999,79.64650549999999,79.64650549999999,79.72596231666662,0.07945681666663518,83.31135021422381,3.6648447142238183,fdd:2,play 146.83
5:155,79.64650549999999,79.70900531666666,79.70900531666666,79.74596231666662,0.0994568166666312,83.34994011674515,3.703434616745156,fdd:2,play 293.66
5:156,79.728027,79.728027,79.728027,79.78596231666661,0.05793531666661522,83.42711992178782,3.6990929217878232,fdd:1,play 146.83
5:157,79.728027,79.79052681666666,79.79052681666666,79.8259623166666,0.09793531666660726,83.5042997268305,3.7762727268304985,fdd:1,play 293.66
5:158,79.80954849999999,79.80954849999999,79.80954849999999,79.8659623166666,0.0564138166666055,83.58147953187317,3.77193103187318,fdd:2,play 146.83
5:159,79.80954849999999,79.87204831666666,79.87204831666666,79.90596231666659,0.09641381666659754,83.65865933691585,3.8491108369158553,fdd:2,play 293.66
4:74,79.89106999999998,79.89106999999998,79.89106999999998,79.96596231666658,0.0748923166665918,83.73583914195852,3.844769141958537,drum:1,drum_on 220.00
3:153,79.89106999999998,79.89106999999998,79.89106999999998,79.98596231666657,0.09489231666658782,83.81301894700121,3.9219489470012263,fdd:1,play 130.81
5:161,79.89106999999998,79.89106999999998,79.89106999999998,80.00596231666657,0.11489231666658384,83.85160884952255,3.960538849522564,fdd:3,play 293.66
1:202,79.89106999999998,79.95356981666666,79.95356981666666,80.02596231666656,0.13489231666657986,83.89019875204389,3.9991287520439016,fdd:3,play 196.00
5:160,79.89106999999998,79.95356999999998,79.95356999999998,80.04596231666656,0.15489231666657588,83.92878865456522,4.037718654565239,fdd:1,play 146.83
5:162,79.9725915,79.9725915,79.9725915,80.08596231666655,0.1133708166665599,84.0059684596079,4.0333769596079065,fdd:2,play 146.83
5:163,79.9725915,80.03509131666665,80.03509131666665,80.10596231666655,0.13337081666655592,84.04455836212924,4.071966862129244,fdd:2,play 293.66
5:164,80.05411299999999,80.05411299999999,80.05411299999999,80.14596231666654,0.09184931666655416,84.12173816717191,4.067625167171926,fdd:1,play 146.83
5:165,80.05411299999999,80.11661281666666,80.11661281666666,80.16596231666654,0.11184931666655018,84.16032806969325,4.106215069693263,fdd:1,play 293.66
5:166,80.1356345,80.1356345,80.1356345,80.22596231666652,0.09032781666653023,84.27609777725726,4.140463277257268,fdd:2,play 146.83
5:167,80.1356345,80.1356345,80.1356345,80.24596231666652,0.11032781666652625,84.3146876797786,4.179053179778606,fdd:3,play 293.66
4:75,80.21715599999999,80.21715599999999,80.21715599999999,80.3659623166665,0.14880631666650856,84.50763719238529,4.2904811923853,drum:1,drum_on 196.00
3:154,80.21715599999999,80.21715599999999,80.21715599999999,80.3859623166665,0.16880631666650459,84.58481699742798,4.36766099742799,fdd:1,play 130.81
1:203,80.21715599999999,80.21715599999999,80.21715599999999,80.40596231666649,0.1888063166665006,84.62340689994932,4.4062508999493275,fdd:2,play 130.81
5:169,80.21715599999999,80.21715599999999,80.21715599999999,80.42596231666649,0.20880631666649663,84.66199680247065,4.444840802470665,fdd:3,play 293.66
5:168,80.21715599999999,80.27965599999999,80.27965599999999,80.44596231666648,0.22880631666649265,84.70058670499199,4.483430704992003,fdd:1,play 146.83
5:170,80.2986775,80.2986775,80.2986775,80.48596231666647,0.18728481666647667,84.77776651003467,4.47908901003467,fdd:2,play 146.83
5:171,80.2986775,80.36117731666666,80.36117731666666,80.50596231666647,0.2072848166664727,84.816356412556,4.517678912556008,fdd:2,play 293.66
5:172,80.38019899999999,80.38019899999999,80.38019899999999,80.54596231666646,0.16576331666647093,84.89353621759868,4.513337217598689,fdd:1,play 146.83
5:173,80.38019899999999,80.44269881666666,80.44269881666666,80.58596231666645,0.20576331666646297,84.97071602264135,4.5905170226413645,fdd:1,play 293.66
5:174,80.46172049999998,80.46172049999998,80.46172049999998,80.62596231666645,0.1642418166664612,85.04789582768403,4.586175327684046,fdd:2,play 146.83
5:175,80.46172049999998,80.52422031666666,80.52422031666666,80.66596231666644,0.20424181666645325,85.1250756327267,4.663355132726721,fdd:2,play 293.66
4:76,80.54324199999999,80.54324199999999,80.54324199999999,80.72596231666643,0.1827203166664333,85.20225543776938,4.659013437769389,drum:1,drum_on 233.08
3:155,80.54324199999999,80.54324199999999,80.54324199999999,80.74596231666642,0.2027203166664293,85.27943524281207,4.736193242812078,fdd:1,play 196.00
5:177,80.54324199999999,80.54324199999999,80.54324199999999,80.76596231666642,0.22272031666642533,85.31802514533341,4.774783145333416,fdd:3,play 293.66
5:176,80.54324199999999,80.60574199999999,80.60574199999999,80.78596231666641,0.24272031666642135,85.35661504785475,4.813373047854753,fdd:1,play 146.83
5:178,80.62476349999999,80.62476349999999,80.62476349999999,80.8459623166664,0.2211988166664156,85.47238475541876,4.8476212554187725,fdd:2,play 146.83
5:179,80.62476349999999,80.62476349999999,80.62476349999999,80.8659623166664,0.24119881666641163,85.5109746579401,4.88621115794011,fdd:3,play 293.66
5:180,80.706285,80.706285,80.706285,80.92596231666639,0.21967731666639168,85.62674436550411,4.920459365504115,fdd:1,play 146.83
5:181,80.706285,80.706285,80.706285,80.94596231666638,0.2396773166663877,85.66533426802545,4.959049268025453,fdd:3,play 293.66
5:182,80.78780649999999,80.78780649999999,80.78780649999999,80.98596231666637,0.19815581666638593,85.74251407306812,4.954707573068134,fdd:1,play 146.83
5:183,80.78780649999999,80.85030631666666,80.85030631666666,81.02596231666637,0.23815581666637797,85.8196938781108,5.0318873781108095,fdd:1,play 293.66
5:185,80.869328,80.869328,80.869328,81.06596231666636,0.196634316666362,85.89687368315347,5.027545683153477,fdd:2,play 311.13
5:184,80.869328,80.869328,80.869328,81.08596231666635,0.21663431666635802,85.93546358567481,5.0661355856748145,fdd:3,play 155.56
1:206,80.869328,80.869328,80.869328,81.10596231666635,0.23663431666635404,85.97405348819615,5.104725488196152,fdd:4,play 261.63
3:156,80.869328,80.91280613333333,80.91280613333333,81.12596231666635,0.25663431666635006,86.01264339071749,5.14331539071749,fdd:1,play 130.81
1:204,80.869328,80.93182781666665,80.93182781666665,81.14596231666634,0.2766343166663461,86.05123329323882,5.181905293238827,fdd:2,play 130.81
1:205,80.869328,80.93182781666665,80.93182781666665,81.16596231666634,0.2966343166663421,86.08982319576016,5.220495195760165,fdd:3,play 196.00
1:207,80.869328,80.931828,80.931828,81.18596231666633,0.3166343166663381,86.1284130982815,5.259085098281503,fdd:4,play 311.13
5:186,80.95084949999999,80.97530613333333,80.97530613333333,81.20596231666633,0.25511281666634034,86.16700300080284,5.216153500802847,fdd:1,play 155.56
5:189,81.032371,81.032371,81.032371,81.24596231666632,0.21359131666632436,86.24418280584551,5.211811805845514,fdd:2,play 311.13
5:187,80.95084949999999,81.03780595,81.03780595,81.26596231666632,0.3151128166663284,86.28277270836685,5.3319232083668595,fdd:1,play 311.13
5:188,81.032371,81.10030576666668,81.10030576666668,81.28596231666631,0.2535913166663164,86.32136261088819,5.288991610888189,fdd:1,play 155.56
5:190,81.11389249999999,81.11389249999999,81.11389249999999,81.3459623166663,0.23206981666631066,86.4371323184522,5.323239818452208,fdd:2,play 155.56
5:191,81.11389249999999,81.11389249999999,81.11389249999999,81.3659623166663,0.2520698166663067,86.47572222097354,5.361829720973546,fdd:3,play 311.13
4:77,81.19541399999999,81.19541399999999,81.19541399999999,81.48596231666627,0.290548316666289,86.66867173358023,5.47325773358024,drum:1,drum_on 196.00
5:192,81.19541399999999,81.19541399999999,81.19541399999999,81.50596231666627,0.310548316666285,86.74585153862292,5.55043753862293,fdd:1,play 155.56
5:193,81.19541399999999,81.19541399999999,81.19541399999999,81.52596231666627,0.33054831666628104,86.78444144114425,5.5890274411442675,fdd:3,play 311.13
5:194,81.2769355,81.2769355,81.2769355,81.56596231666626,0.28902681666626506,86.86162124618693,5.584685746186935,fdd:1,play 155.56
5:195,81.2769355,81.33943531666665,81.33943531666665,81.60596231666625,0.3290268166662571,86.9388010512296,5.66186555122961,fdd:1,play 311.13
5:196,81.35845699999999,81.35845699999999,81.35845699999999,81.64596231666624,0.28750531666625534,87.01598085627228,5.657523856272292,fdd:3,play 155.56
5:197,81.35845699999999,81.35845699999999,81.35845699999999,81.66596231666624,0.30750531666625136,87.05457075879362,5.696113758793629,fdd:4,play 311.13
5:198,81.4399785,81.4399785,81.4399785,81.70596231666623,0.2659838166662354,87.13175056383629,5.6917720638362965,fdd:1,play 155.56
5:199,81.4399785,81.50247831666665,81.50247831666665,81.72596231666623,0.2859838166662314,87.17034046635763,5.730361966357634,fdd:1,play 311.13
5:200,81.52149999999999,81.52149999999999,81.52149999999999,81.74596231666622,0.22446231666623362,87.20893036887897,5.687430368878978,fdd:2,play 155.56
5:201,81.52149999999999,81.58399981666666,81.58399981666666,81.80596231666621,0.2844623166662217,87.32470007644298,5.803200076442991,fdd:2,play 311.13
5:202,81.6030215,81.6030215,81.6030215,81.8459623166662,0.2429408166662057,87.40187988148566,5.798858381485658,fdd:1,play 155.56
5:203,81.6030215,81.66552131666666,81.66552131666666,81.8659623166662,0.2629408166662017,87.44046978400699,5.837448284006996,fdd:1,play 311.13
5:204,81.68454299999999,81.68454299999999,81.68454299999999,81.90596231666619,0.22141931666619996,87.51764958904967,5.833106589049677,fdd:2,play 155.56
5:205,81.68454299999999,81.74704281666666,81.74704281666666,81.92596231666619,0.24141931666619598,87.556239491571,5.871696491571015,fdd:2,play 311.13
5:206,81.76606449999998,81.76606449999998,81.76606449999998,81.96596231666618,0.19989781666619422,87.63341929661368,5.8673547966136965,fdd:1,play 155.56
5:207,81.76606449999998,81.82856431666666,81.82856431666666,81.98596231666617,0.21989781666619024,87.67200919913502,5.905944699135034,fdd:1,play 311.13
5:208,81.84758599999999,81.84758599999999,81.84758599999999,82.02596231666617,0.17837631666617426,87.7491890041777,5.9016030041777015,fdd:2,play 155.56
5:209,81.84758599999999,81.91008581666665,81.91008581666665,82.04596231666616,0.19837631666617028,87.78777890669903,5.940192906699039,fdd:2,play 311.13
5:210,81.92910749999999,81.92910749999999,81.92910749999999,82.08596231666615,0.15685481666616852,87.8649587117417,5.935851211741721,fdd:1,play 155.56
5:211,81.92910749999999,81.99160731666666,81.99160731666666,82.10596231666615,0.17685481666616454,87.90354861426304,5.974441114263058,fdd:1,play 311.13
5:212,82.010629,82.010629,82.010629,82.14596231666614,0.13533331666614856,87.98072841930572,5.9700994193057255,fdd:2,play 155.56
3:157,82.010629,82.05410713333333,82.05410713333333,82.16596231666614,0.15533331666614458,88.01931832182706,6.008689321827063,fdd:1,play 196.00
5:213,82.010629,82.07312881666665,82.07312881666665,82.18596231666614,0.1753333166661406,88.0579082243484,6.047279224348401,fdd:2,play 311.13
5:214,82.09215049999999,82.09215049999999,82.09215049999999,82.20596231666613,0.11381181666614282,88.09649812686973,6.004347626869745,fdd:3,play 155.56
5:215,82.09215049999999,82.15465031666666,82.15465031666666,82.24596231666612,0.15381181666613486,88.17367793191241,6.08152743191242,fdd:3,play 311.13
3:158,82.173672,82.173672,82.173672,82.30596231666611,0.1322903166661149,88.28944763947642,6.115775639476425,fdd:1,play 130.81
5:217,82.173672,82.173672,82.173672,82.32596231666611,0.15229031666611093,88.32803754199776,6.1543655419977625,fdd:2,play 311.13
5:216,82.173672,82.236172,82.236172,82.3459623166661,0.17229031666610695,88.3666274445191,6.1929554445191,fdd:1,play 155.56
5:218,82.25519349999999,82.25519349999999,82.25519349999999,82.3859623166661,0.13076881666610518,88.44380724956177,6.188613749561782,fdd:2,play 155.56
5:219,82.25519349999999,82.31769331666666,82.31769331666666,82.40596231666609,0.1507688166661012,88.48239715208311,6.227203652083119,fdd:2,play 311.13
5:220,82.33671499999998,82.33671499999998,82.33671499999998,82.44596231666608,0.10924731666609944,88.55957695712578,6.222861957125801,fdd:1,play 155.56
5:221,82.33671499999998,82.39921481666666,82.39921481666666,82.48596231666608,0.14924731666609148,88.63675676216846,6.300041762168476,fdd:1,play 311.13
5:222,82.41823649999999,82.41823649999999,82.41823649999999,82.52596231666607,0.1077258166660755,88.71393656721114,6.295700067211143,fdd:2,play 155.56
5:223,82.41823649999999,82.41823649999999,82.41823649999999,82.54596231666606,0.12772581666607152,88.75252646973247,6.334289969732481,fdd:3,play 311.13
3:159,82.49975799999999,82.49975799999999,82.49975799999999,82.60596231666605,0.10620431666606578,88.86829617729649,6.3685381772965,fdd:1,play 130.81
5:225,82.49975799999999,82.49975799999999,82.49975799999999,82.62596231666605,0.1262043166660618,88.90688607981782,6.407128079817838,fdd:2,play 311.13
5:224,82.49975799999999,82.56225799999999,82.56225799999999,82.64596231666604,0.14620431666605782,88.94547598233916,6.4457179823391755,fdd:1,play 155.56
5:226,82.5812795,82.5812795,82.5812795,82.68596231666604,0.10468281666604184,89.02265578738184,6.441376287381843,fdd:2,play 155.56
5:227,82.5812795,82.64377931666665,82.64377931666665,82.72596231666603,0.1446828166660339,89.09983559242451,6.518556092424518,fdd:2,play 311.13
5:228,82.66280099999999,82.66280099999999,82.66280099999999,82.76596231666602,0.10316131666603212,89.17701539746719,6.5142143974671995,fdd:1,play 155.56
5:229,82.66280099999999,82.72530081666666,82.72530081666666,82.78596231666602,0.12316131666602814,89.21560529998852,6.552804299988537,fdd:1,play 311.13
5:230,82.7443225,82.7443225,82.7443225,82.82596231666601,0.08163981666601217,89.2927851050312,6.5484626050312045,fdd:2,play 155.56
5:231,82.7443225,82.80682231666665,82.80682231666665,82.845962316666,0.10163981666600819,89.33137500755254,6.587052507552542,fdd:2,play 311.13
3:160,82.82584399999999,82.82584399999999,82.82584399999999,82.885962316666,0.06011831666600642,89.40855481259521,6.582710812595224,fdd:1,play 130.81
5:233,82.82584399999999,82.82584399999999,82.82584399999999,82.90596231666599,0.08011831666600244,89.44714471511655,6.621300715116561,fdd:3,play 311.13
5:232,82.82584399999999,82.88834399999999,82.88834399999999,82.92596231666599,0.10011831666599846,89.48573461763789,6.659890617637899,fdd:1,play 155.56
5:234,82.9073655,82.9073655,82.9073655,82.96596231666598,0.05859681666598249,89.56291442268056,6.655548922680566,fdd:2,play 155.56
5:235,82.9073655,82.96986531666666,82.96986531666666,82.98596231666598,0.07859681666597851,89.6015043252019,6.694138825201904,fdd:2,play 311.13
5:236,82.98888699999999,82.98888699999999,82.98888699999999,83.04596231666596,0.057075316665972764,89.71727403276591,6.728387032765923,fdd:1,play 155.56
5:237,82.98888699999999,82.98888699999999,82.98888699999999,83.06596231666596,0.07707531666596878,89.75586393528725,6.766976935287261,fdd:3,play 311.13
5:238,83.07040849999998,83.07040849999998,83.07040849999998,83.12596231666595,0.05555381666596304,89.87163364285126,6.80122514285128,fdd:1,play 155.56
5:239,83.07040849999998,83.07040849999998,83.07040849999998,83.14596231666594,0.07555381666595906,89.9102235453726,6.839815045372617,fdd:2,play 311.13
3:161,83.15193,83.15193,83.15193,83.20596231666593,0.054032316665939106,90.02599325293662,6.874063252936622,fdd:1,play 196.00
5:241,83.15193,83.15193,83.15193,83.22596231666593,0.07403231666593513,90.06458315545795,6.91265315545796,fdd:3,play 311.13
5:240,83.15193,83.21443,83.21443,83.24596231666592,0.09403231666593115,90.10317305797929,6.951243057979298,fdd:1,play 155.56
5:243,83.23345149999999,83.23345149999999,83.23345149999999,83.30596231666591,0.0725108166659254,90.2189427655433,6.985491265543317,fdd:2,play 311.13
5:242,83.23345149999999,83.23345149999999,83.23345149999999,83.32596231666591,0.09251081666592142,90.25753266806464,7.024081168064654,fdd:3,play 155.56
5:244,83.314973,83.314973,83.314973,83.3659623166659,0.05098931666590545,90.33471247310732,7.019739473107322,fdd:1,play 155.56
5:245,83.314973,83.37747281666665,83.37747281666665,83.3859623166659,0.07098931666590147,90.37330237562865,7.058329375628659,fdd:1,play 311.13
5:246,83.39649449999999,83.39649449999999,83.39649449999999,83.42596231666589,0.029467816665899704,90.45048218067133,7.053987680671341,fdd:2,play 155.56
5:247,83.39649449999999,83.45899431666666,83.45899431666666,83.46596231666588,0.06946781666589175,90.527661985714,7.131167485714016,fdd:2,play 311.13
3:162,83.478016,83.478016,83.478016,83.50596231666587,0.02794631666587577,90.60484179075668,7.126825790756683,fdd:1,play 130.81
5:249,83.478016,83.478016,83.478016,83.52596231666587,0.04794631666587179,90.64343169327802,7.165415693278021,fdd:3,play 174.61
5:248,83.478016,83.540516,83.540516,83.54596231666586,0.06794631666586781,90.68202159579936,7.204005595799359,fdd:1,play 174.61
5:250,83.55953749999999,83.55953749999999,83.55953749999999,83.60596231666585,0.04642481666586207,90.79779130336337,7.238253803363378,fdd:2,play 174.61
5:251,83.55953749999999,83.55953749999999,83.55953749999999,83.62596231666585,0.06642481666585809,90.8363812058847,7.2768437058847155,fdd:3,play 174.61
5:252,83.64105899999998,83.64105899999998,83.64105899999998,83.68596231666584,0.044903316665852344,90.95215091344872,7.311091913448735,fdd:1,play 174.61
5:253,83.64105899999998,83.64105899999998,83.64105899999998,83.70596231666583,0.06490331666584837,90.99074081597006,7.349681815970072,fdd:3,play 174.61
5:254,83.72258049999999,83.72258049999999,83.72258049999999,83.76596231666582,0.04338181666582841,91.10651052353407,7.383930023534077,fdd:1,play 174.61
5:255,83.72258049999999,83.72258049999999,83.72258049999999,83.78596231666582,0.06338181666582443,91.14510042605541,7.422519926055415,fdd:3,play 174.61
5:256,83.80410199999999,83.80410199999999,83.80410199999999,83.8659623166658,0.06186031666581471,91.29946003614076,7.495358036140772,fdd:1,play 174.61
5:257,83.80410199999999,83.80410199999999,83.80410199999999,83.8859623166658,0.08186031666581073,91.3380499386621,7.533947938662109,fdd:3,play 174.61
5:258,83.8856235,83.8856235,83.8856235,83.92596231666579,0.04033881666579475,91.41522974370477,7.529606243704777,fdd:1,play 174.61
5:259,83.8856235,83.8856235,83.8856235,83.94596231666578,0.06033881666579077,91.45381964622611,7.568196146226114,fdd:2,play 174.61
5:260,83.96714499999999,83.96714499999999,83.96714499999999,84.00596231666577,0.03881731666578503,91.56958935379012,7.602444353790133,fdd:1,play 174.61
5:261,83.96714499999999,83.96714499999999,83.96714499999999,84.02596231666577,0.05881731666578105,91.60817925631146,7.641034256311471,fdd:2,play 174.61
5:262,84.0486665,84.0486665,84.0486665,84.10596231666575,0.057295816665757116,91.76253886639681,7.713872366396814,fdd:1,play 174.61
5:263,84.0486665,84.0486665,84.0486665,84.12596231666575,0.07729581666575314,91.80112876891815,7.752462268918151,fdd:2,play 174.61
5:264,84.13018799999999,84.13018799999999,84.13018799999999,84.18596231666574,0.05577431666574739,91.91689847648216,7.78671047648217,fdd:1,play 174.61
5:265,84.13018799999999,84.13018799999999,84.13018799999999,84.20596231666573,0.07577431666574341,91.9554883790035,7.825300379003508,fdd:2,play 174.61
5:266,84.21170949999998,84.21170949999998,84.21170949999998,84.26596231666572,0.05425281666573767,92.07125808656751,7.859548586567527,fdd:1,play 174.61
5:267,84.21170949999998,84.21170949999998,84.21170949999998,84.28596231666572,0.07425281666573369,92.10984798908885,7.898138489088865,fdd:2,play 174.61
5:268,84.29323099999999,84.29323099999999,84.29323099999999,84.3459623166657,0.052731316665713734,92.22561769665286,7.93238669665287,fdd:1,play 174.61
5:269,84.29323099999999,84.29323099999999,84.29323099999999,84.3659623166657,0.07273131666570976,92.2642075991742,7.970976599174207,fdd:2,play 174.61
5:270,84.37475249999999,84.37475249999999,84.37475249999999,84.42596231666569,0.05120981666570401,92.37997730673821,8.005224806738227,fdd:1,play 174.61
5:271,84.37475249999999,84.37475249999999,84.37475249999999,84.44596231666569,0.07120981666570003,92.41856720925955,8.043814709259564,fdd:2,play 174.61
5:272,84.456274,84.456274,84.456274,84.50596231666567,0.04968831666568008,92.53433691682356,8.07806291682357,fdd:1,play 174.61
5:273,84.456274,84.456274,84.456274,84.52596231666567,0.0696883166656761,92.5729268193449,8.116652819344907,fdd:2,play 174.61
5:274,84.53779549999999,84.53779549999999,84.53779549999999,84.58596231666566,0.04816681666567035,92.68869652690891,8.150901026908926,fdd:1,play 174.61
5:275,84.53779549999999,84.53779549999999,84.53779549999999,84.60596231666565,0.06816681666566637,92.72728642943025,8.189490929430264,fdd:2,play 174.61
4:78,84.619317,84.619317,84.619317,84.68596231666564,0.06664531666564244,92.84305613699426,8.223739136994269,drum:1,drum_on 146.83
5:276,84.619317,84.619317,84.619317,84.70596231666563,0.08664531666563846,92.92023594203695,8.300918942036958,fdd:1,play 174.61
5:277,84.619317,84.619317,84.619317,84.72596231666563,0.10664531666563448,92.95882584455829,8.339508844558296,fdd:2,play 174.61
5:278,84.70083849999999,84.70083849999999,84.70083849999999,84.78596231666562,0.08512381666562874,93.0745955521223,8.373757052122315,fdd:1,play 174.61
5:279,84.70083849999999,84.70083849999999,84.70083849999999,84.80596231666561,0.10512381666562476,93.11318545464364,8.412346954643652,fdd:2,play 174.61
4:79,84.78236,84.78236,84.78236,84.9059623166656,0.12360231666559685,93.26754506472899,8.485185064728995,drum:1,drum_on 220.00
5:280,84.78236,84.78236,84.78236,84.92596231666559,0.14360231666559287,93.34472486977168,8.562364869771685,fdd:1,play 174.61
5:281,84.78236,84.78236,84.78236,84.94596231666559,0.1636023166655889,93.38331477229302,8.600954772293022,fdd:2,play 174.61
5:282,84.86388149999999,84.86388149999999,84.86388149999999,85.00596231666557,0.14208081666558314,93.49908447985703,8.635202979857041,fdd:1,play 174.61
5:283,84.86388149999999,84.86388149999999,84.86388149999999,85.02596231666557,0.16208081666557916,93.53767438237837,8.673792882378379,fdd:2,play 174.61
5:284,84.94540299999998,84.94540299999998,84.94540299999998,85.08596231666556,0.14055931666557342,93.65344408994238,8.708041089942398,fdd:1,play 174.61
5:285,84.94540299999998,84.94540299999998,84.94540299999998,85.10596231666555,0.16055931666556944,93.69203399246372,8.746630992463736,fdd:2,play 174.61
5:286,85.02692449999999,85.02692449999999,85.02692449999999,85.16596231666554,0.13903781666554949,93.80780370002773,8.78087920002774,fdd:1,play 174.61
5:287,85.02692449999999,85.02692449999999,85.02692449999999,85.18596231666554,0.1590378166655455,93.84639360254907,8.819469102549078,fdd:2,play 174.61
4:80,85.10844599999999,85.10844599999999,85.10844599999999,85.28596231666552,0.1775163166655318,94.00075321263442,8.892307212634435,drum:1,drum_on 196.00
5:288,85.10844599999999,85.10844599999999,85.10844599999999,85.30596231666551,0.19751631666552782,94.07793301767711,8.969487017677125,fdd:1,play 174.61
5:289,85.10844599999999,85.10844599999999,85.10844599999999,85.32596231666551,0.21751631666552385,94.11652292019845,9.008076920198462,fdd:2,play 174.61
5:290,85.1899675,85.1899675,85.1899675,85.3859623166655,0.1959948166655039,94.23229262776246,9.042325127762467,fdd:1,play 174.61
5:291,85.1899675,85.1899675,85.1899675,85.4059623166655,0.2159948166654999,94.2708825302838,9.080915030283805,fdd:2,play 174.61
4:81,85.27148899999999,85.27148899999999,85.27148899999999,85.50596231666547,0.2344733166654862,94.42524214036915,9.153753140369162,drum:1,drum_on 196.00
5:292,85.27148899999999,85.27148899999999,85.27148899999999,85.52596231666547,0.25447331666548223,94.50242194541184,9.230932945411851,fdd:1,play 174.61
5:293,85.27148899999999,85.27148899999999,85.27148899999999,85.54596231666547,0.27447331666547825,94.54101184793318,9.269522847933189,fdd:2,play 174.61
5:294,85.3530105,85.3530105,85.3530105,85.60596231666545,0.2529518166654583,94.65678155549719,9.303771055497194,fdd:1,play 174.61
5:295,85.3530105,85.3530105,85.3530105,85.62596231666545,0.2729518166654543,94.69537145801853,9.342360958018531,fdd:2,play 174.61
4:82,85.43453199999999,85.43453199999999,85.43453199999999,85.72596231666543,0.2914303166654406,94.84973106810388,9.415199068103888,drum:1,drum_on 185.00
5:296,85.43453199999999,85.43453199999999,85.43453199999999,85.74596231666543,0.31143031666543664,94.92691087314657,9.492378873146578,fdd:1,play 174.61
5:297,85.43453199999999,85.43453199999999,85.43453199999999,85.76596231666542,0.33143031666543266,94.9655007756679,9.530968775667915,fdd:2,play 174.61
5:298,85.51605349999998,85.51605349999998,85.51605349999998,85.82596231666541,0.3099088166654269,95.08127048323192,9.565216983231934,fdd:1,play 174.61
5:299,85.51605349999998,85.51605349999998,85.51605349999998,85.8459623166654,0.32990881666542293,95.11986038575326,9.603806885753272,fdd:2,play 174.61
5:300,85.59757499999999,85.59757499999999,85.59757499999999,85.9059623166654,0.308387316665403,95.23563009331727,9.638055093317277,fdd:1,play 174.61
5:301,85.59757499999999,85.59757499999999,85.59757499999999,85.92596231666539,0.328387316665399,95.2742199958386,9.676644995838615,fdd:2,play 174.61
5:302,85.67909649999999,85.67909649999999,85.67909649999999,85.98596231666538,0.30686581666539325,95.38998970340262,9.710893203402634,fdd:1,play 174.61
5:303,85.67909649999999,85.67909649999999,85.67909649999999,86.00596231666538,0.3268658166653893,95.42857960592396,9.749483105923971,fdd:2,play 174.61
4:83,85.760618,85.760618,85.760618,86.10596231666536,0.34534431666536136,95.58293921600931,9.822321216009314,drum:1,drum_on 196.00
5:304,85.760618,85.760618,85.760618,86.12596231666535,0.3653443166653574,95.660119021052,9.899501021052004,fdd:1,play 174.61
5:305,85.760618,85.760618,85.760618,86.14596231666535,0.3853443166653534,95.69870892357334,9.938090923573341,fdd:2,play 174.61
5:306,85.84213949999999,85.84213949999999,85.84213949999999,86.20596231666534,0.36382281666534766,95.81447863113735,9.97233913113736,fdd:1,play 174.61
5:307,85.84213949999999,85.84213949999999,85.84213949999999,86.22596231666533,0.3838228166653437,95.85306853365869,10.010929033658698,fdd:2,play 174.61
5:308,85.923661,85.923661,85.923661,86.28596231666532,0.3623013166653237,95.9688382412227,10.045177241222703,fdd:1,play 174.61
5:310,85.923661,85.923661,85.923661,86.30596231666532,0.38230131666531975,96.00742814374404,10.08376714374404,fdd:2,play 174.61
5:309,85.923661,85.98616081666665,85.98616081666665,86.32596231666531,0.40230131666531577,96.04601804626537,10.122357046265378,fdd:1,play 196.00
5:311,85.923661,85.98616081666665,85.98616081666665,86.34596231666531,0.4223013166653118,96.08460794878671,10.160946948786716,fdd:2,play 196.00
5:312,86.00518249999999,86.00518249999999,86.00518249999999,86.3659623166653,0.360779816665314,96.12319785130805,10.11801535130806,fdd:3,play 174.61
5:313,86.00518249999999,86.06768231666666,86.06768231666666,86.3859623166653,0.38077981666531,96.16178775382939,10.156605253829397,fdd:3,play 174.61
3:163,86.08670399999998,86.08670399999998,86.08670399999998,86.42596231666529,0.33925831666530826,96.23896755887206,10.152263558872079,fdd:1,play 196.00
1:210,86.08670399999998,86.14920399999998,86.14920399999998,86.44596231666529,0.3592583166653043,96.2775574613934,10.190853461393417,fdd:1,play 196.00
4:84,86.41278999999999,86.41278999999999,86.41278999999999,86.56596231666526,0.15317231666527675,96.47050697400009,10.057716974000101,drum:1,drum_on 146.83
1:211,86.41278999999999,86.41278999999999,86.41278999999999,86.58596231666526,0.17317231666527277,96.54768677904278,10.13489677904279,fdd:1,play 146.83
1:212,86.73887599999999,86.73887599999999,86.73887599999999,86.73985431666665,0.0009783166666608167,96.66345648660679,9.9245804866068,fdd:1,play 196.00
1:213,87.064962,87.064962,87.064962,87.064962,0.0,96.74063629164947,9.675674291649472,fdd:1,play 146.83
3:164,87.228005,87.228005,87.228005,87.24500499999999,0.016999999999995907,96.81781609669214,9.589811096692145,fdd:1,play 196.00
3:165,87.39104799999998,87.39104799999998,87.39104799999998,87.39904799999998,0.007999999999995566,96.89499590173482,9.503947901734833,fdd:1,play 196.00
1:214,87.39104799999998,87.45354799999998,87.45354799999998,87.45354799999998,0.0625,96.93358580425615,9.54253780425617,fdd:1,play 196.00
3:166,87.71713399999999,87.71713399999999,87.71713399999999,87.71713399999999,0.0,97.01076560929883,9.293631609298842,fdd:1,play 196.00
1:215,87.71713399999999,87.71713399999999,87.71713399999999,87.73713399999998,0.01999999999999602,97.04935551182017,9.33222151182018,fdd:3,play 246.94
1:216,88.04321999999999,88.04321999999999,88.04321999999999,88.04321999999999,0.0,97.16512521938418,9.121905219384189,fdd:1,play 196.00
3:167,88.369306,88.369306,88.369306,88.369306,0.0,97.24230502442686,8.87299902442686,fdd:1,play 196.00
1:217,88.369306,88.431806,88.431806,88.431806,0.0625,97.28089492694819,8.911588926948198,fdd:1,play 146.83
3:168,88.69539199999998,88.69539199999998,88.69539199999998,88.69539199999998,0.0,97.35807473199087,8.662682731990884,fdd:1,play 196.00
1:218,88.69539199999998,88.75789199999998,88.75789199999998,88.75789199999998,0.0625,97.3966646345122,8.701272634512222,fdd:1,play 146.83
1:219,89.02147799999999,89.02147799999999,89.02147799999999,89.02147799999999,0.0,97.47384443955488,8.452366439554893,fdd:1,play 196.00
1:220,89.34756399999999,89.34756399999999,89.34756399999999,89.34756399999999,0.0,97.55102424459756,8.203460244597565,fdd:1,play 196.00
1:221,89.67365,89.67365,89.67365,89.67365,0.0,97.62820404964023,7.954554049640237,fdd:1,play 146.83
4:85,89.836693,89.836693,89.836693,89.87369299999999,0.03699999999999193,97.7053838546829,7.86869085468291,drum:1,drum_on 146.83
3:169,89.836693,89.836693,89.836693,89.89369299999998,0.05699999999998795,97.7825636597256,7.9458706597256,fdd:1,play 196.00
4:86,89.99973599999998,89.99973599999998,89.99973599999998,90.04071431666665,0.04097831666666707,97.89833336728961,7.898597367289625,drum:1,drum_on 196.00
3:170,89.99973599999998,89.99973599999998,89.99973599999998,90.06071431666665,0.06097831666666309,97.9755131723323,7.9757771723323145,fdd:1,play 196.00
1:222,89.99973599999998,90.06223599999998,90.06223599999998,90.08071431666664,0.08097831666665911,98.01410307485364,8.014367074853652,fdd:1,play 146.83
4:87,90.16277899999999,90.16277899999999,90.16277899999999,90.18375731666664,0.020978316666656838,98.09128287989631,7.928503879896326,drum:1,drum_on 220.00
4:88,90.32582199999999,90.32582199999999,90.32582199999999,90.34680031666664,0.020978316666656838,98.24564248998168,7.919820489981689,drum:1,drum_on 196.00
3:171,90.32582199999999,90.32582199999999,90.32582199999999,90.36680031666664,0.04097831666665286,98.32282229502437,7.997000295024378,fdd:1,play 196.00
1:223,90.32582199999999,90.38832199999999,90.38832199999999,90.38832199999999,0.0625,98.3614121975457,8.035590197545716,fdd:1,play 196.00
4:89,90.65190799999999,90.65190799999999,90.65190799999999,90.67288631666665,0.020978316666656838,98.47718190510972,7.825273905109725,drum:1,drum_on 196.00
1:224,90.65190799999999,90.65190799999999,90.65190799999999,90.69288631666664,0.04097831666665286,98.5543617101524,7.902453710152415,fdd:1,play 196.00
4:90,90.977994,90.977994,90.977994,90.99897231666665,0.020978316666656838,98.67013141771642,7.692137417716424,drum:1,drum_on 185.00
3:172,90.977994,90.977994,90.977994,91.01897231666665,0.04097831666665286,98.74731122275911,7.769317222759113,fdd:1,play 196.00
1:225,90.977994,91.040494,91.040494,91.040494,0.0625,98.78590112528045,7.807907125280451,fdd:1,play 146.83
3:173,91.30407999999998,91.30407999999998,91.30407999999998,91.30407999999998,0.0,98.86308093032312,7.559000930323137,fdd:3,play 123.47
1:226,91.30407999999998,91.36657999999998,91.36657999999998,91.36657999999998,0.0625,98.90167083284446,7.597590832844475,fdd:3,play 123.47
1:227,91.63016599999999,91.63016599999999,91.63016599999999,91.63016599999999,0.0,98.97885063788713,7.348684637887146,fdd:1,play 185.00
1:228,91.95625199999999,91.95625199999999,91.95625199999999,91.95723031666665,0.0009783166666608167,99.09462034545115,7.1383683454511555,fdd:1,play 246.94
3:174,92.44538099999998,92.44538099999998,92.44538099999998,92.44538099999998,0.0,99.17180015049382,6.7264191504938395,fdd:1,play 185.00
1:229,92.60842399999999,92.60842399999999,92.60842399999999,92.61642399999998,0.007999999999995566,99.2489799555365,6.640555955536513,fdd:1,play 185.00
3:175,92.60842399999999,92.60842399999999,92.60842399999999,92.63642399999998,0.027999999999991587,99.28756985805784,6.679145858057851,fdd:3,play 123.47
1:230,92.93450999999999,92.93450999999999,92.93450999999999,92.93450999999999,0.0,99.40333956562185,6.46882956562186,fdd:1,play 246.94
3:176,92.93450999999999,92.93450999999999,92.93450999999999,92.95450999999998,0.01999999999999602,99.44192946814319,6.507419468143198,fdd:3,play 123.47
3:177,93.586682,93.586682,93.586682,93.586682,0.0,99.5576991757072,5.971017175707203,fdd:1,play 246.94
1:231,93.586682,93.649182,93.649182,93.649182,0.0625,99.59628907822854,6.009607078228541,fdd:1,play 185.00
3:178,93.91276799999999,93.91276799999999,93.91276799999999,93.91276799999999,0.0,99.67346888327121,5.760700883271227,fdd:1,play 246.94
1:232,93.91276799999999,93.97526799999999,93.97526799999999,93.97526799999999,0.0625,99.71205878579255,5.799290785792564,fdd:1,play 311.13
1:233,94.23885399999999,94.23885399999999,94.23885399999999,94.23885399999999,0.0,99.78923859083523,5.550384590835236,fdd:1,play 246.94
1:234,94.56493999999999,94.56493999999999,94.56493999999999,94.56493999999999,0.0,99.8664183958779,5.301478395877908,fdd:1,play 185.00
1:235,94.89102599999998,94.89102599999998,94.89102599999998,94.89102599999998,0.0,99.94359820092058,5.052572200920594,fdd:1,play 246.94
4:91,95.05406899999998,95.05406899999998,95.05406899999998,95.09106899999998,0.03699999999999193,100.02077800596325,4.966709005963267,drum:1,drum_on 146.83
3:179,95.05406899999998,95.05406899999998,95.05406899999998,95.11106899999997,0.05699999999998795,100.09795781100594,5.0438888110059565,fdd:1,play 185.00
4:92,95.21711199999999,95.21711199999999,95.21711199999999,95.25809031666664,0.04097831666665286,100.21372751856995,4.996615518569968,drum:1,drum_on 220.00
3:180,95.21711199999999,95.21711199999999,95.21711199999999,95.27809031666663,0.06097831666664888,100.29090732361264,5.073795323612657,fdd:1,play 246.94
4:93,95.38015499999999,95.38015499999999,95.38015499999999,95.40113331666664,0.020978316666656838,100.36808712865532,4.987932128655331,drum:1,drum_on 220.00
4:94,95.54319799999999,95.54319799999999,95.54319799999999,95.56417631666665,0.020978316666656838,100.52244673874068,4.979248738740694,drum:1,drum_on 220.00
3:181,95.54319799999999,95.54319799999999,95.54319799999999,95.58417631666664,0.04097831666665286,100.59962654378337,5.056428543783383,fdd:1,play 246.94
1:236,95.54319799999999,95.60569799999999,95.60569799999999,95.60569799999999,0.0625,100.63821644630471,5.095018446304721,fdd:1,play 185.00
4:95,95.869284,95.869284,95.869284,95.89026231666665,0.020978316666656838,100.75398615386872,4.88470215386873,drum:1,drum_on 185.00
3:182,95.869284,95.869284,95.869284,95.91026231666665,0.04097831666665286,100.83116595891141,4.96188195891142,fdd:1,play 246.94
1:237,95.869284,95.931784,95.931784,95.931784,0.0625,100.86975586143275,5.000471861432757,fdd:1,play 311.13
4:96,96.19536999999998,96.19536999999998,96.19536999999998,96.21634831666665,0.02097831666667105,100.98552556899676,4.790155568996781,drum:1,drum_on 220.00
3:183,96.19536999999998,96.19536999999998,96.19536999999998,96.23634831666665,0.04097831666666707,101.06270537403945,4.86733537403947,fdd:1,play 130.81
3:184,96.52145599999999,96.52145599999999,96.52145599999999,96.52145599999999,0.0,101.13988517908213,4.618429179082142,fdd:1,play 130.81
1:238,96.52145599999999,96.58395599999999,96.58395599999999,96.58395599999999,0.0625,101.17847508160347,4.6570190816034795,fdd:1,play 196.00
4:97,96.84754199999999,96.84754199999999,96.84754199999999,96.86852031666665,0.020978316666656838,101.29424478916748,4.446702789167489,drum:1,drum_on 164.81
1:239,96.84754199999999,96.84754199999999,96.84754199999999,96.88852031666664,0.04097831666665286,101.37142459421017,4.523882594210178,fdd:1,play 261.63
1:240,97.173628,97.173628,97.173628,97.173628,0.0,101.44860439925284,4.27497639925285,fdd:1,play 329.63
4:98,97.49971399999998,97.49971399999998,97.49971399999998,97.52069231666665,0.02097831666667105,101.56437410681686,4.0646601068168735,drum:1,drum_on 146.83
4:99,97.66275699999998,97.66275699999998,97.66275699999998,97.68373531666664,0.020978316666656838,101.68014381438088,4.017386814380899,drum:1,drum_on 130.81
3:185,97.66275699999998,97.66275699999998,97.66275699999998,97.70373531666664,0.04097831666665286,101.75732361942357,4.094566619423588,fdd:1,play 196.00
3:186,97.82579999999999,97.82579999999999,97.82579999999999,97.84677831666664,0.020978316666656838,101.87309332698759,4.0472933269875995,fdd:1,play 130.81
1:241,97.82579999999999,97.88829999999999,97.88829999999999,97.88829999999999,0.0625,101.91168322950892,4.085883229508937,fdd:1,play 196.00
3:187,98.15188599999999,98.15188599999999,98.15188599999999,98.15188599999999,0.0,101.9888630345516,3.8369770345516088,fdd:1,play 130.81
1:242,98.15188599999999,98.21438599999999,98.21438599999999,98.21438599999999,0.0625,102.02745293707294,3.8755669370729464,fdd:1,play 261.63
3:188,98.80405799999998,98.80405799999998,98.80405799999998,98.80405799999998,0.0,102.10463274211561,3.3005747421156286,fdd:1,play 196.00
1:243,98.80405799999998,98.86655799999998,98.86655799999998,98.86655799999998,0.0625,102.14322264463695,3.3391646446369663,fdd:1,play 196.00
3:189,99.13014399999999,99.13014399999999,99.13014399999999,99.13014399999999,0.0,102.22040244967963,3.090258449679638,fdd:1,play 130.81
1:244,99.13014399999999,99.19264399999999,99.19264399999999,99.19264399999999,0.0625,102.25899235220096,3.1288483522009756,fdd:1,play 329.63
1:245,99.45622999999999,99.45622999999999,99.45622999999999,99.45622999999999,0.0,102.33617215724364,2.879942157243647,fdd:1,play 261.63
3:190,99.782316,99.782316,99.782316,99.782316,0.0,102.41335196228631,2.631035962286319,fdd:1,play 130.81
1:246,99.782316,99.844816,99.844816,99.844816,0.0625,102.45194186480765,2.6696258648076565,fdd:1,play 196.00
1:247,100.10840199999998,100.10840199999998,100.10840199999998,100.10840199999998,0.0,102.52912166985033,2.4207196698503424,fdd:1,play 261.63
4:100,100.27144499999999,100.27144499999999,100.27144499999999,100.30844499999998,0.03699999999999193,102.606301474893,2.334856474893016,drum:1,drum_on 164.81
3:191,100.27144499999999,100.27144499999999,100.27144499999999,100.32844499999997,0.05699999999998795,102.68348127993569,2.4120362799357054,fdd:1,play 196.00
4:101,100.43448799999999,100.43448799999999,100.43448799999999,100.47546631666664,0.04097831666665286,102.7992509874997,2.3647629874997165,drum:1,drum_on 220.00
3:192,100.43448799999999,100.43448799999999,100.43448799999999,100.49546631666664,0.06097831666664888,102.8764307925424,2.441942792542406,fdd:1,play 130.81
4:102,100.59753099999999,100.59753099999999,100.59753099999999,100.61850931666665,0.020978316666656838,102.95361059758507,2.3560795975850795,drum:1,drum_on 220.00
4:103,100.76057399999999,100.76057399999999,100.76057399999999,100.78155231666665,0.020978316666656838,103.10797020767043,2.3473962076704424,drum:1,drum_on 196.00
3:193,100.76057399999999,100.76057399999999,100.76057399999999,100.80155231666664,0.04097831666665286,103.18515001271312,2.424576012713132,fdd:1,play 130.81
1:248,100.76057399999999,100.82307399999999,100.82307399999999,100.82307399999999,0.0625,103.22373991523446,2.4631659152344696,fdd:1,play 196.00
4:104,101.08666,101.08666,101.08666,101.10763831666665,0.020978316666656838,103.33950962279847,2.252849622798479,drum:1,drum_on 185.00
1:249,101.08666,101.08666,101.08666,101.12763831666665,0.04097831666665286,103.41668942784116,2.3300294278411684,fdd:1,play 329.63
4:105,101.41274599999998,101.41274599999998,101.41274599999998,101.43372431666664,0.020978316666656838,103.53245913540518,2.119713135405192,drum:1,drum_on 196.00
3:194,101.41274599999998,101.41274599999998,101.41274599999998,101.45372431666664,0.04097831666665286,103.60963894044787,2.1968929404478814,fdd:1,play 246.94
1:250,101.41274599999998,101.47524599999998,101.47524599999998,101.47524599999998,0.0625,103.6482288429692,2.235482842969219,fdd:1,play 261.63
3:195,101.73883199999999,101.73883199999999,101.73883199999999,101.73883199999999,0.0,103.72540864801188,1.9865766480118907,fdd:1,play 130.81
1:251,101.73883199999999,101.80133199999999,101.80133199999999,101.80133199999999,0.0625,103.76399855053322,2.0251665505332284,fdd:1,play 130.81
1:252,102.06491799999999,102.06491799999999,102.06491799999999,102.06491799999999,0.0,103.84117835557589,1.7762603555759,fdd:1,play 196.00
3:196,102.391004,102.391004,102.391004,102.39198231666666,0.0009783166666608167,103.9569480631399,1.5659440631399093,fdd:1,play 130.81
1:253,102.391004,102.453504,102.453504,102.453504,0.0625,103.99553796566124,1.604533965661247,fdd:1,play 261.63
1:254,102.71708999999998,102.71708999999998,102.71708999999998,102.71708999999998,0.0,104.07271777070392,1.3556277707039328,fdd:1,play 196.00
3:197,102.88013299999999,102.88013299999999,102.88013299999999,102.88813299999998,0.007999999999995566,104.14989757574659,1.2697645757466063,fdd:1,play 196.00
3:198,103.04317599999999,103.04317599999999,103.04317599999999,103.06017599999998,0.016999999999995907,104.22707738078927,1.1839013807892798,fdd:1,play 130.81
1:255,103.04317599999999,103.10567599999999,103.10567599999999,103.10567599999999,0.0625,104.2656672833106,1.2224912833106174,fdd:1,play 311.13
3:199,103.36926199999999,103.36926199999999,103.36926199999999,103.36926199999999,0.0,104.34284708835328,0.973585088353289,fdd:1,play 130.81
1:256,103.36926199999999,103.43176199999999,103.43176199999999,103.43176199999999,0.0625,104.38143699087462,1.0121749908746267,fdd:1,play 261.63
1:257,103.69534799999998,103.69534799999998,103.69534799999998,103.69534799999998,0.0,104.4586167959173,0.7632687959173126,fdd:1,play 196.00
3:200,104.02143399999999,104.02143399999999,104.02143399999999,104.02143399999999,0.0,104.53579660095997,0.5143626009599842,fdd:1,play 196.00
1:258,104.02143399999999,104.08393399999999,104.08393399999999,104.08393399999999,0.0625,104.5743865034813,0.5529525034813219,fdd:1,play 261.63
3:201,104.34751999999999,104.34751999999999,104.34751999999999,104.34751999999999,0.0,104.65156630852398,0.3040463085239935,fdd:1,play 130.81
1:259,104.34751999999999,104.41001999999999,104.41001999999999,104.41001999999999,0.0625,104.69015621104532,0.34263621104533115,fdd:1,play 130.81
1:260,104.67360599999999,104.67360599999999,104.67360599999999,104.67360599999999,0.0,104.767336016088,0.0937300160880028,fdd:1,play 196.00
3:202,104.99969199999998,104.99969199999998,104.99969199999998,104.99969199999998,0.0,104.99969199999998,0.0,fdd:1,play 146.83
1:261,104.99969199999998,105.06219199999998,105.06219199999998,105.06219199999998,0.0625,105.06219199999998,0.0625,fdd:1,play 261.63
1:262,105.32577799999999,105.32577799999999,105.32577799999999,105.32577799999999,0.0,105.32577799999999,0.0,fdd:1,play 196.00
4:106,105.48882099999999,105.48882099999999,105.48882099999999,105.50882099999998,0.01999999999999602,105.48882099999999,0.0,drum:1,drum_on 146.83
4:107,105.65186399999999,105.65186399999999,105.65186399999999,105.67284231666665,0.020978316666656838,105.67143221918799,0.019568219188002445,drum:1,drum_on 220.00
3:203,105.65186399999999,105.65186399999999,105.65186399999999,105.69284231666664,0.04097831666665286,105.74861202423068,0.09674802423069195,fdd:1,play 155.56
1:263,105.65186399999999,105.71436399999999,105.71436399999999,105.71436399999999,0.0625,105.78720192675202,0.1353379267520296,fdd:1,play 311.13
4:108,105.97794999999999,105.97794999999999,105.97794999999999,105.99892831666665,0.020978316666656838,105.997518219188,0.019568219188002445,drum:1,drum_on 196.00
1:264,105.97794999999999,105.97794999999999,105.97794999999999,106.01892831666665,0.04097831666665286,106.07469802423068,0.09674802423069195,fdd:1,play 261.63
4:109,106.30403599999998,106.30403599999998,106.30403599999998,106.32501431666665,0.02097831666667105,106.323604219188,0.019568219188016656,drum:1,drum_on 185.00
3:204,106.30403599999998,106.30403599999998,106.30403599999998,106.34501431666665,0.04097831666666707,106.40078402423069,0.09674802423070616,fdd:1,play 174.61
1:265,106.30403599999998,106.36653599999998,106.36653599999998,106.36653599999998,0.0625,106.43937392675203,0.1353379267520438,fdd:1,play 196.00
4:110,106.63012199999999,106.63012199999999,106.63012199999999,106.65110031666664,0.020978316666656838,106.64969021918799,0.019568219188002445,drum:1,drum_on 196.00
3:205,106.95620799999999,106.95620799999999,106.95620799999999,106.95620799999999,0.0,106.95620799999999,0.0,fdd:1,play 196.00
1:266,106.95620799999999,107.01870799999999,107.01870799999999,107.01870799999999,0.0625,107.01870799999999,0.0625,fdd:1,play 196.00
4:111,107.282294,107.282294,107.282294,107.30327231666665,0.020978316666656838,107.301862219188,0.019568219188002445,drum:1,drum_on 146.83
1:267,107.282294,107.282294,107.282294,107.32327231666665,0.04097831666665286,107.37904202423069,0.09674802423069195,fdd:1,play 146.83
1:268,107.60837999999998,107.60837999999998,107.60837999999998,107.60837999999998,0.0,107.60837999999998,0.0,fdd:1,play 246.94
4:112,107.93446599999999,107.93446599999999,107.93446599999999,107.95544431666664,0.020978316666656838,107.95403421918799,0.019568219188002445,drum:1,drum_on 130.81
1:269,107.93446599999999,107.93446599999999,107.93446599999999,107.97544431666664,0.04097831666665286,108.03121402423068,0.09674802423069195,fdd:1,play 146.83
4:113,108.09750899999999,108.09750899999999,108.09750899999999,108.13848731666664,0.04097831666665286,108.15566712170933,0.058158121709340094,drum:1,drum_on 123.47
3:206,108.09750899999999,108.09750899999999,108.09750899999999,108.15848731666664,0.06097831666664888,108.23284692675202,0.1353379267520296,fdd:1,play 196.00
3:207,108.26055199999999,108.26055199999999,108.26055199999999,108.26855199999999,0.007999999999995566,108.3100267317947,0.049474731794703075,fdd:1,play 196.00
1:270,108.26055199999999,108.32305199999999,108.32305199999999,108.32305199999999,0.0625,108.34861663431603,0.08806463431604072,fdd:1,play 196.00
3:208,108.586638,108.586638,108.586638,108.586638,0.0,108.586638,0.0,fdd:1,play 196.00
1:271,108.586638,108.649138,108.649138,108.649138,0.0625,108.649138,0.0625,fdd:1,play 246.94
1:272,108.91272399999998,108.91272399999998,108.91272399999998,108.91370231666664,0.0009783166666608167,108.93229221918799,0.019568219188002445,fdd:1,play 196.00
3:209,109.23880999999999,109.23880999999999,109.23880999999999,109.23880999999999,0.0,109.23880999999999,0.0,fdd:1,play 196.00
1:273,109.23880999999999,109.30130999999999,109.30130999999999,109.30130999999999,0.0625,109.30130999999999,0.0625,fdd:1,play 246.94
3:210,109.56489599999999,109.56489599999999,109.56489599999999,109.56489599999999,0.0,109.56489599999999,0.0,fdd:1,play 196.00
1:274,109.56489599999999,109.56489599999999,109.56489599999999,109.58489599999999,0.01999999999999602,109.60348590252133,0.03858990252133765,fdd:2,play 196.00
1:275,109.890982,109.890982,109.890982,109.890982,0.0,109.890982,0.0,fdd:1,play 293.66
1:276,110.21706799999998,110.21706799999998,110.21706799999998,110.21706799999998,0.0,110.21706799999998,0.0,fdd:1,play 246.94
1:277,110.54315399999999,110.54315399999999,110.54315399999999,110.54315399999999,0.0,110.54315399999999,0.0,fdd:1,play 293.66
4:114,110.70619699999999,110.70619699999999,110.70619699999999,110.74319699999998,0.03699999999999193,110.74178690252133,0.035589902521337535,drum:1,drum_on 123.47
3:211,110.70619699999999,110.70619699999999,110.70619699999999,110.76319699999998,0.05699999999998795,110.81896670756402,0.11276970756402704,fdd:1,play 196.00
4:115,110.86923999999999,110.86923999999999,110.86923999999999,110.91021831666664,0.04097831666665286,110.93473641512803,0.06549641512803817,drum:1,drum_on 220.00
3:212,110.86923999999999,110.86923999999999,110.86923999999999,110.93021831666664,0.06097831666664888,111.01191622017072,0.14267622017072767,fdd:1,play 196.00
4:116,111.195326,111.195326,111.195326,111.21630431666665,0.020978316666656838,111.214894219188,0.019568219188002445,drum:1,drum_on 196.00
3:213,111.195326,111.195326,111.195326,111.23630431666665,0.04097831666665286,111.29207402423069,0.09674802423069195,fdd:1,play 196.00
1:278,111.195326,111.257826,111.257826,111.257826,0.0625,111.33066392675202,0.1353379267520296,fdd:1,play 146.83
4:117,111.52141199999998,111.52141199999998,111.52141199999998,111.54239031666664,0.020978316666656838,111.54098021918799,0.019568219188002445,drum:1,drum_on 196.00
1:279,111.52141199999998,111.52141199999998,111.52141199999998,111.56239031666664,0.04097831666665286,111.61816002423068,0.09674802423069195,fdd:1,play 246.94
4:118,111.84749799999999,111.84749799999999,111.84749799999999,111.86847631666664,0.020978316666656838,111.86706621918799,0.019568219188002445,drum:1,drum_on 185.00
3:214,111.84749799999999,111.84749799999999,111.84749799999999,111.88847631666664,0.04097831666665286,111.94424602423068,0.09674802423069195,fdd:1,play 196.00
3:215,112.17358399999999,112.17358399999999,112.17358399999999,112.17358399999999,0.0,112.17358399999999,0.0,fdd:2,play 123.47
1:280,112.17358399999999,112.23608399999999,112.23608399999999,112.23608399999999,0.0625,112.23608399999999,0.0625,fdd:2,play 123.47
1:281,112.49966999999998,112.49966999999998,112.49966999999998,112.49966999999998,0.0,112.49966999999998,0.0,fdd:2,play 246.94
1:282,112.82575599999998,112.82575599999998,112.82575599999998,112.82673431666664,0.0009783166666608167,112.84532421918799,0.019568219188002445,fdd:2,play 311.13
1:283,113.15184199999999,113.15184199999999,113.15184199999999,113.15184199999999,0.0,113.15184199999999,0.0,fdd:1,play 246.94
3:216,113.31488499999999,113.31488499999999,113.31488499999999,113.33188499999999,0.016999999999995907,113.35047490252133,0.035589902521337535,fdd:1,play 185.00
3:217,113.47792799999999,113.47792799999999,113.47792799999999,113.49492799999999,0.016999999999995907,113.51351790252133,0.035589902521337535,fdd:1,play 246.94
1:284,113.47792799999999,113.54042799999999,113.54042799999999,113.54042799999999,0.0625,113.55210780504267,0.07417980504267518,fdd:1,play 246.94
3:218,113.80401399999998,113.80401399999998,113.80401399999998,113.80401399999998,0.0,113.80401399999998,0.0,fdd:1,play 246.94
1:285,113.80401399999998,113.86651399999998,113.86651399999998,113.86651399999998,0.0625,113.86651399999998,0.0625,fdd:1,play 311.13
3:219,114.45618599999999,114.45618599999999,114.45618599999999,114.45618599999999,0.0,114.45618599999999,0.0,fdd:1,play 185.00
1:286,114.45618599999999,114.51868599999999,114.51868599999999,114.51868599999999,0.0625,114.51868599999999,0.0625,fdd:1,play 246.94
3:220,114.78227199999999,114.78227199999999,114.78227199999999,114.78227199999999,0.0,114.78227199999999,0.0,fdd:1,play 246.94
1:287,114.78227199999999,114.84477199999999,114.84477199999999,114.84477199999999,0.0625,114.84477199999999,0.0625,fdd:1,play 246.94
1:288,115.10835799999998,115.10835799999998,115.10835799999998,115.10835799999998,0.0,115.10835799999998,0.0,fdd:2,play 185.00
1:289,115.43444399999998,115.43444399999998,115.43444399999998,115.43444399999998,0.0,115.43444399999998,0.0,fdd:1,play 311.13
1:290,115.76052999999999,115.76052999999999,115.76052999999999,115.76052999999999,0.0,115.76052999999999,0.0,fdd:1,play 246.94
4:119,115.92357299999999,115.92357299999999,115.92357299999999,115.96057299999998,0.03699999999999193,115.95916290252133,0.035589902521337535,drum:1,drum_on 220.00
3:221,115.92357299999999,115.92357299999999,115.92357299999999,115.98057299999998,0.05699999999998795,116.03634270756402,0.11276970756402704,fdd:1,play 185.00
4:120,116.08661599999999,116.08661599999999,116.08661599999999,116.12759431666665,0.04097831666665286,116.15211241512803,0.06549641512803817,drum:1,drum_on 220.00
1:291,116.08661599999999,116.08661599999999,116.08661599999999,116.14759431666664,0.06097831666664888,116.22929222017072,0.14267622017072767,fdd:1,play 246.94
3:222,116.08661599999999,116.08661599999999,116.08661599999999,116.16759431666664,0.0809783166666449,116.26788212269206,0.18126612269206532,fdd:2,play 123.47
4:121,116.41270199999998,116.41270199999998,116.41270199999998,116.43368031666664,0.020978316666656838,116.43227021918798,0.019568219188002445,drum:1,drum_on 220.00
3:223,116.41270199999998,116.41270199999998,116.41270199999998,116.45368031666663,0.04097831666665286,116.50945002423067,0.09674802423069195,fdd:2,play 123.47
1:292,116.41270199999998,116.47520199999998,116.47520199999998,116.47520199999998,0.0625,116.54803992675201,0.1353379267520296,fdd:2,play 311.13
4:122,116.73878799999999,116.73878799999999,116.73878799999999,116.75976631666664,0.020978316666656838,116.75835621918799,0.019568219188002445,drum:1,drum_on 196.00
1:293,116.73878799999999,116.73878799999999,116.73878799999999,116.77976631666664,0.04097831666665286,116.83553602423068,0.09674802423069195,fdd:2,play 185.00
4:123,117.06487399999999,117.06487399999999,117.06487399999999,117.08585231666665,0.020978316666656838,117.08444221918799,0.019568219188002445,drum:1,drum_on 233.08
3:224,117.06487399999999,117.06487399999999,117.06487399999999,117.10585231666664,0.04097831666665286,117.16162202423068,0.09674802423069195,fdd:1,play 185.00
1:294,117.06487399999999,117.12737399999999,117.12737399999999,117.12737399999999,0.0625,117.20021192675202,0.1353379267520296,fdd:1,play 311.13
3:225,117.39095999999999,117.39095999999999,117.39095999999999,117.39095999999999,0.0,117.39095999999999,0.0,fdd:1,play 130.81
1:295,117.39095999999999,117.45345999999999,117.45345999999999,117.45345999999999,0.0625,117.45345999999999,0.0625,fdd:1,play 130.81
4:124,117.71704599999998,117.71704599999998,117.71704599999998,117.73802431666664,0.020978316666656838,117.73661421918798,0.019568219188002445,drum:1,drum_on 196.00
1:296,117.71704599999998,117.71704599999998,117.71704599999998,117.75802431666663,0.04097831666665286,117.81379402423067,0.09674802423069195,fdd:1,play 261.63
1:297,118.04313199999999,118.04313199999999,118.04313199999999,118.04313199999999,0.0,118.04313199999999,0.0,fdd:1,play 329.63
1:298,118.36921799999999,118.36921799999999,118.36921799999999,118.36921799999999,0.0,118.36921799999999,0.0,fdd:1,play 261.63
3:226,118.53226099999999,118.53226099999999,118.53226099999999,118.54926099999999,0.016999999999995907,118.56785090252133,0.035589902521337535,fdd:1,play 196.00
3:227,118.695304,118.695304,118.695304,118.71628231666665,0.020978316666656838,118.75346212170933,0.058158121709340094,fdd:1,play 130.81
1:299,118.695304,118.757804,118.757804,118.757804,0.0625,118.79205202423067,0.09674802423067774,fdd:1,play 329.63
3:228,119.02138999999998,119.02138999999998,119.02138999999998,119.02138999999998,0.0,119.02138999999998,0.0,fdd:1,play 130.81
1:300,119.02138999999998,119.08388999999998,119.08388999999998,119.08388999999998,0.0625,119.08388999999998,0.0625,fdd:1,play 329.63
4:125,119.67356199999999,119.67356199999999,119.67356199999999,119.69356199999999,0.01999999999999602,119.67356199999999,0.0,drum:1,drum_on 196.00
3:229,119.67356199999999,119.67356199999999,119.67356199999999,119.71356199999998,0.03999999999999204,119.75074180504268,0.07717980504268951,fdd:1,play 196.00
1:301,119.67356199999999,119.73606199999999,119.73606199999999,119.73606199999999,0.0625,119.78933170756402,0.11576970756402716,fdd:1,play 261.63
4:126,119.99964799999998,119.99964799999998,119.99964799999998,120.02062631666665,0.02097831666667105,120.019216219188,0.019568219188016656,drum:1,drum_on 196.00
3:230,119.99964799999998,119.99964799999998,119.99964799999998,120.04062631666665,0.04097831666666707,120.09639602423069,0.09674802423070616,fdd:1,play 130.81
1:302,119.99964799999998,120.06214799999998,120.06214799999998,120.06214799999998,0.0625,120.13498592675202,0.1353379267520438,fdd:1,play 261.63
4:127,120.32573399999998,120.32573399999998,120.32573399999998,120.34671231666664,0.020978316666656838,120.34530221918799,0.019568219188002445,drum:1,drum_on 220.00
1:303,120.32573399999998,120.32573399999998,120.32573399999998,120.36671231666664,0.04097831666665286,120.42248202423067,0.09674802423069195,fdd:2,play 196.00
4:128,120.65181999999999,120.65181999999999,120.65181999999999,120.67279831666664,0.020978316666656838,120.67138821918799,0.019568219188002445,drum:1,drum_on 196.00
3:231,120.65181999999999,120.65181999999999,120.65181999999999,120.69279831666664,0.04097831666665286,120.74856802423068,0.09674802423069195,fdd:1,play 130.81
1:304,120.65181999999999,120.71431999999999,120.71431999999999,120.71431999999999,0.0625,120.78715792675202,0.1353379267520296,fdd:1,play 329.63
4:129,120.97790599999999,120.97790599999999,120.97790599999999,120.99888431666665,0.020978316666656838,120.99747421918799,0.019568219188002445,drum:1,drum_on 233.08
1:305,120.97790599999999,120.97790599999999,120.97790599999999,121.01888431666664,0.04097831666665286,121.07465402423068,0.09674802423069195,fdd:1,play 261.63
3:232,121.14094899999999,121.14094899999999,121.14094899999999,121.15794899999999,0.016999999999995907,121.17653890252133,0.035589902521337535,fdd:1,play 196.00
3:233,121.30399199999998,121.30399199999998,121.30399199999998,121.32099199999998,0.016999999999995907,121.33958190252132,0.035589902521337535,fdd:1,play 130.81
4:130,121.63007799999998,121.63007799999998,121.63007799999998,121.65105631666664,0.020978316666656838,121.64964621918799,0.019568219188002445,drum:1,drum_on 196.00
3:234,121.63007799999998,121.63007799999998,121.63007799999998,121.67105631666664,0.04097831666665286,121.72682602423068,0.09674802423069195,fdd:1,play 130.81
1:306,121.63007799999998,121.69257799999998,121.69257799999998,121.69257799999998,0.0625,121.76541592675201,0.1353379267520296,fdd:1,play 329.63
1:307,121.95616399999999,121.95616399999999,121.95616399999999,121.95616399999999,0.0,121.95616399999999,0.0,fdd:2,play 196.00
1:308,122.28224999999999,122.28224999999999,122.28224999999999,122.28224999999999,0.0,122.28224999999999,0.0,fdd:1,play 329.63
3:235,122.28224999999999,122.28224999999999,122.28224999999999,122.30224999999999,0.01999999999999602,122.32083990252133,0.03858990252133765,fdd:2,play 123.47
3:236,122.60833599999998,122.60833599999998,122.60833599999998,122.60833599999998,0.0,122.60833599999998,0.0,fdd:1,play 130.81
1:309,122.60833599999998,122.67083599999998,122.67083599999998,122.67083599999998,0.0625,122.67083599999998,0.0625,fdd:1,play 196.00
1:310,122.93442199999998,122.93442199999998,122.93442199999998,122.93442199999998,0.0,122.93442199999998,0.0,fdd:2,play 196.00
3:237,123.26050799999999,123.26050799999999,123.26050799999999,123.26148631666665,0.0009783166666608167,123.28007621918799,0.019568219188002445,fdd:1,play 130.81
1:311,123.26050799999999,123.32300799999999,123.32300799999999,123.32300799999999,0.0625,123.32300799999999,0.0625,fdd:1,play 261.63
1:312,123.58659399999999,123.58659399999999,123.58659399999999,123.58659399999999,0.0,123.58659399999999,0.0,fdd:1,play 196.00
3:238,123.74963699999999,123.74963699999999,123.74963699999999,123.75763699999999,0.007999999999995566,123.77622690252133,0.026589902521337194,fdd:1,play 196.00
3:239,123.91267999999998,123.91267999999998,123.91267999999998,123.92967999999998,0.016999999999995907,123.94826990252132,0.035589902521337535,fdd:1,play 130.81
5:315,123.91267999999998,123.91267999999998,123.91267999999998,123.94967999999997,0.03699999999999193,123.98685980504266,0.07417980504267518,fdd:2,play 110.00
1:313,123.91267999999998,123.92267999999999,123.92267999999999,123.96967999999997,0.05699999999998795,124.025449707564,0.11276970756401283,fdd:2,play 196.00
5:314,123.91267999999998,123.97517999999998,123.97517999999998,123.98967999999996,0.07699999999998397,124.06403961008533,0.15135961008535048,fdd:1,play 164.81
5:316,123.91267999999998,123.98517999999999,123.98517999999999,124.00967999999996,0.09699999999997999,124.10262951260667,0.18994951260668813,fdd:1,play 146.83
5:317,123.91267999999998,123.99517999999999,123.99517999999999,124.02967999999996,0.11699999999997601,124.141219415128,0.22853941512802578,fdd:1,play 196.00
5:318,124.07572299999998,124.07572299999998,124.07572299999998,124.11272299999997,0.03699999999999193,124.25698912269202,0.1812661226920369,fdd:1,play 164.81
5:319,124.07572299999998,124.07572299999998,124.07572299999998,124.13272299999997,0.05699999999998795,124.29557902521336,0.21985602521337455,fdd:2,play 110.00
5:320,124.07572299999998,124.08572299999999,124.08572299999999,124.15272299999997,0.07699999999998397,124.3341689277347,0.2584459277347122,fdd:1,play 146.83
5:321,124.07572299999998,124.09572299999999,124.09572299999999,124.17272299999996,0.09699999999997999,124.37275883025603,0.29703583025604985,fdd:1,play 196.00
3:240,124.23876599999998,124.23876599999998,124.23876599999998,124.25576599999998,0.016999999999995907,124.44993863529871,0.21117263529872332,fdd:1,play 130.81
1:314,124.23876599999998,124.30126599999998,124.30126599999998,124.30126599999998,0.0625,124.52711844034138,0.2883524403413986,fdd:1,play 311.13
3:241,124.89093799999999,124.89093799999999,124.89093799999999,124.89093799999999,0.0,124.89093799999999,0.0,fdd:1,play 196.00
1:315,124.89093799999999,124.95343799999999,124.95343799999999,124.95343799999999,0.0625,124.95343799999999,0.0625,fdd:1,play 261.63
3:242,125.21702399999998,125.21702399999998,125.21702399999998,125.21702399999998,0.0,125.21702399999998,0.0,fdd:1,play 130.81
1:316,125.21702399999998,125.21702399999998,125.21702399999998,125.23702399999998,0.01999999999999602,125.25561390252132,0.03858990252133765,fdd:2,play 196.00
5:322,125.54310999999998,125.54310999999998,125.54310999999998,125.54310999999998,0.0,125.54310999999998,0.0,fdd:1,play 164.81
5:323,125.54310999999998,125.54310999999998,125.54310999999998,125.56310999999998,0.01999999999999602,125.58169990252132,0.03858990252133765,fdd:2,play 110.00
5:324,125.54310999999998,125.55310999999999,125.55310999999999,125.58310999999998,0.03999999999999204,125.62028980504266,0.0771798050426753,fdd:1,play 146.83
1:317,125.54310999999998,125.55310999999999,125.55310999999999,125.60310999999997,0.05999999999998806,125.658879707564,0.11576970756401295,fdd:2,play 311.13
5:325,125.54310999999998,125.56311,125.56311,125.62310999999997,0.07999999999998408,125.69746961008534,0.1543596100853506,fdd:1,play 196.00
5:326,125.70615299999999,125.70615299999999,125.70615299999999,125.74315299999998,0.03699999999999193,125.81323931764935,0.10708631764936172,fdd:1,play 164.81
5:327,125.70615299999999,125.70615299999999,125.70615299999999,125.76315299999997,0.05699999999998795,125.85182922017069,0.14567622017069937,fdd:2,play 110.00
5:328,125.70615299999999,125.71615299999999,125.71615299999999,125.78315299999997,0.07699999999998397,125.89041912269202,0.18426612269203702,fdd:1,play 146.83
5:329,125.70615299999999,125.726153,125.726153,125.80315299999997,0.09699999999997999,125.92900902521336,0.22285602521337466,fdd:1,play 196.00
3:243,125.86919599999999,125.86919599999999,125.86919599999999,125.90619599999998,0.03699999999999193,126.04477873277737,0.17558273277738579,fdd:1,play 146.83
1:318,125.86919599999999,125.86919599999999,125.86919599999999,125.92619599999998,0.05699999999998795,126.08336863529871,0.21417263529872343,fdd:2,play 261.63
1:319,126.19528199999999,126.19528199999999,126.19528199999999,126.19528199999999,0.0,126.19913834286272,0.003856342862732731,fdd:1,play 311.13
4:131,126.35832499999998,126.35832499999998,126.35832499999998,126.37832499999998,0.01999999999999602,126.35832499999998,0.0,drum:1,drum_on 196.00
4:132,126.52136799999998,126.52136799999998,126.52136799999998,126.54234631666664,0.020978316666656838,126.54093621918798,0.019568219188002445,drum:1,drum_on 196.00
3:244,126.52136799999998,126.52136799999998,126.52136799999998,126.56234631666663,0.04097831666665286,126.61811602423067,0.09674802423069195,fdd:1,play 155.56
4:133,126.84745399999998,126.84745399999998,126.84745399999998,126.86843231666664,0.020978316666656838,126.86702221918799,0.019568219188002445,drum:1,drum_on 220.00
1:320,126.84745399999998,126.84745399999998,126.84745399999998,126.88843231666664,0.04097831666665286,126.94420202423068,0.09674802423069195,fdd:1,play 261.63
4:134,127.01049699999999,127.01049699999999,127.01049699999999,127.03147531666664,0.020978316666656838,127.03006521918799,0.019568219188002445,drum:1,drum_on 246.94
3:245,127.17353999999999,127.17353999999999,127.17353999999999,127.17353999999999,0.0,127.17353999999999,0.0,fdd:1,play 174.61
5:331,127.17353999999999,127.17353999999999,127.17353999999999,127.19353999999998,0.01999999999999602,127.21212990252133,0.03858990252133765,fdd:2,play 110.00
1:321,127.17353999999999,127.18354,127.18354,127.21353999999998,0.03999999999999204,127.25071980504266,0.0771798050426753,fdd:2,play 196.00
5:330,127.17353999999999,127.23603999999999,127.23603999999999,127.23603999999999,0.0625,127.289309707564,0.11576970756401295,fdd:1,play 164.81
5:332,127.17353999999999,127.24604,127.24604,127.25603999999998,0.08249999999999602,127.32789961008534,0.1543596100853506,fdd:1,play 146.83
5:333,127.17353999999999,127.25604,127.25604,127.27603999999998,0.10249999999999204,127.36648951260668,0.19294951260668824,fdd:1,play 196.00
5:334,127.33658299999999,127.33658299999999,127.33658299999999,127.37358299999998,0.03699999999999193,127.48225922017069,0.14567622017069937,fdd:1,play 164.81
5:335,127.33658299999999,127.33658299999999,127.33658299999999,127.39358299999998,0.05699999999998795,127.52084912269203,0.18426612269203702,fdd:2,play 110.00
5:336,127.33658299999999,127.346583,127.346583,127.41358299999997,0.07699999999998397,127.55943902521336,0.22285602521337466,fdd:1,play 146.83
5:337,127.33658299999999,127.356583,127.356583,127.43358299999997,0.09699999999997999,127.5980289277347,0.2614459277347123,fdd:1,play 196.00
4:135,127.49962599999999,127.49962599999999,127.49962599999999,127.52060431666665,0.020978316666656838,127.67520873277738,0.17558273277738579,drum:1,drum_on 246.94
3:246,127.82571199999998,127.82571199999998,127.82571199999998,127.82669031666664,0.0009783166666608167,127.86815824538408,0.0424462453840988,fdd:1,play 196.00
1:323,127.82571199999998,127.82571199999998,127.82571199999998,127.84669031666664,0.020978316666656838,127.90674814790542,0.08103614790543645,fdd:2,play 146.83
5:339,127.82571199999998,127.82571199999998,127.82571199999998,127.86669031666663,0.04097831666665286,127.94533805042676,0.1196260504267741,fdd:3,play 146.83
5:338,127.82571199999998,127.82571199999998,127.82571199999998,127.88669031666663,0.06097831666664888,127.9839279529481,0.15821595294811175,fdd:4,play 98.00
1:322,127.82571199999998,127.88821199999998,127.88821199999998,127.90669031666663,0.0809783166666449,128.02251785546943,0.1968058554694494,fdd:1,play 196.00
1:324,127.82571199999998,127.88821199999998,127.88821199999998,127.92669031666662,0.10097831666664092,128.06110775799078,0.23539575799080126,fdd:2,play 196.00
5:340,127.82571199999998,127.88821199999998,127.88821199999998,127.94669031666662,0.12097831666663694,128.09969766051213,0.2739856605121531,fdd:3,play 196.00
5:341,127.82571199999998,127.88821199999998,127.88821199999998,127.96669031666661,0.14097831666663296,128.1382875630335,0.312575563033505,fdd:4,play 246.94
3:247,128.96701299999998,128.96701299999998,128.96701299999998,128.96701299999998,0.0,128.96701299999998,0.0,fdd:1,play 196.00
3:248,129.130056,129.130056,129.130056,129.138056,0.008000000000009777,129.15664590252135,0.026589902521351405,fdd:1,play 196.00
3:249,129.45614199999997,129.45614199999997,129.45614199999997,129.45614199999997,0.0,129.45614199999997,0.0,fdd:1,play 196.00
1:325,129.78222799999998,129.78222799999998,129.78222799999998,129.78222799999998,0.0,129.78222799999998,0.0,fdd:1,play 246.94
1:326,129.945271,129.945271,129.945271,129.945271,0.0,129.945271,0.0,fdd:2,play 261.63
3:250,130.10831399999998,130.10831399999998,130.10831399999998,130.10831399999998,0.0,130.10831399999998,0.0,fdd:1,play 196.00
1:327,130.10831399999998,130.17081399999998,130.17081399999998,130.17081399999998,0.0625,130.18549380504268,0.07717980504270372,fdd:1,play 246.94
3:251,130.43439999999998,130.43439999999998,130.43439999999998,130.43439999999998,0.0,130.43439999999998,0.0,fdd:1,play 196.00
1:328,130.760486,130.760486,130.760486,130.760486,0.0,130.760486,0.0,fdd:1,play 196.00
1:329,131.412658,131.412658,131.412658,131.412658,0.0,131.412658,0.0,fdd:1,play 146.83
3:252,131.57570099999998,131.57570099999998,131.57570099999998,131.592701,0.01700000000002433,131.61129090252135,0.03558990252136596,fdd:1,play 196.00
4:136,131.738744,131.738744,131.738744,131.76674400000002,0.02800000000002001,131.76533390252135,0.026589902521351405,drum:1,drum_on 196.00
3:253,131.738744,131.738744,131.738744,131.78674400000003,0.04800000000003024,131.84251370756402,0.1037697075640267,fdd:1,play 196.00
4:137,132.06482999999997,132.06482999999997,132.06482999999997,132.0858083166667,0.02097831666671368,132.08439821918802,0.019568219188045077,drum:1,drum_on 220.00
3:254,132.06482999999997,132.06482999999997,132.06482999999997,132.1058083166667,0.04097831666672391,132.1615780242307,0.09674802423072038,fdd:1,play 196.00
1:330,132.06482999999997,132.12732999999997,132.12732999999997,132.12732999999997,0.0625,132.20016792675204,0.13533792675207224,fdd:1,play 196.00
4:138,132.227873,132.227873,132.227873,132.24885131666667,0.02097831666668526,132.27734773179475,0.04947473179475992,drum:1,drum_on 246.94
1:331,132.39091599999998,132.39091599999998,132.39091599999998,132.39091599999998,0.0,132.39311743935878,0.002201439358799462,fdd:1,play 146.83
4:139,132.71700199999998,132.71700199999998,132.71700199999998,132.73798031666666,0.02097831666668526,132.736570219188,0.019568219188016656,drum:1,drum_on 246.94
3:255,132.71700199999998,132.71700199999998,132.71700199999998,132.75798031666667,0.04097831666669549,132.81375002423067,0.09674802423069195,fdd:1,play 196.00
5:343,133.04308799999998,133.04308799999998,133.04308799999998,133.04308799999998,0.0,133.04308799999998,0.0,fdd:1,play 185.00
3:256,133.04308799999998,133.04308799999998,133.04308799999998,133.063088,0.020000000000010232,133.08167790252133,0.03858990252135186,fdd:2,play 123.47
5:344,133.04308799999998,133.04308799999998,133.04308799999998,133.083088,0.040000000000020464,133.1202678050427,0.07717980504270372,fdd:3,play 246.94
1:332,133.04308799999998,133.04308799999998,133.04308799999998,133.103088,0.060000000000030695,133.15885770756404,0.11576970756405558,fdd:4,play 123.47
1:333,133.04308799999998,133.10558799999998,133.10558799999998,133.12308800000002,0.08000000000004093,133.1974476100854,0.15435961008540744,fdd:1,play 185.00
5:342,133.04308799999998,133.10558799999998,133.10558799999998,133.14308800000003,0.10000000000005116,133.23603751260674,0.1929495126067593,fdd:2,play 123.47
5:345,133.04308799999998,133.10558799999998,133.10558799999998,133.16308800000004,0.12000000000006139,133.2746274151281,0.23153941512811116,fdd:3,play 311.13
1:334,133.04308799999998,133.10558799999998,133.10558799999998,133.18308800000005,0.14000000000007162,133.31321731764945,0.270129317649463,fdd:4,play 246.94
4:140,133.369174,133.369174,133.369174,133.41558800000004,0.046414000000055466,133.54475673277756,0.17558273277757053,drum:1,drum_on 185.00
4:141,134.021346,134.021346,134.021346,134.04232431666668,0.02097831666668526,134.040914219188,0.019568219188016656,drum:1,drum_on 164.81
4:142,134.18438899999998,134.18438899999998,134.18438899999998,134.20536731666667,0.02097831666668526,134.203957219188,0.019568219188016656,drum:1,drum_on 155.56
3:257,134.18438899999998,134.18438899999998,134.18438899999998,134.22536731666668,0.04097831666669549,134.28113702423067,0.09674802423069195,fdd:1,play 185.00
3:258,134.347432,134.347432,134.347432,134.347432,0.0,134.347432,0.0,fdd:2,play 123.47
3:259,134.67351799999997,134.67351799999997,134.67351799999997,134.67351799999997,0.0,134.67351799999997,0.0,fdd:4,play 123.47
1:335,134.99960399999998,134.99960399999998,134.99960399999998,135.00058231666665,0.0009783166666750276,135.019172219188,0.019568219188016656,fdd:1,play 311.13
5:348,134.99960399999998,134.99960399999998,134.99960399999998,135.02058231666666,0.02097831666668526,135.05776212170935,0.058158121709368515,fdd:2,play 246.94
5:346,134.99960399999998,134.99960399999998,134.99960399999998,135.04058231666667,0.04097831666669549,135.0963520242307,0.09674802423072038,fdd:4,play 123.47
5:347,134.99960399999998,135.06210399999998,135.06210399999998,135.06210399999998,0.0625,135.13494192675205,0.13533792675207224,fdd:1,play 185.00
5:349,134.99960399999998,135.06210399999998,135.06210399999998,135.082104,0.08250000000001023,135.1735318292734,0.1739278292734241,fdd:2,play 311.13
1:336,135.162647,135.162647,135.162647,135.17964700000002,0.01700000000002433,135.2507116343161,0.08806463431611178,fdd:2,play 329.63
3:260,135.32568999999998,135.32568999999998,135.32568999999998,135.34269,0.01700000000002433,135.4050712444015,0.0793812444015316,fdd:1,play 185.00
5:350,135.32568999999998,135.32568999999998,135.32568999999998,135.36269000000001,0.03700000000003456,135.44366114692286,0.11797114692288346,fdd:2,play 123.47
5:352,135.32568999999998,135.32568999999998,135.32568999999998,135.38269000000003,0.05700000000004479,135.48225104944422,0.15656104944423532,fdd:3,play 246.94
1:337,135.32568999999998,135.38818999999998,135.38818999999998,135.40269000000004,0.07700000000005502,135.52084095196557,0.19515095196558718,fdd:1,play 311.13
5:351,135.32568999999998,135.38818999999998,135.38818999999998,135.42269000000005,0.09700000000006526,135.55943085448692,0.23374085448693904,fdd:2,play 185.00
5:353,135.32568999999998,135.38818999999998,135.38818999999998,135.44269000000006,0.11700000000007549,135.59802075700827,0.2723307570082909,fdd:3,play 311.13
3:261,135.65177599999998,135.65177599999998,135.65177599999998,135.65177599999998,0.0,135.75238036709368,0.10060436709369469,fdd:2,play 123.47
1:338,135.977862,135.977862,135.977862,135.977862,0.0,135.977862,0.0,fdd:1,play 246.94
4:143,136.52133866666665,136.52133866666665,136.52133866666665,136.54133866666666,0.020000000000010232,136.52133866666665,0.0,drum:1,drum_on 246.94
1:339,136.630034,136.630034,136.630034,136.630034,0.0,136.630034,0.0,fdd:1,play 185.00
4:144,136.7387293333333,136.7387293333333,136.7387293333333,136.75970765,0.02097831666668526,136.75829755252133,0.019568219188016656,drum:1,drum_on 246.94
3:262,136.79307699999998,136.79307699999998,136.79307699999998,136.801077,0.008000000000009777,136.87406726008535,0.0809902600853718,fdd:1,play 185.00
4:145,136.95612,136.95612,136.95612,136.9970983166667,0.04097831666669549,137.01427812170937,0.058158121709368515,drum:1,drum_on 261.63
5:355,136.95612,136.95612,136.95612,137.0170983166667,0.06097831666670572,137.09145792675204,0.1353379267520438,fdd:1,play 185.00
3:263,136.95612,136.95612,136.95612,137.03709831666671,0.08097831666671595,137.1300478292734,0.17392782927339567,fdd:2,play 123.47
5:356,136.95612,136.95612,136.95612,137.05709831666672,0.10097831666672619,137.16863773179475,0.21251773179474753,fdd:3,play 246.94
5:357,136.95612,137.01862,137.01862,137.07709831666673,0.12097831666673642,137.2072276343161,0.2511076343160994,fdd:1,play 311.13
5:354,136.95612,137.01862,137.01862,137.09709831666675,0.14097831666674665,137.24581753683745,0.28969753683745125,fdd:2,play 123.47
4:146,137.119163,137.119163,137.119163,137.15709831666678,0.03793531666678973,137.32299734188015,0.20383434188016736,drum:1,drum_on 246.94
4:147,137.28220599999997,137.28220599999997,137.28220599999997,137.30318431666666,0.02097831666668526,137.55453675700824,0.2723307570082625,drum:1,drum_on 246.94
5:359,137.28220599999997,137.28220599999997,137.28220599999997,137.32318431666667,0.04097831666669549,137.6317165620509,0.3495105620509378,fdd:1,play 185.00
3:264,137.28220599999997,137.28220599999997,137.28220599999997,137.34318431666668,0.06097831666670572,137.67030646457226,0.38810046457228964,fdd:2,play 123.47
5:358,137.28220599999997,137.28220599999997,137.28220599999997,137.3631843166667,0.08097831666671595,137.70889636709362,0.4266903670936415,fdd:3,play 123.47
5:360,137.28220599999997,137.34470599999997,137.34470599999997,137.3831843166667,0.10097831666672619,137.74748626961497,0.46528026961499336,fdd:1,play 246.94
1:340,137.28220599999997,137.34470599999997,137.34470599999997,137.4031843166667,0.12097831666673642,137.78607617213632,0.5038701721363452,fdd:2,play 123.47
5:361,137.28220599999997,137.34470599999997,137.34470599999997,137.42318431666672,0.14097831666674665,137.82466607465767,0.5424600746576971,fdd:3,play 311.13
4:148,137.60829199999998,137.60829199999998,137.60829199999998,137.63470600000002,0.026414000000045235,138.01761558726443,0.4093235872644527,drum:1,drum_on 246.94
4:149,137.771335,137.771335,137.771335,137.79231331666668,0.02097831666668526,138.13338529482846,0.36205029482846385,drum:1,drum_on 220.00
4:150,137.93437799999998,137.93437799999998,137.93437799999998,137.95535631666667,0.02097831666668526,138.24915500239248,0.3147770023925034,drum:1,drum_on 220.00
3:265,137.93437799999998,137.93437799999998,137.93437799999998,137.97535631666668,0.04097831666669549,138.32633480743516,0.3919568074351787,fdd:1,play 185.00
1:341,137.93437799999998,137.93437799999998,137.93437799999998,137.9953563166667,0.06097831666670572,138.3649247099565,0.43054670995653055,fdd:2,play 123.47
1:342,137.93437799999998,137.99687799999998,137.99687799999998,138.0153563166667,0.08097831666671595,138.40351461247786,0.4691366124778824,fdd:1,play 185.00
4:151,138.097421,138.097421,138.097421,138.1383993166667,0.04097831666669549,138.51928432004192,0.42186332004192195,drum:1,drum_on 246.94
1:344,138.097421,138.097421,138.097421,138.1583993166667,0.06097831666670572,138.5964641250846,0.49904312508459725,fdd:1,play 185.00
1:343,138.097421,138.097421,138.097421,138.1783993166667,0.08097831666671595,138.63505402760595,0.5376330276059491,fdd:3,play 123.47
3:266,138.26046399999998,138.26046399999998,138.26046399999998,138.29746400000002,0.03700000000003456,138.78941363769135,0.5289496376913689,fdd:1,play 130.81
1:346,138.26046399999998,138.26046399999998,138.26046399999998,138.31746400000003,0.05700000000004479,138.8280035402127,0.5675395402127208,fdd:2,play 196.00
5:363,138.26046399999998,138.26046399999998,138.26046399999998,138.33746400000004,0.07700000000005502,138.86659344273406,0.6061294427340727,fdd:3,play 261.63
1:348,138.26046399999998,138.26046399999998,138.26046399999998,138.35746400000005,0.09700000000006526,138.9051833452554,0.6447193452554245,fdd:4,play 329.63
1:345,138.26046399999998,138.32296381666666,138.32296381666666,138.37746400000006,0.11700000000007549,138.94377324777676,0.6833092477767764,fdd:3,play 130.81
5:362,138.26046399999998,138.32296399999998,138.32296399999998,138.39746400000007,0.13700000000008572,138.9823631502981,0.7218991502981282,fdd:1,play 130.81
1:347,138.26046399999998,138.32296399999998,138.32296399999998,138.41746400000008,0.15700000000009595,139.02095305281946,0.7604890528194801,fdd:2,play 261.63
1:349,138.26046399999998,138.32296399999998,138.32296399999998,138.4374640000001,0.17700000000010618,139.05954295534082,0.799078955340832,fdd:4,play 196.00
5:364,138.3419855,138.38546381666666,138.38546381666666,138.4574640000001,0.1154785000001084,139.09813285786217,0.7561473578621758,fdd:1,play 130.81
5:365,138.3419855,138.38546399999998,138.38546399999998,138.4774640000001,0.13547850000011863,139.13672276038352,0.7947372603835277,fdd:2,play 261.63
5:366,138.42350699999997,138.42350699999997,138.42350699999997,138.53746400000014,0.11395700000016973,139.25249246794758,0.8289854679476036,fdd:3,play 130.81
5:367,138.42350699999997,138.42350699999997,138.42350699999997,138.55746400000015,0.13395700000017996,139.29108237046893,0.8675753704689555,fdd:4,play 261.63
5:368,138.50502849999998,138.50502849999998,138.50502849999998,138.59746400000017,0.0924355000001924,139.36826217551163,0.8632336755116512,fdd:1,play 130.81
5:369,138.50502849999998,138.56752831666665,138.56752831666665,138.61746400000018,0.11243550000020264,139.40685207803298,0.9018235780330031,fdd:1,play 261.63
5:370,138.58655,138.58655,138.58655,138.6774640000002,0.09091400000022531,139.52262178559704,0.9360717855970506,fdd:2,play 130.81
5:371,138.58655,138.58655,138.58655,138.69746400000022,0.11091400000023555,139.5612116881184,0.9746616881184025,fdd:4,play 261.63
5:372,138.6680715,138.6680715,138.6680715,138.75746400000025,0.08939250000025822,139.67698139568245,1.00890989568245,fdd:1,play 130.81
5:373,138.6680715,138.73057131666664,138.73057131666664,138.77746400000026,0.10939250000026846,139.7155712982038,1.047499798203802,fdd:1,play 261.63
5:374,138.74959299999998,138.74959299999998,138.74959299999998,138.81746400000029,0.06787100000030932,139.7927511032465,1.043158103246526,fdd:2,play 130.81
5:375,138.74959299999998,138.81209281666665,138.81209281666665,138.8574640000003,0.10787100000032979,139.8699309082892,1.1203379082892297,fdd:2,play 261.63
5:376,138.83111449999998,138.83111449999998,138.83111449999998,138.89746400000033,0.06634950000034223,139.9471107133319,1.1159962133319254,fdd:1,play 130.81
5:377,138.83111449999998,138.89361431666666,138.89361431666666,138.91746400000034,0.08634950000035246,139.98570061585326,1.1545861158532773,fdd:1,play 261.63
5:378,138.912636,138.912636,138.912636,138.95746400000036,0.04482800000036491,140.06288042089597,1.150244420895973,fdd:2,play 130.81
5:379,138.912636,138.97513581666666,138.97513581666666,138.97746400000037,0.06482800000037514,140.10147032341732,1.1888343234173249,fdd:2,play 261.63
5:380,138.99415749999997,138.99415749999997,138.99415749999997,139.0174640000004,0.02330650000041601,140.17865012846002,1.184492628460049,fdd:1,play 130.81
5:381,138.99415749999997,139.05665731666664,139.05665731666664,139.05665731666664,0.062499816666672814,140.21724003098137,1.2230825309814009,fdd:1,play 261.63
5:382,139.07567899999998,139.07567899999998,139.07567899999998,139.09665731666666,0.02097831666668526,140.29441983602408,1.2187408360240966,fdd:2,play 130.81
5:383,139.07567899999998,139.13817881666665,139.13817881666665,139.13817881666665,0.062499816666672814,140.33300973854543,1.2573307385454484,fdd:2,play 261.63
5:384,139.1572005,139.1572005,139.1572005,139.17817881666667,0.02097831666668526,140.41018954358813,1.2529890435881441,fdd:1,play 130.81
5:385,139.1572005,139.21970031666666,139.21970031666666,139.21970031666666,0.062499816666672814,140.44877944610948,1.291578946109496,fdd:1,play 261.63
5:386,139.238722,139.238722,139.238722,139.25970031666668,0.02097831666668526,140.5259592511522,1.2872372511521917,fdd:2,play 130.81
5:387,139.238722,139.30122181666664,139.30122181666664,139.30122181666664,0.06249981666664439,140.56454915367354,1.3258271536735435,fdd:2,play 261.63
5:388,139.32024349999998,139.32024349999998,139.32024349999998,139.34122181666666,0.02097831666668526,140.64172895871624,1.3214854587162677,fdd:1,play 130.81
5:389,139.32024349999998,139.38274331666665,139.38274331666665,139.38274331666665,0.062499816666672814,140.6803188612376,1.3600753612376195,fdd:1,play 261.63
5:390,139.40176499999998,139.40176499999998,139.40176499999998,139.42274331666667,0.02097831666668526,140.7574986662803,1.3557336662803152,fdd:2,play 130.81
3:267,139.40176499999998,139.44524313333332,139.44524313333332,139.44524313333332,0.04347813333333761,140.79608856880165,1.394323568801667,fdd:1,play 130.81
5:391,139.40176499999998,139.46426481666666,139.46426481666666,139.46524313333333,0.06347813333334784,140.834678471323,1.432913471323019,fdd:2,play 261.63
5:392,139.4832865,139.4832865,139.4832865,139.48524313333334,0.001956633333350055,140.87326837384435,1.3899818738443628,fdd:3,play 130.81
5:393,139.4832865,139.54578631666666,139.54578631666666,139.54578631666666,0.062499816666672814,140.9118582763657,1.4285717763657146,fdd:3,play 261.63
3:268,139.56480799999997,139.56480799999997,139.56480799999997,139.6057863166667,0.04097831666672391,141.02762798392976,1.4628199839297906,fdd:1,play 130.81
5:395,139.56480799999997,139.56480799999997,139.56480799999997,139.6257863166667,0.060978316666734145,141.0662178864511,1.5014098864511425,fdd:2,play 261.63
5:394,139.56480799999997,139.62730799999997,139.62730799999997,139.64578631666672,0.08097831666674438,141.10480778897247,1.5399997889724943,fdd:1,play 130.81
5:396,139.64632949999998,139.64632949999998,139.64632949999998,139.68578631666674,0.03945681666675682,141.18198759401517,1.53565809401519,fdd:2,play 130.81
5:397,139.64632949999998,139.70882931666665,139.70882931666665,139.70882931666665,0.062499816666672814,141.22057749653652,1.574247996536542,fdd:2,play 261.63
5:398,139.727851,139.727851,139.727851,139.76882931666668,0.04097831666669549,141.33634720410058,1.6084962041005895,fdd:1,play 130.81
5:399,139.727851,139.727851,139.727851,139.7888293166667,0.06097831666670572,141.37493710662193,1.6470861066219413,fdd:3,play 261.63
5:400,139.8093725,139.8093725,139.8093725,139.84882931666672,0.0394568166667284,141.49070681418598,1.6813343141859889,fdd:1,play 130.81
5:401,139.8093725,139.8093725,139.8093725,139.86882931666673,0.05945681666673863,141.52929671670734,1.7199242167073407,fdd:2,play 261.63
3:269,139.89089399999997,139.89089399999997,139.89089399999997,139.92882931666676,0.03793531666678973,141.6450664242714,1.7541724242714167,fdd:1,play 130.81
5:403,139.89089399999997,139.89089399999997,139.89089399999997,139.94882931666677,0.05793531666679996,141.68365632679274,1.7927623267927686,fdd:3,play 261.63
5:402,139.89089399999997,139.95339399999997,139.95339399999997,139.96882931666678,0.0779353166668102,141.7222462293141,1.8313522293141204,fdd:1,play 130.81
5:405,139.97241549999998,139.97241549999998,139.97241549999998,140.02882931666682,0.05641381666683287,141.83801593687815,1.865600436878168,fdd:2,play 261.63
5:404,139.97241549999998,139.97241549999998,139.97241549999998,140.04882931666683,0.0764138166668431,141.8766058393995,1.9041903393995199,fdd:3,play 130.81
5:406,140.053937,140.053937,140.053937,140.08882931666685,0.03489231666685555,141.9537856444422,1.8998486444422156,fdd:1,play 130.81
5:407,140.053937,140.11643681666666,140.11643681666666,140.11643681666666,0.062499816666672814,141.99237554696356,1.9384385469635674,fdd:1,play 261.63
5:408,140.13545849999997,140.13545849999997,140.13545849999997,140.15643681666668,0.02097831666671368,142.06955535200626,1.9340968520062916,fdd:2,play 130.81
5:409,140.13545849999997,140.19795831666664,140.19795831666664,140.21795831666665,0.08249981666668305,142.18532505957032,2.049866559570347,fdd:2,play 261.63
5:410,140.21697999999998,140.21697999999998,140.21697999999998,140.25795831666667,0.04097831666669549,142.26250486461302,2.045524864613043,fdd:1,play 130.81
1:351,140.21697999999998,140.21697999999998,140.21697999999998,140.27795831666668,0.06097831666670572,142.30109476713437,2.0841147671343947,fdd:3,play 329.63
5:411,140.21697999999998,140.27947981666665,140.27947981666665,140.2979583166667,0.08097831666671595,142.33968466965572,2.1227046696557466,fdd:1,play 261.63
5:412,140.2985015,140.2985015,140.2985015,140.33795831666671,0.0394568166667284,142.41686447469843,2.1183629746984423,fdd:2,play 130.81
5:413,140.2985015,140.36100131666666,140.36100131666666,140.36100131666666,0.062499816666672814,142.45545437721978,2.156952877219794,fdd:2,play 261.63
5:414,140.380023,140.380023,140.380023,140.4210013166667,0.04097831666669549,142.57122408478384,2.1912010847838417,fdd:1,play 130.81
5:415,140.380023,140.380023,140.380023,140.4410013166667,0.06097831666670572,142.6098139873052,2.2297909873051935,fdd:3,play 261.63
1:352,140.380023,140.44252281666664,140.44252281666664,140.4610013166667,0.08097831666671595,142.64840388982654,2.2683808898265454,fdd:3,play 174.61
5:416,140.46154449999997,140.46154449999997,140.46154449999997,140.50100131666673,0.03945681666675682,142.72558369486924,2.2640391948692695,fdd:1,play 130.81
5:417,140.46154449999997,140.52404431666665,140.52404431666665,140.52404431666665,0.062499816666672814,142.7641735973906,2.3026290973906214,fdd:1,play 261.63
5:419,140.54306599999998,140.54306599999998,140.54306599999998,140.58404431666668,0.04097831666669549,142.87994330495465,2.336877304954669,fdd:2,play 261.63
5:418,140.54306599999998,140.54306599999998,140.54306599999998,140.6040443166667,0.06097831666670572,142.918533207476,2.375467207476021,fdd:3,play 130.81
3:270,140.54306599999998,140.58654413333332,140.58654413333332,140.6240443166667,0.08097831666671595,142.95712310999735,2.4140571099973727,fdd:1,play 196.00
1:353,140.54306599999998,140.60556581666665,140.60556581666665,140.6440443166667,0.10097831666672619,142.9957130125187,2.4526470125187245,fdd:2,play 329.63
5:420,140.6245875,140.6245875,140.6245875,140.68404431666673,0.05945681666673863,143.0728928175614,2.4483053175614202,fdd:3,play 130.81
5:421,140.6245875,140.68708731666666,140.68708731666666,140.70404431666674,0.07945681666674886,143.11148272008276,2.486895220082772,fdd:3,play 261.63
5:422,140.706109,140.706109,140.706109,140.74404431666676,0.03793531666676131,143.18866252512547,2.482553525125468,fdd:1,play 130.81
5:423,140.706109,140.76860881666664,140.76860881666664,140.76860881666664,0.06249981666664439,143.22725242764682,2.5211434276468196,fdd:1,play 261.63
5:424,140.78763049999998,140.78763049999998,140.78763049999998,140.80860881666666,0.02097831666668526,143.30443223268952,2.5168017326895438,fdd:2,play 130.81
5:425,140.78763049999998,140.85013031666665,140.85013031666665,140.85013031666665,0.062499816666672814,143.34302213521087,2.5553916352108956,fdd:2,play 261.63
3:271,140.86915199999999,140.86915199999999,140.86915199999999,140.91013031666668,0.04097831666669549,143.45879184277493,2.589639842774943,fdd:1,play 130.81
5:427,140.86915199999999,140.86915199999999,140.86915199999999,140.9301303166667,0.06097831666670572,143.49738174529628,2.628229745296295,fdd:3,play 293.66
5:426,140.86915199999999,140.93165199999999,140.93165199999999,140.9501303166667,0.08097831666671595,143.53597164781763,2.666819647817647,fdd:1,play 146.83
5:429,140.9506735,140.9506735,140.9506735,141.01013031666673,0.05945681666673863,143.6517413553817,2.7010678553816945,fdd:2,play 293.66
5:428,140.9506735,140.9506735,140.9506735,141.03013031666674,0.07945681666674886,143.69033125790304,2.7396577579030463,fdd:3,play 146.83
5:430,141.03219499999997,141.03219499999997,141.03219499999997,141.07013031666676,0.03793531666678973,143.76751106294574,2.7353160629457705,fdd:1,play 146.83
5:431,141.03219499999997,141.09469481666665,141.09469481666665,141.09469481666665,0.062499816666672814,143.8061009654671,2.7739059654671223,fdd:1,play 293.66
5:432,141.11371649999998,141.11371649999998,141.11371649999998,141.13469481666667,0.02097831666668526,143.8832807705098,2.769564270509818,fdd:2,play 146.83
5:433,141.11371649999998,141.17621631666665,141.17621631666665,141.17621631666665,0.062499816666672814,143.9604605755525,2.8467440755525217,fdd:2,play 293.66
5:434,141.195238,141.195238,141.195238,141.21621631666667,0.02097831666668526,144.0376403805952,2.8424023805952174,fdd:1,play 146.83
1:354,141.195238,141.195238,141.195238,141.23621631666668,0.04097831666669549,144.07623028311656,2.8809922831165693,fdd:3,play 261.63
5:435,141.195238,141.25773781666666,141.25773781666666,141.25773781666666,0.062499816666672814,144.1148201856379,2.919582185637921,fdd:1,play 293.66
5:436,141.2767595,141.2767595,141.2767595,141.3177378166667,0.04097831666669549,144.23058989320197,2.9538303932019687,fdd:2,play 146.83
5:437,141.2767595,141.2767595,141.2767595,141.3377378166667,0.06097831666670572,144.26917979572332,2.9924202957233206,fdd:3,play 293.66
5:438,141.35828099999998,141.35828099999998,141.35828099999998,141.39773781666673,0.03945681666675682,144.38494950328737,3.0266685032873966,fdd:1,play 146.83
5:439,141.35828099999998,141.35828099999998,141.35828099999998,141.41773781666674,0.059456816666767054,144.42353940580873,3.0652584058087484,fdd:3,play 293.66
5:440,141.43980249999998,141.43980249999998,141.43980249999998,141.45773781666676,0.0179353166667795,144.50071921085143,3.060916710851444,fdd:1,play 146.83
5:441,141.43980249999998,141.50230231666666,141.50230231666666,141.50230231666666,0.062499816666672814,144.57789901589413,3.138096515894148,fdd:1,play 293.66
5:443,141.521324,141.521324,141.521324,141.54230231666668,0.02097831666668526,144.65507882093684,3.1337548209368435,fdd:2,play 293.66
5:442,141.521324,141.521324,141.521324,141.5623023166667,0.04097831666669549,144.6936687234582,3.1723447234581954,fdd:3,play 146.83
5:444,141.60284549999997,141.60284549999997,141.60284549999997,141.6198455,0.01700000000002433,144.7708485285009,3.1680030285009195,fdd:1,play 146.83
5:445,141.60284549999997,141.66534531666665,141.66534531666665,141.66534531666665,0.062499816666672814,144.80943843102224,3.2065929310222714,fdd:1,play 293.66
5:446,141.68436699999998,141.68436699999998,141.68436699999998,141.70534531666667,0.02097831666668526,144.88661823606495,3.202251236064967,fdd:2,play 146.83
5:447,141.68436699999998,141.74686681666665,141.74686681666665,141.74686681666665,0.062499816666672814,144.96379804110765,3.279431041107671,fdd:2,play 293.66
5:448,141.7658885,141.7658885,141.7658885,141.78686681666667,0.02097831666668526,145.04097784615035,3.2750893461503665,fdd:1,play 146.83
5:449,141.7658885,141.82838831666666,141.82838831666666,141.82838831666666,0.062499816666672814,145.0795677486717,3.3136792486717184,fdd:1,play 293.66
5:450,141.84741,141.84741,141.84741,141.86838831666668,0.02097831666668526,145.1567475537144,3.309337553714414,fdd:2,play 146.83
1:355,141.84741,141.84741,141.84741,141.8883883166667,0.04097831666669549,145.19533745623576,3.347927456235766,fdd:3,play 196.00
5:451,141.84741,141.90990981666664,141.90990981666664,141.90990981666664,0.06249981666664439,145.23392735875711,3.386517358757118,fdd:2,play 293.66
5:452,141.92893149999998,141.92893149999998,141.92893149999998,141.94990981666666,0.02097831666668526,145.31110716379982,3.382175663799842,fdd:1,play 146.83
5:453,141.92893149999998,141.99143131666665,141.99143131666665,141.99143131666665,0.062499816666672814,145.34969706632117,3.4207655663211938,fdd:1,play 293.66
5:454,142.01045299999998,142.01045299999998,142.01045299999998,142.03143131666667,0.02097831666668526,145.42687687136387,3.4164238713638895,fdd:2,play 146.83
3:272,142.01045299999998,142.05393113333332,142.05393113333332,142.0714313166667,0.06097831666670572,145.50405667640658,3.493603676406593,fdd:1,play 196.00
5:455,142.01045299999998,142.07295281666666,142.07295281666666,142.0914313166667,0.08097831666671595,145.54264657892793,3.532193578927945,fdd:2,play 293.66
5:456,142.0919745,142.0919745,142.0919745,142.1114313166667,0.01945681666671817,145.58123648144928,3.489261981449289,fdd:3,play 146.83
5:457,142.0919745,142.15447431666664,142.15447431666664,142.15447431666664,0.06249981666664439,145.61982638397063,3.5278518839706408,fdd:3,play 293.66
4:152,142.17349599999997,142.17349599999997,142.17349599999997,142.23447431666668,0.06097831666670572,145.7355960915347,3.5621000915347167,drum:1,drum_on 196.00
3:273,142.17349599999997,142.17349599999997,142.17349599999997,142.2544743166667,0.08097831666671595,145.81277589657736,3.639279896577392,fdd:1,play 130.81
5:459,142.17349599999997,142.17349599999997,142.17349599999997,142.2744743166667,0.10097831666672619,145.85136579909872,3.677869799098744,fdd:2,play 293.66
5:458,142.17349599999997,142.23599599999997,142.23599599999997,142.2944743166667,0.12097831666673642,145.88995570162007,3.7164597016200958,fdd:1,play 146.83
5:460,142.25501749999998,142.25501749999998,142.25501749999998,142.33447431666673,0.07945681666674886,145.96713550666277,3.7121180066627915,fdd:3,play 146.83
5:461,142.25501749999998,142.31751731666665,142.31751731666665,142.35447431666674,0.0994568166667591,146.00572540918412,3.7507079091841433,fdd:3,play 293.66
5:462,142.336539,142.336539,142.336539,142.39447431666676,0.05793531666677154,146.08290521422683,3.746366214226839,fdd:1,play 146.83
5:463,142.336539,142.39903881666666,142.39903881666666,142.43447431666678,0.097935316666792,146.16008501926953,3.8235460192695427,fdd:1,play 293.66
5:464,142.4180605,142.4180605,142.4180605,142.4544743166668,0.03641381666679422,146.19867492179088,3.7806144217908866,fdd:2,play 146.83
5:465,142.4180605,142.48056031666664,142.48056031666664,142.50056031666665,0.08249981666665462,146.2758547268336,3.8577942268335903,fdd:2,play 293.66
4:153,142.49958199999998,142.49958199999998,142.49958199999998,142.5805603166667,0.08097831666671595,146.39162443439764,3.8920424343976663,drum:1,drum_on 220.00
3:274,142.49958199999998,142.49958199999998,142.49958199999998,142.6005603166667,0.10097831666672619,146.46880423944032,3.9692222394403416,fdd:1,play 130.81
5:467,142.49958199999998,142.49958199999998,142.49958199999998,142.6205603166667,0.12097831666673642,146.50739414196167,4.007812141961693,fdd:3,play 293.66
1:356,142.49958199999998,142.56208181666665,142.56208181666665,142.64056031666672,0.14097831666674665,146.54598404448302,4.046402044483045,fdd:3,play 196.00
5:466,142.49958199999998,142.56208199999998,142.56208199999998,142.66056031666673,0.16097831666675688,146.58457394700437,4.084991947004397,fdd:1,play 146.83
5:468,142.58110349999998,142.58110349999998,142.58110349999998,142.70056031666675,0.11945681666676933,146.66175375204708,4.080650252047093,fdd:2,play 146.83
5:469,142.58110349999998,142.64360331666666,142.64360331666666,142.72056031666676,0.13945681666677956,146.70034365456843,4.119240154568445,fdd:2,play 293.66
5:470,142.662625,142.662625,142.662625,142.76056031666678,0.097935316666792,146.77752345961113,4.11489845961114,fdd:1,play 146.83
5:471,142.662625,142.72512481666666,142.72512481666666,142.7805603166668,0.11793531666680224,146.81611336213248,4.153488362132492,fdd:1,play 293.66
5:472,142.74414649999997,142.74414649999997,142.74414649999997,142.84056031666682,0.09641381666685334,146.93188306969654,4.187736569696568,fdd:2,play 146.83
5:473,142.74414649999997,142.74414649999997,142.74414649999997,142.86056031666683,0.11641381666686357,146.9704729722179,4.22632647221792,fdd:3,play 293.66
4:154,142.82566799999998,142.82566799999998,142.82566799999998,142.96056031666689,0.1348923166669067,147.1248325823033,4.2991645823033195,drum:1,drum_on 196.00
3:275,142.82566799999998,142.82566799999998,142.82566799999998,142.9805603166669,0.15489231666691694,147.20201238734597,4.376344387345995,fdd:1,play 130.81
5:475,142.82566799999998,142.82566799999998,142.82566799999998,143.0005603166669,0.17489231666692717,147.24060228986733,4.414934289867347,fdd:2,play 293.66
1:357,142.82566799999998,142.88816781666665,142.88816781666665,143.02056031666692,0.1948923166669374,147.27919219238868,4.453524192388699,fdd:2,play 130.81
5:474,142.82566799999998,142.88816799999998,142.88816799999998,143.04056031666693,0.21489231666694764,147.31778209491003,4.49211409491005,fdd:1,play 146.83
5:476,142.9071895,142.9071895,142.9071895,143.08056031666695,0.17337081666696008,147.39496189995273,4.487772399952746,fdd:3,play 146.83
5:477,142.9071895,142.96968931666666,142.96968931666666,143.10056031666696,0.1933708166669703,147.43355180247408,4.526362302474098,fdd:3,play 293.66
5:478,142.988711,142.988711,142.988711,143.14056031666698,0.15184931666698276,147.5107316075168,4.522020607516794,fdd:1,play 146.83
5:479,142.988711,143.05121081666664,143.05121081666664,143.160560316667,0.171849316666993,147.54932151003814,4.5606105100381455,fdd:1,play 293.66
5:480,143.07023249999997,143.07023249999997,143.07023249999997,143.200560316667,0.13032781666703386,147.62650131508084,4.55626881508087,fdd:2,play 146.83
5:481,143.07023249999997,143.13273231666665,143.13273231666665,143.24056031666703,0.17032781666705432,147.70368112012355,4.633448620123573,fdd:2,play 293.66
4:155,143.15175399999998,143.15175399999998,143.15175399999998,143.32056031666707,0.16880631666708723,147.8194508276876,4.667696827687621,drum:1,drum_on 233.08
3:276,143.15175399999998,143.15175399999998,143.15175399999998,143.34056031666708,0.18880631666709746,147.89663063273028,4.744876632730296,fdd:1,play 196.00
5:483,143.15175399999998,143.15175399999998,143.15175399999998,143.3605603166671,0.2088063166671077,147.93522053525163,4.783466535251648,fdd:3,play 293.66
5:482,143.15175399999998,143.21425399999998,143.21425399999998,143.3805603166671,0.22880631666711793,147.97381043777298,4.822056437773,fdd:1,play 146.83
5:484,143.2332755,143.2332755,143.2332755,143.42056031666712,0.18728481666713037,148.0509902428157,4.817714742815696,fdd:3,play 146.83
5:485,143.2332755,143.29577531666666,143.29577531666666,143.44056031666713,0.2072848166671406,148.08958014533704,4.8563046453370475,fdd:3,play 293.66
5:486,143.31479699999997,143.31479699999997,143.31479699999997,143.48056031666715,0.16576331666718147,148.16675995037974,4.851962950379772,fdd:1,play 146.83
5:487,143.31479699999997,143.37729681666664,143.37729681666664,143.52056031666717,0.20576331666720193,148.24393975542245,4.929142755422475,fdd:1,play 293.66
5:488,143.39631849999998,143.39631849999998,143.39631849999998,143.54056031666718,0.14424181666720415,148.2825296579438,4.886211157943819,fdd:2,play 146.83
5:489,143.39631849999998,143.45881831666665,143.45881831666665,143.5605603166672,0.16424181666721438,148.32111956046515,4.924801060465171,fdd:2,play 293.66
3:277,143.47784,143.47784,143.47784,143.62056031666722,0.14272031666723706,148.4368892680292,4.959049268029219,fdd:1,play 130.81
5:491,143.47784,143.47784,143.47784,143.64056031666723,0.1627203166672473,148.47547917055056,4.9976391705505705,fdd:3,play 311.13
1:359,143.47784,143.47784,143.47784,143.66056031666724,0.18272031666725752,148.5140690730719,5.036229073071922,fdd:4,play 196.00
1:361,143.47784,143.52131813333332,143.52131813333332,143.68056031666725,0.20272031666726775,148.55265897559326,5.074818975593274,fdd:2,play 311.13
1:358,143.47784,143.54033981666666,143.54033981666666,143.70056031666726,0.22272031666727798,148.5912488781146,5.113408878114626,fdd:3,play 130.81
5:490,143.47784,143.54034,143.54034,143.72056031666727,0.24272031666728822,148.62983878063596,5.151998780635978,fdd:1,play 155.56
1:360,143.47784,143.54034,143.54034,143.74056031666728,0.26272031666729845,148.66842868315732,5.19058868315733,fdd:4,play 261.63
5:493,143.5593615,143.58381813333332,143.58381813333332,143.7605603166673,0.20119881666730066,148.70701858567867,5.147657085678674,fdd:2,play 311.13
5:492,143.5593615,143.60283981666666,143.60283981666666,143.7805603166673,0.2211988166673109,148.74560848820002,5.1862469882000255,fdd:1,play 155.56
5:494,143.64088299999997,143.64088299999997,143.64088299999997,143.82056031666733,0.17967731666735176,148.82278829324272,5.18190529324275,fdd:3,play 155.56
5:495,143.64088299999997,143.70338281666665,143.70338281666665,143.84056031666734,0.199677316667362,148.86137819576408,5.2204951957641015,fdd:3,play 311.13
5:496,143.72240449999998,143.72240449999998,143.72240449999998,143.88056031666736,0.15815581666737444,148.93855800080678,5.216153500806797,fdd:1,play 155.56
5:497,143.72240449999998,143.78490431666665,143.78490431666665,143.9605603166674,0.23815581666741537,149.0929176108922,5.370513110892205,fdd:1,play 311.13
4:156,143.803926,143.803926,143.803926,144.00056031666742,0.1966343166674278,149.13150751341354,5.3275815134135485,drum:1,drum_on 196.00
5:498,143.803926,143.803926,143.803926,144.02056031666743,0.21663431666743804,149.2086873184562,5.404761318456224,fdd:4,play 155.56
5:499,143.803926,143.86642581666666,143.86642581666666,144.04056031666744,0.23663431666744827,149.24727722097757,5.443351220977576,fdd:4,play 311.13
5:500,143.88544749999997,143.88544749999997,143.88544749999997,144.08056031666746,0.19511281666748914,149.32445702602027,5.4390095260203,fdd:1,play 155.56
5:501,143.88544749999997,143.94794731666664,143.94794731666664,144.12056031666748,0.2351128166675096,149.40163683106297,5.5161893310630035,fdd:1,play 311.13
5:502,143.96696899999998,143.96696899999998,143.96696899999998,144.1405603166675,0.17359131666751182,149.44022673358432,5.473257733584347,fdd:2,play 155.56
5:503,143.96696899999998,144.02946881666665,144.02946881666665,144.1605603166675,0.19359131666752205,149.47881663610568,5.511847636105699,fdd:2,play 311.13
5:504,144.04849049999999,144.04849049999999,144.04849049999999,144.20056031666752,0.1520698166675345,149.55599644114838,5.507505941148395,fdd:1,play 155.56
5:505,144.04849049999999,144.11099031666666,144.11099031666666,144.24056031666754,0.19206981666755496,149.63317624619108,5.584685746191099,fdd:1,play 311.13
5:506,144.130012,144.130012,144.130012,144.28056031666756,0.1505483166675674,149.7103560512338,5.580344051233794,fdd:2,play 155.56
5:507,144.130012,144.19251181666664,144.19251181666664,144.30056031666757,0.17054831666757764,149.74894595375514,5.618933953755146,fdd:2,play 311.13
5:508,144.21153349999997,144.21153349999997,144.21153349999997,144.3405603166676,0.1290268166676185,149.82612575879784,5.61459225879787,fdd:1,play 155.56
5:509,144.21153349999997,144.27403331666665,144.27403331666665,144.3605603166676,0.14902681666762874,149.8647156613192,5.653182161319222,fdd:1,play 311.13
5:510,144.29305499999998,144.29305499999998,144.29305499999998,144.40056031666762,0.10750531666764118,149.9418954663619,5.648840466361918,fdd:2,play 155.56
5:511,144.29305499999998,144.35555481666665,144.35555481666665,144.42056031666763,0.1275053166676514,149.98048536888325,5.68743036888327,fdd:2,play 311.13
5:512,144.3745765,144.3745765,144.3745765,144.46056031666765,0.08598381666766386,150.05766517392595,5.683088673925965,fdd:1,play 155.56
5:513,144.3745765,144.43707631666666,144.43707631666666,144.48056031666766,0.10598381666767409,150.0962550764473,5.721678576447317,fdd:1,play 311.13
5:514,144.456098,144.456098,144.456098,144.52056031666768,0.06446231666768654,150.17343488149,5.717336881490013,fdd:2,play 155.56
5:515,144.456098,144.51859781666664,144.51859781666664,144.5405603166677,0.08446231666769677,150.21202478401136,5.755926784011365,fdd:2,play 311.13
5:516,144.53761949999998,144.53761949999998,144.53761949999998,144.58056031666771,0.042940816667737636,150.28920458905407,5.751585089054089,fdd:1,play 155.56
5:517,144.53761949999998,144.60011931666665,144.60011931666665,144.60056031666772,0.06294081666774787,150.32779449157542,5.790174991575441,fdd:1,play 311.13
5:518,144.61914099999998,144.61914099999998,144.61914099999998,144.64056031666775,0.021419316667760313,150.40497429661812,5.7858332966181365,fdd:2,play 155.56
3:278,144.61914099999998,144.66261913333332,144.66261913333332,144.66261913333332,0.04347813333333761,150.44356419913947,5.824423199139488,fdd:1,play 196.00
5:519,144.61914099999998,144.68164081666666,144.68164081666666,144.68261913333333,0.06347813333334784,150.48215410166083,5.86301310166084,fdd:2,play 311.13
5:520,144.7006625,144.7006625,144.7006625,144.70261913333334,0.001956633333350055,150.52074400418218,5.820081504182184,fdd:3,play 155.56
5:521,144.7006625,144.76316231666664,144.76316231666664,144.78316231666665,0.08249981666665462,150.59792380922488,5.897261309224888,fdd:3,play 311.13
3:279,144.78218399999997,144.78218399999997,144.78218399999997,144.84316231666668,0.06097831666670572,150.71369351678894,5.931509516788964,fdd:1,play 130.81
5:523,144.78218399999997,144.78218399999997,144.78218399999997,144.8631623166667,0.08097831666671595,150.7522834193103,5.970099419310316,fdd:2,play 311.13
5:522,144.78218399999997,144.84468399999997,144.84468399999997,144.8831623166667,0.10097831666672619,150.79087332183164,6.0086893218316675,fdd:1,play 155.56
5:524,144.86370549999998,144.86370549999998,144.86370549999998,144.94316231666673,0.07945681666674886,150.9066430293957,6.042937529395715,fdd:2,play 155.56
5:525,144.86370549999998,144.86370549999998,144.86370549999998,144.96316231666674,0.0994568166667591,150.94523293191705,6.081527431917067,fdd:3,play 311.13
5:526,144.945227,144.945227,144.945227,145.00316231666676,0.05793531666677154,151.02241273695975,6.077185736959763,fdd:1,play 155.56
5:527,144.945227,145.00772681666666,145.00772681666666,145.02316231666677,0.07793531666678177,151.0610026394811,6.1157756394811145,fdd:1,play 311.13
5:529,145.0267485,145.0267485,145.0267485,145.0831623166668,0.05641381666680445,151.17677234704516,6.150023847045162,fdd:2,play 311.13
5:528,145.0267485,145.0267485,145.0267485,145.1031623166668,0.07641381666681468,151.2153622495665,6.188613749566514,fdd:3,play 155.56
3:280,145.10826999999998,145.10826999999998,145.10826999999998,145.16316231666684,0.05489231666686578,151.33113195713057,6.22286195713059,fdd:1,play 130.81
5:531,145.10826999999998,145.10826999999998,145.10826999999998,145.18316231666685,0.07489231666687601,151.36972185965192,6.261451859651942,fdd:2,play 311.13
5:530,145.10826999999998,145.17076999999998,145.17076999999998,145.20316231666686,0.09489231666688625,151.40831176217327,6.300041762173294,fdd:1,play 155.56
5:532,145.18979149999998,145.18979149999998,145.18979149999998,145.24316231666688,0.05337081666689869,151.48549156721597,6.295700067215989,fdd:2,play 155.56
5:533,145.18979149999998,145.25229131666666,145.25229131666666,145.2831623166669,0.09337081666691915,151.56267137225868,6.372879872258693,fdd:2,play 311.13
5:534,145.271313,145.271313,145.271313,145.32316231666692,0.0518493166669316,151.63985117730138,6.368538177301389,fdd:1,play 155.56
5:535,145.271313,145.33381281666664,145.33381281666664,145.34316231666693,0.07184931666694183,151.67844107982273,6.407128079822741,fdd:1,play 311.13
5:536,145.35283449999997,145.35283449999997,145.35283449999997,145.38316231666695,0.0303278166669827,151.75562088486544,6.402786384865465,fdd:2,play 155.56
5:537,145.35283449999997,145.41533431666664,145.41533431666664,145.41533431666664,0.062499816666672814,151.7942107873868,6.441376287386817,fdd:2,play 311.13
3:281,145.43435599999998,145.43435599999998,145.43435599999998,145.45533431666667,0.02097831666668526,151.8713905924295,6.437034592429512,fdd:1,play 130.81
5:539,145.43435599999998,145.43435599999998,145.43435599999998,145.47533431666668,0.04097831666669549,151.90998049495084,6.475624494950864,fdd:3,play 311.13
1:364,145.43435599999998,145.49685581666665,145.49685581666665,145.49685581666665,0.062499816666672814,151.9485703974722,6.514214397472216,fdd:3,play 311.13
5:538,145.43435599999998,145.49685599999998,145.49685599999998,145.51685581666666,0.08249981666668305,151.98716029999355,6.552804299993568,fdd:1,play 155.56
5:540,145.5158775,145.5158775,145.5158775,145.55685581666668,0.04097831666669549,152.06434010503625,6.5484626050362635,fdd:2,play 155.56
5:541,145.5158775,145.57837731666666,145.57837731666666,145.57837731666666,0.062499816666672814,152.1029300075576,6.587052507557615,fdd:2,play 311.13
5:542,145.597399,145.597399,145.597399,145.6383773166667,0.04097831666669549,152.21869971512166,6.621300715121663,fdd:1,play 155.56
5:543,145.597399,145.597399,145.597399,145.6583773166667,0.06097831666670572,152.257289617643,6.659890617643015,fdd:3,play 311.13
1:365,145.597399,145.65989881666664,145.65989881666664,145.6783773166667,0.08097831666671595,152.29587952016436,6.698480520164367,fdd:3,play 174.61
5:544,145.67892049999998,145.67892049999998,145.67892049999998,145.71837731666673,0.03945681666675682,152.37305932520707,6.694138825207091,fdd:1,play 155.56
5:545,145.67892049999998,145.74142031666665,145.74142031666665,145.74142031666665,0.062499816666672814,152.41164922772842,6.732728727728443,fdd:1,play 311.13
4:157,145.76044199999998,145.76044199999998,145.76044199999998,145.8214203166667,0.06097831666670572,152.52741893529247,6.76697693529249,drum:1,drum_on 293.66
1:366,145.76044199999998,145.76044199999998,145.76044199999998,145.8414203166667,0.08097831666671595,152.60459874033515,6.8441567403351655,fdd:2,play 196.00
5:546,145.76044199999998,145.76044199999998,145.76044199999998,145.8614203166667,0.10097831666672619,152.6431886428565,6.882746642856517,fdd:3,play 155.56
3:282,145.76044199999998,145.80392013333332,145.80392013333332,145.88142031666672,0.12097831666673642,152.68177854537785,6.921336545377869,fdd:1,play 196.00
5:547,145.76044199999998,145.82294181666666,145.82294181666666,145.90142031666673,0.14097831666674665,152.7203684478992,6.959926447899221,fdd:3,play 311.13
5:548,145.8419635,145.8419635,145.8419635,145.94142031666675,0.0994568166667591,152.7975482529419,6.955584752941917,fdd:2,play 155.56
5:549,145.8419635,145.90446331666664,145.90446331666664,145.96142031666676,0.11945681666676933,152.83613815546326,6.994174655463269,fdd:2,play 311.13
5:550,145.92348499999997,145.92348499999997,145.92348499999997,146.00142031666678,0.0779353166668102,152.91331796050596,6.989832960505993,fdd:1,play 155.56
5:551,145.92348499999997,145.98598481666664,145.98598481666664,146.0214203166668,0.09793531666682043,152.95190786302732,7.028422863027345,fdd:1,play 311.13
5:552,146.00500649999998,146.00500649999998,146.00500649999998,146.08142031666682,0.0764138166668431,153.06767757059137,7.062671070591392,fdd:2,play 155.56
5:553,146.00500649999998,146.00500649999998,146.00500649999998,146.10142031666683,0.09641381666685334,153.10626747311272,7.101260973112744,fdd:3,play 311.13
3:283,146.086528,146.086528,146.086528,146.16142031666686,0.07489231666687601,153.22203718067678,7.135509180676792,fdd:1,play 130.81
5:555,146.086528,146.086528,146.086528,146.18142031666687,0.09489231666688625,153.26062708319813,7.1740990831981435,fdd:2,play 174.61
5:554,146.086528,146.149028,146.149028,146.20142031666688,0.11489231666689648,153.29921698571948,7.212688985719495,fdd:1,play 174.61
5:556,146.1680495,146.1680495,146.1680495,146.2414203166669,0.07337081666690892,153.3763967907622,7.208347290762191,fdd:2,play 174.61
5:557,146.1680495,146.23054931666664,146.23054931666664,146.28142031666692,0.11337081666692939,153.4535765958049,7.285527095804895,fdd:2,play 174.61
5:558,146.24957099999997,146.24957099999997,146.24957099999997,146.32142031666694,0.07184931666697025,153.5307564008476,7.281185400847619,fdd:1,play 174.61
5:559,146.24957099999997,146.24957099999997,146.24957099999997,146.34142031666696,0.09184931666698049,153.56934630336895,7.319775303368971,fdd:3,play 174.61
5:560,146.33109249999998,146.33109249999998,146.33109249999998,146.401420316667,0.07032781666700316,153.685116010933,7.354023510933018,fdd:1,play 174.61
5:561,146.33109249999998,146.33109249999998,146.33109249999998,146.421420316667,0.0903278166670134,153.72370591345435,7.39261341345437,fdd:2,play 174.61
4:158,146.412614,146.412614,146.412614,146.52142031666705,0.10880631666705654,153.87806552353976,7.46545152353977,drum:1,drum_on 261.63
5:562,146.412614,146.412614,146.412614,146.54142031666706,0.12880631666706677,153.95524532858244,7.542631328582445,fdd:1,play 174.61
5:563,146.412614,146.412614,146.412614,146.56142031666707,0.148806316667077,153.9938352311038,7.581221231103797,fdd:2,play 174.61
5:564,146.49413549999997,146.49413549999997,146.49413549999997,146.6414203166671,0.14728481666713833,154.1481948411892,7.654059341189225,fdd:1,play 174.61
5:565,146.49413549999997,146.49413549999997,146.49413549999997,146.66142031666712,0.16728481666714856,154.18678474371055,7.6926492437105765,fdd:2,play 174.61
5:566,146.57565699999998,146.57565699999998,146.57565699999998,146.70142031666714,0.125763316667161,154.26396454875325,7.688307548753272,fdd:1,play 174.61
5:567,146.57565699999998,146.57565699999998,146.57565699999998,146.72142031666715,0.14576331666717124,154.3025544512746,7.726897451274624,fdd:3,play 174.61
5:568,146.6571785,146.6571785,146.6571785,146.78142031666718,0.12424181666719392,154.41832415883866,7.761145658838672,fdd:1,play 174.61
5:569,146.6571785,146.6571785,146.6571785,146.8014203166672,0.14424181666720415,154.45691406136,7.799735561360023,fdd:3,play 174.61
3:284,146.7387,146.7387,146.7387,146.90142031666724,0.1627203166672473,154.64986357396677,7.911163573966775,fdd:1,play 146.83
5:571,146.7387,146.7387,146.7387,146.92142031666725,0.18272031666725752,154.68845347648812,7.949753476488127,fdd:3,play 174.61
1:367,146.7387,146.80119981666664,146.80119981666664,146.94142031666726,0.20272031666726775,154.72704337900947,7.988343379009478,fdd:3,play 311.13
5:570,146.7387,146.8012,146.8012,146.96142031666727,0.22272031666727798,154.76563328153082,8.02693328153083,fdd:1,play 174.61
5:572,146.82022149999997,146.82022149999997,146.82022149999997,146.98142031666728,0.16119881666730862,154.80422318405218,7.984001684052203,fdd:2,play 174.61
5:573,146.82022149999997,146.88272131666665,146.88272131666665,147.0014203166673,0.18119881666731885,154.84281308657353,8.022591586573554,fdd:2,play 174.61
5:574,146.90174299999998,146.90174299999998,146.90174299999998,147.06142031666732,0.15967731666734153,154.95858279413758,8.056839794137602,fdd:1,play 174.61
5:575,146.90174299999998,146.90174299999998,146.90174299999998,147.08142031666733,0.17967731666735176,154.99717269665894,8.095429696658954,fdd:3,play 174.61
5:576,146.9832645,146.9832645,146.9832645,147.14142031666736,0.15815581666737444,155.112942404223,8.129677904223001,fdd:1,play 174.61
5:577,146.9832645,146.9832645,146.9832645,147.16142031666737,0.17815581666738467,155.15153230674434,8.168267806744353,fdd:2,play 174.61
4:159,147.06478599999997,147.06478599999997,147.06478599999997,147.24142031666742,0.176634316667446,155.2673020143084,8.20251601430843,drum:1,drum_on 293.66
5:578,147.06478599999997,147.06478599999997,147.06478599999997,147.26142031666743,0.19663431666745623,155.34448181935107,8.279695819351105,fdd:1,play 174.61
5:579,147.06478599999997,147.06478599999997,147.06478599999997,147.28142031666744,0.21663431666746646,155.38307172187243,8.318285721872456,fdd:2,play 174.61
1:368,147.06478599999997,147.12728581666664,147.12728581666664,147.32142031666746,0.25663431666748693,155.46025152691513,8.39546552691516,fdd:2,play 174.61
5:580,147.14630749999998,147.14630749999998,147.14630749999998,147.36142031666748,0.21511281666749937,155.53743133195783,8.391123831957856,fdd:1,play 174.61
5:581,147.14630749999998,147.14630749999998,147.14630749999998,147.3814203166675,0.2351128166675096,155.57602123447919,8.429713734479208,fdd:3,play 174.61
5:582,147.22782899999999,147.22782899999999,147.22782899999999,147.44142031666752,0.21359131666753228,155.69179094204324,8.463961942043255,fdd:1,play 174.61
5:583,147.22782899999999,147.22782899999999,147.22782899999999,147.46142031666753,0.23359131666754251,155.7303808445646,8.502551844564607,fdd:3,play 174.61
5:584,147.3093505,147.3093505,147.3093505,147.52142031666756,0.2120698166675652,155.84615055212865,8.536800052128655,fdd:1,play 174.61
5:585,147.3093505,147.3093505,147.3093505,147.54142031666757,0.23206981666757542,155.88474045465,8.575389954650007,fdd:3,play 174.61
3:285,147.39087199999997,147.39087199999997,147.39087199999997,147.6214203166676,0.23054831666763675,156.0391000647354,8.648228064735434,fdd:1,play 155.56
5:587,147.39087199999997,147.39087199999997,147.39087199999997,147.64142031666762,0.250548316667647,156.07768996725676,8.686817967256786,fdd:3,play 174.61
5:586,147.39087199999997,147.45337199999997,147.45337199999997,147.66142031666763,0.2705483166676572,156.1162798697781,8.725407869778138,fdd:1,play 174.61
5:589,147.47239349999998,147.47239349999998,147.47239349999998,147.70142031666765,0.22902681666766966,156.19345967482082,8.721066174820834,fdd:2,play 174.61
5:588,147.47239349999998,147.47239349999998,147.47239349999998,147.72142031666766,0.2490268166676799,156.23204957734217,8.759656077342186,fdd:3,play 174.61
5:590,147.553915,147.553915,147.553915,147.7814203166677,0.22750531666770257,156.34781928490622,8.793904284906233,fdd:1,play 174.61
5:591,147.553915,147.553915,147.553915,147.8014203166677,0.2475053166677128,156.38640918742757,8.832494187427585,fdd:2,play 174.61
5:592,147.6354365,147.6354365,147.6354365,147.86142031666773,0.22598381666773548,156.50217889499163,8.866742394991633,fdd:1,play 174.61
5:593,147.6354365,147.6354365,147.6354365,147.88142031666774,0.2459838166677457,156.54076879751298,8.905332297512984,fdd:2,play 174.61
4:160,147.71695799999998,147.71695799999998,147.71695799999998,148.0014203166678,0.2844623166678275,156.73371831011974,9.016760310119764,drum:1,drum_on 261.63
5:594,147.71695799999998,147.71695799999998,147.71695799999998,148.02142031666781,0.30446231666783774,156.81089811516242,9.09394011516244,fdd:1,play 174.61
5:595,147.71695799999998,147.71695799999998,147.71695799999998,148.04142031666782,0.32446231666784797,156.84948801768377,9.132530017683791,fdd:2,play 174.61
5:596,147.79847949999998,147.79847949999998,147.79847949999998,148.10142031666786,0.30294081666787065,156.96525772524782,9.166778225247839,fdd:1,play 174.61
5:597,147.79847949999998,147.79847949999998,147.79847949999998,148.12142031666787,0.3229408166678809,157.00384762776918,9.20536812776919,fdd:2,play 174.61
5:598,147.880001,147.880001,147.880001,148.1814203166679,0.30141931666790356,157.11961733533323,9.239616335333238,fdd:1,play 174.61
5:599,147.880001,147.880001,147.880001,148.2014203166679,0.3214193166679138,157.15820723785458,9.27820623785459,fdd:2,play 174.61
5:600,147.96152249999997,147.96152249999997,147.96152249999997,148.26142031666794,0.2998978166679649,157.27397694541864,9.312454445418666,fdd:1,play 174.61
5:601,147.96152249999997,147.96152249999997,147.96152249999997,148.28142031666795,0.3198978166679751,157.31256684794,9.351044347940018,fdd:2,play 174.61
3:286,148.04304399999998,148.04304399999998,148.04304399999998,148.361420316668,0.31837631666800803,157.4669264580254,9.423882458025417,fdd:1,play 174.61
5:603,148.04304399999998,148.04304399999998,148.04304399999998,148.381420316668,0.33837631666801826,157.50551636054675,9.46247236054677,fdd:2,play 174.61
5:602,148.04304399999998,148.10554399999998,148.10554399999998,148.401420316668,0.3583763166680285,157.5441062630681,9.501062263068121,fdd:1,play 174.61
5:604,148.1245655,148.1245655,148.1245655,148.44142031666803,0.31685481666804094,157.6212860681108,9.496720568110817,fdd:2,play 174.61
5:605,148.1245655,148.18706531666666,148.18706531666666,148.46142031666804,0.33685481666805117,157.65987597063216,9.535310470632169,fdd:2,play 174.61
5:606,148.206087,148.206087,148.206087,148.50142031666806,0.2953333166680636,157.73705577567486,9.530968775674864,fdd:1,play 174.61
5:607,148.206087,148.206087,148.206087,148.52142031666807,0.31533331666807385,157.7756456781962,9.569558678196216,fdd:3,play 174.61
5:608,148.28760849999998,148.28760849999998,148.28760849999998,148.5814203166681,0.29381181666812495,157.89141538576027,9.603806885760292,fdd:1,play 174.61
5:609,148.28760849999998,148.28760849999998,148.28760849999998,148.6014203166681,0.3138118166681352,157.93000528828162,9.642396788281644,fdd:2,play 174.61
5:610,148.36912999999998,148.36912999999998,148.36912999999998,148.66142031666814,0.29229031666815786,158.04577499584568,9.676644995845692,fdd:1,play 174.61
5:611,148.36912999999998,148.36912999999998,148.36912999999998,148.68142031666815,0.3122903166681681,158.08436489836703,9.715234898367044,fdd:3,play 174.61
5:612,148.4506515,148.4506515,148.4506515,148.74142031666818,0.29076881666819077,158.20013460593108,9.749483105931091,fdd:1,play 174.61
5:613,148.4506515,148.4506515,148.4506515,148.7614203166682,0.310768816668201,158.23872450845244,9.788073008452443,fdd:3,play 174.61
5:614,148.53217299999997,148.53217299999997,148.53217299999997,148.84142031666823,0.30924731666826233,158.39308411853784,9.86091111853787,fdd:1,play 174.61
5:615,148.53217299999997,148.53217299999997,148.53217299999997,148.86142031666824,0.32924731666827256,158.4316740210592,9.899501021059223,fdd:3,play 174.61
5:616,148.61369449999998,148.61369449999998,148.61369449999998,148.92142031666828,0.30772581666829524,158.54744372862325,9.93374922862327,fdd:1,play 174.61
5:617,148.61369449999998,148.61369449999998,148.61369449999998,148.94142031666829,0.32772581666830547,158.5860336311446,9.972339131144622,fdd:3,play 174.61
4:161,148.695216,148.695216,148.695216,149.02142031666833,0.3262043166683384,158.70180333870866,10.00658733870867,drum:1,drum_on 392.00
3:287,148.695216,148.695216,148.695216,149.04142031666834,0.3462043166683486,158.77898314375133,10.083767143751345,fdd:1,play 196.00
5:619,148.695216,148.695216,148.695216,149.06142031666835,0.36620431666835884,158.81757304627268,10.122357046272697,fdd:2,play 196.00
1:370,148.695216,148.695216,148.695216,149.08142031666836,0.3862043166683691,158.85616294879404,10.160946948794049,fdd:3,play 146.83
1:372,148.695216,148.695216,148.695216,149.10142031666837,0.4062043166683793,158.8947528513154,10.1995368513154,fdd:4,play 246.94
1:369,148.695216,148.75771581666666,148.75771581666666,149.12142031666838,0.42620431666838954,158.93334275383674,10.238126753836752,fdd:2,play 98.00
5:618,148.695216,148.757716,148.757716,149.1414203166684,0.44620431666839977,158.9719326563581,10.276716656358104,fdd:1,play 196.00
1:371,148.695216,148.757716,148.757716,149.1614203166684,0.46620431666841,159.01052255887944,10.315306558879456,fdd:3,play 196.00
1:373,148.695216,148.757716,148.757716,149.1814203166684,0.48620431666842023,159.0491124614008,10.353896461400808,fdd:4,play 293.66
5:620,148.7767375,148.82021581666666,148.82021581666666,149.20142031666842,0.42468281666842245,159.08770236392215,10.310964863922152,fdd:1,play 196.00
5:621,148.7767375,148.82021581666666,148.82021581666666,149.22142031666843,0.4446828166684327,159.1262922664435,10.349554766443504,fdd:2,play 196.00
5:622,148.85825899999998,148.85825899999998,148.85825899999998,149.26142031666845,0.40316131666847355,159.2034720714862,10.345213071486228,fdd:3,play 196.00
5:623,148.85825899999998,148.92075881666665,148.92075881666665,149.28142031666846,0.4231613166684838,159.24206197400756,10.38380297400758,fdd:3,play 196.00
5:624,148.93978049999998,148.93978049999998,148.93978049999998,149.3414203166685,0.40163981666850646,159.3578316815716,10.418051181571627,fdd:1,play 196.00
5:625,148.93978049999998,148.93978049999998,148.93978049999998,149.3614203166685,0.4216398166685167,159.39642158409296,10.456641084092979,fdd:2,play 196.00
5:626,149.021302,149.021302,149.021302,149.44142031666854,0.4201183166685496,159.55078119417837,10.529479194178379,fdd:1,play 196.00
5:627,149.021302,149.021302,149.021302,149.46142031666855,0.44011831666855983,159.58937109669972,10.56806909669973,fdd:2,play 196.00
5:628,149.10282349999997,149.10282349999997,149.10282349999997,149.52142031666858,0.4185968166686109,159.70514080426378,10.602317304263806,fdd:1,play 196.00
5:629,149.10282349999997,149.10282349999997,149.10282349999997,149.5414203166686,0.43859681666862116,159.74373070678513,10.640907206785158,fdd:2,play 196.00
5:630,149.18434499999998,149.18434499999998,149.18434499999998,149.60142031666862,0.41707531666864384,159.85950041434918,10.675155414349206,fdd:1,play 196.00
5:631,149.18434499999998,149.18434499999998,149.18434499999998,149.62142031666863,0.43707531666865407,159.89809031687054,10.713745316870558,fdd:3,play 196.00
5:632,149.2658665,149.2658665,149.2658665,149.66142031666865,0.3955538166686665,159.97527012191324,10.709403621913253,fdd:1,play 196.00
5:633,149.2658665,149.2658665,149.2658665,149.68142031666866,0.41555381666867675,160.0138600244346,10.747993524434605,fdd:4,play 196.00
5:634,149.347388,149.347388,149.347388,149.78142031666872,0.4340323166687199,160.20680953704135,10.859421537041356,fdd:1,play 196.00
1:376,149.347388,149.347388,149.347388,149.80142031666873,0.4540323166687301,160.2453994395627,10.898011439562708,fdd:2,play 146.83
1:378,149.347388,149.347388,149.347388,149.82142031666874,0.47403231666874035,160.28398934208406,10.93660134208406,fdd:3,play 246.94
5:635,149.347388,149.347388,149.347388,149.84142031666875,0.4940323166687506,160.3225792446054,10.975191244605412,fdd:4,play 196.00
1:375,149.347388,149.40988781666664,149.40988781666664,149.86142031666876,0.5140323166687608,160.36116914712676,11.013781147126764,fdd:1,play 196.00
1:380,149.347388,149.40988781666664,149.40988781666664,149.88142031666877,0.534032316668771,160.3997590496481,11.052371049648116,fdd:4,play 196.00
1:377,149.347388,149.409888,149.409888,149.90142031666878,0.5540323166687813,160.43834895216946,11.090960952169468,fdd:2,play 196.00
1:379,149.347388,149.409888,149.409888,149.9214203166688,0.5740323166687915,160.47693885469081,11.12955085469082,fdd:3,play 293.66
5:636,149.42890949999997,149.47238781666664,149.47238781666664,149.9414203166688,0.5125108166688221,160.51552875721217,11.086619257212192,fdd:1,play 196.00
5:637,149.42890949999997,149.472388,149.472388,149.9614203166688,0.5325108166688324,160.55411865973352,11.125209159733544,fdd:2,play 196.00
5:638,149.51043099999998,149.51043099999998,149.51043099999998,150.00142031666883,0.4909893166688448,160.63129846477622,11.12086746477624,fdd:3,play 196.00
5:639,149.51043099999998,149.57293081666666,149.57293081666666,150.02142031666884,0.510989316668855,160.66988836729757,11.159457367297591,fdd:3,play 196.00
5:640,149.5919525,149.5919525,149.5919525,150.08142031666887,0.48946781666887773,160.78565807486163,11.193705574861639,fdd:1,play 196.00
5:641,149.5919525,149.5919525,149.5919525,150.10142031666888,0.509467816668888,160.82424797738298,11.23229547738299,fdd:2,play 196.00
5:642,149.67347399999997,149.67347399999997,149.67347399999997,150.18142031666892,0.5079463166689493,160.9786075874684,11.305133587468418,fdd:1,play 196.00
5:643,149.67347399999997,149.67347399999997,149.67347399999997,150.20142031666893,0.5279463166689595,161.01719748998974,11.34372348998977,fdd:2,play 196.00
5:644,149.75499549999998,149.75499549999998,149.75499549999998,150.24142031666895,0.48642481666897197,161.09437729503244,11.339381795032466,fdd:1,play 196.00
5:645,149.75499549999998,149.75499549999998,149.75499549999998,150.26142031666896,0.5064248166689822,161.1329671975538,11.377971697553818,fdd:4,play 196.00
3:288,149.836517,149.836517,149.836517,150.341420316669,0.5049033166690151,161.2873268076392,11.450809807639217,fdd:1,play 196.00
5:647,149.836517,149.836517,149.836517,150.361420316669,0.5249033166690253,161.32591671016056,11.48939971016057,fdd:4,play 196.00
5:646,149.836517,149.899017,149.899017,150.40142031666903,0.5649033166690458,161.40309651520326,11.566579515203273,fdd:1,play 196.00
5:648,149.9180385,149.9180385,149.9180385,150.44142031666905,0.5233818166690583,161.48027632024596,11.562237820245969,fdd:4,play 196.00
5:649,149.9180385,149.98053831666664,149.98053831666664,150.46142031666906,0.5433818166690685,161.51886622276731,11.60082772276732,fdd:4,play 196.00
3:289,149.99955999999997,149.99955999999997,149.99955999999997,150.50142031666908,0.5018603166691094,161.59604602781002,11.596486027810045,fdd:1,play 196.00
5:651,149.99955999999997,149.99955999999997,149.99955999999997,150.5214203166691,0.5218603166691196,161.63463593033137,11.635075930331396,fdd:2,play 196.00
1:382,149.99955999999997,149.99955999999997,149.99955999999997,150.5414203166691,0.5418603166691298,161.67322583285272,11.673665832852748,fdd:3,play 146.83
1:385,149.99955999999997,149.99955999999997,149.99955999999997,150.5614203166691,0.56186031666914,161.71181573537407,11.7122557353741,sled:1,play 293.66
1:384,149.99955999999997,150.04303813333328,150.04303813333328,150.58142031666912,0.5818603166691503,161.75040563789543,11.750845637895452,fdd:4,play 246.94
1:381,149.99955999999997,150.06205981666665,150.06205981666665,150.60142031666913,0.6018603166691605,161.78899554041678,11.789435540416804,fdd:2,play 98.00
5:650,149.99955999999997,150.06205999999997,150.06205999999997,150.64142031666915,0.641860316669181,161.86617534545948,11.866615345459508,fdd:1,play 196.00
1:383,149.99955999999997,150.06205999999997,150.06205999999997,150.66142031666917,0.6618603166691912,161.90476524798083,11.90520524798086,fdd:3,play 196.00
5:652,150.08108149999998,150.12455981666665,150.12455981666665,150.68142031666918,0.6003388166691934,161.94335515050219,11.862273650502203,fdd:1,play 196.00
5:653,150.08108149999998,150.12455981666665,150.12455981666665,150.70142031666919,0.6203388166692037,161.98194505302354,11.900863553023555,fdd:2,play 196.00
5:654,150.162603,150.162603,150.162603,150.7414203166692,0.5788173166692161,162.05912485806624,11.89652185806625,fdd:3,play 196.00
5:655,150.162603,150.22510281666666,150.22510281666666,150.76142031666922,0.5988173166692263,162.0977147605876,11.935111760587603,fdd:3,play 196.00
5:656,150.24412449999997,150.24412449999997,150.24412449999997,150.84142031666926,0.5972958166692877,162.252074370673,12.00794987067303,fdd:1,play 196.00
5:657,150.24412449999997,150.24412449999997,150.24412449999997,150.86142031666927,0.6172958166692979,162.29066427319435,12.046539773194382,fdd:2,play 196.00
3:290,150.32564599999998,150.32564599999998,150.32564599999998,150.9414203166693,0.6157743166693308,162.44502388327976,12.119377883279782,fdd:1,play 196.00
5:659,150.32564599999998,150.32564599999998,150.32564599999998,150.96142031666932,0.635774316669341,162.4836137858011,12.157967785801134,fdd:2,play 196.00
1:388,150.32564599999998,150.32564599999998,150.32564599999998,150.98142031666933,0.6557743166693513,162.52220368832246,12.196557688322486,fdd:3,play 146.83
1:390,150.32564599999998,150.32564599999998,150.32564599999998,151.00142031666934,0.6757743166693615,162.56079359084382,12.235147590843837,fdd:4,play 246.94
1:387,150.32564599999998,150.38814581666665,150.38814581666665,151.02142031666935,0.6957743166693717,162.59938349336517,12.27373749336519,fdd:2,play 98.00
5:658,150.32564599999998,150.38814599999998,150.38814599999998,151.04142031666936,0.715774316669382,162.63797339588652,12.312327395886541,fdd:1,play 196.00
1:389,150.32564599999998,150.38814599999998,150.38814599999998,151.06142031666937,0.7357743166693922,162.67656329840787,12.350917298407893,fdd:3,play 196.00
1:391,150.32564599999998,150.38814599999998,150.38814599999998,151.08142031666938,0.7557743166694024,162.71515320092922,12.389507200929245,fdd:4,play 293.66
5:660,150.40716749999999,150.45064581666665,150.45064581666665,151.1014203166694,0.6942528166694046,162.75374310345057,12.346575603450589,fdd:1,play 196.00
5:661,150.40716749999999,150.45064599999998,150.45064599999998,151.1214203166694,0.7142528166694149,162.79233300597193,12.38516550597194,fdd:4,play 196.00
5:662,150.488689,150.488689,150.488689,151.16142031666942,0.6727313166694273,162.86951281101463,12.380823811014636,fdd:2,play 196.00
5:663,150.488689,150.55118881666664,150.55118881666664,151.18142031666943,0.6927313166694375,162.90810271353598,12.419413713535988,fdd:2,play 196.00
5:664,150.57021049999997,150.57021049999997,150.57021049999997,151.24142031666946,0.6712098166694886,163.02387242110004,12.453661921100064,fdd:1,play 196.00
5:665,150.57021049999997,150.57021049999997,150.57021049999997,151.26142031666947,0.6912098166694989,163.0624623236214,12.492251823621416,fdd:3,play 196.00
3:291,150.65173199999998,150.65173199999998,150.65173199999998,151.38142031666953,0.7296883166695523,163.2940017387495,12.642269738749519,fdd:1,play 196.00
5:667,150.65173199999998,150.65173199999998,150.65173199999998,151.40142031666954,0.7496883166695625,163.33259164127085,12.680859641270871,fdd:2,play 196.00
1:394,150.65173199999998,150.65173199999998,150.65173199999998,151.42142031666955,0.7696883166695727,163.3711815437922,12.719449543792223,fdd:3,play 146.83
1:396,150.65173199999998,150.65173199999998,150.65173199999998,151.44142031666956,0.789688316669583,163.40977144631356,12.758039446313575,fdd:4,play 246.94
1:393,150.65173199999998,150.71423181666665,150.71423181666665,151.46142031666957,0.8096883166695932,163.4483613488349,12.796629348834927,fdd:2,play 98.00
5:666,150.65173199999998,150.71423199999998,150.71423199999998,151.48142031666958,0.8296883166696034,163.48695125135626,12.835219251356278,fdd:1,play 196.00
1:395,150.65173199999998,150.71423199999998,150.71423199999998,151.5014203166696,0.8496883166696136,163.5255411538776,12.87380915387763,fdd:3,play 196.00
1:397,150.65173199999998,150.71423199999998,150.71423199999998,151.5214203166696,0.8696883166696239,163.56413105639896,12.912399056398982,fdd:4,play 293.66
5:668,150.7332535,150.77673181666665,150.77673181666665,151.54142031666962,0.8081668166696261,163.60272095892032,12.869467458920326,fdd:1,play 196.00
5:669,150.7332535,150.77673181666665,150.77673181666665,151.56142031666963,0.8281668166696363,163.64131086144167,12.908057361441678,fdd:2,play 196.00
5:670,150.81477499999997,150.81477499999997,150.81477499999997,151.60142031666965,0.7866453166696772,163.71849066648437,12.903715666484402,fdd:3,play 196.00
5:671,150.81477499999997,150.87727481666664,150.87727481666664,151.62142031666966,0.8066453166696874,163.75708056900572,12.942305569005754,fdd:3,play 196.00
5:672,150.89629649999998,150.89629649999998,150.89629649999998,151.6814203166697,0.7851238166697101,163.87285027656978,12.976553776569801,fdd:1,play 196.00
5:673,150.89629649999998,150.89629649999998,150.89629649999998,151.7014203166697,0.8051238166697203,163.91144017909113,13.015143679091153,fdd:4,play 196.00
3:292,150.97781799999998,150.97781799999998,150.97781799999998,151.80142031666975,0.8236023166697635,164.1043896916979,13.126571691697904,fdd:1,play 146.83
1:399,150.97781799999998,150.97781799999998,150.97781799999998,151.82142031666976,0.8436023166697737,164.14297959421924,13.165161594219256,fdd:2,play 98.00
1:401,150.97781799999998,150.97781799999998,150.97781799999998,151.84142031666977,0.8636023166697839,164.1815694967406,13.203751496740608,fdd:3,play 196.00
5:675,150.97781799999998,150.97781799999998,150.97781799999998,151.86142031666978,0.8836023166697942,164.22015939926195,13.24234139926196,fdd:4,play 196.00
1:403,150.97781799999998,151.04031781666666,151.04031781666666,151.8814203166698,0.9036023166698044,164.2587493017833,13.280931301783312,fdd:4,play 293.66
5:674,150.97781799999998,151.04031799999998,151.04031799999998,151.9014203166698,0.9236023166698146,164.29733920430465,13.319521204304664,fdd:1,play 196.00
1:400,150.97781799999998,151.04031799999998,151.04031799999998,151.9214203166698,0.9436023166698249,164.335929106826,13.358111106826016,fdd:2,play 146.83
1:402,150.97781799999998,151.04031799999998,151.04031799999998,151.94142031666982,0.9636023166698351,164.37451900934735,13.396701009347368,fdd:3,play 261.63
5:676,151.0593395,151.10281781666666,151.10281781666666,151.96142031666983,0.9020808166698373,164.4131089118687,13.353769411868711,fdd:1,play 196.00
5:677,151.0593395,151.10281799999998,151.10281799999998,151.98142031666984,0.9220808166698475,164.45169881439006,13.392359314390063,fdd:2,play 196.00
5:678,151.14086099999997,151.14086099999997,151.14086099999997,152.02142031666986,0.8805593166698884,164.52887861943276,13.388017619432787,fdd:3,play 196.00
5:679,151.14086099999997,151.20336081666665,151.20336081666665,152.04142031666987,0.9005593166698986,164.5674685219541,13.42660752195414,fdd:3,play 196.00
5:680,151.22238249999998,151.22238249999998,151.22238249999998,152.1014203166699,0.8790378166699213,164.68323822951817,13.460855729518187,fdd:1,play 196.00
5:681,151.22238249999998,151.22238249999998,151.22238249999998,152.1214203166699,0.8990378166699315,164.72182813203952,13.499445632039539,fdd:2,play 196.00
4:162,151.303904,151.303904,151.303904,152.24142031666997,0.9375163166699849,164.91477764464628,13.61087364464629,drum:1,drum_on 440.00
3:293,151.303904,151.303904,151.303904,152.26142031666998,0.9575163166699951,164.99195744968895,13.688053449688965,fdd:1,play 196.00
5:683,151.303904,151.303904,151.303904,152.28142031667,0.9775163166700054,165.0305473522103,13.726643352210317,fdd:2,play 196.00
1:406,151.303904,151.303904,151.303904,152.30142031667,0.9975163166700156,165.06913725473166,13.765233254731669,fdd:3,play 146.83
1:407,151.303904,151.303904,151.303904,152.32142031667001,1.0175163166700258,165.107727157253,13.80382315725302,fdd:4,play 196.00
1:405,151.303904,151.36640381666666,151.36640381666666,152.34142031667002,1.037516316670036,165.14631705977436,13.842413059774373,fdd:2,play 98.00
5:682,151.303904,151.366404,151.366404,152.36142031667003,1.0575163166700463,165.1849069622957,13.881002962295725,fdd:1,play 196.00
1:409,151.303904,151.366404,151.366404,152.38142031667005,1.0775163166700565,165.22349686481706,13.919592864817076,fdd:3,play 293.66
1:408,151.303904,151.366404,151.366404,152.40142031667006,1.0975163166700668,165.26208676733842,13.958182767338428,fdd:4,play 261.63
5:684,151.3854255,151.42890381666666,151.42890381666666,152.42142031667007,1.035994816670069,165.30067666985977,13.915251169859772,fdd:1,play 196.00
5:685,151.3854255,151.428904,151.428904,152.44142031667008,1.0559948166700792,165.33926657238112,13.953841072381124,fdd:3,play 196.00
5:687,151.46694699999998,151.46694699999998,151.46694699999998,152.5014203166701,1.0344733166701303,165.45503627994518,13.9880892799452,fdd:2,play 196.00
5:686,151.46694699999998,151.46694699999998,151.46694699999998,152.52142031667012,1.0544733166701405,165.49362618246653,14.026679182466552,fdd:4,play 196.00
5:688,151.54846849999998,151.54846849999998,151.54846849999998,152.58142031667015,1.0329518166701632,165.60939589003058,14.0609273900306,fdd:1,play 196.00
5:689,151.54846849999998,151.54846849999998,151.54846849999998,152.60142031667016,1.0529518166701735,165.64798579255194,14.099517292551951,fdd:2,play 196.00
5:690,151.62999,151.62999,151.62999,152.7014203166702,1.0714303166702166,165.8409353051587,14.210945305158702,fdd:1,play 196.00
5:691,151.62999,151.62999,151.62999,152.72142031667022,1.0914303166702268,165.87952520768005,14.249535207680054,fdd:2,play 196.00
1:413,151.62999,151.62999,151.62999,152.74142031667023,1.111430316670237,165.9181151102014,14.288125110201406,fdd:3,play 196.00
1:415,151.62999,151.62999,151.62999,152.76142031667024,1.1314303166702473,165.95670501272275,14.326715012722758,fdd:4,play 293.66
1:411,151.62999,151.69248981666664,151.69248981666664,152.78142031667025,1.1514303166702575,165.9952949152441,14.36530491524411,fdd:1,play 196.00
1:412,151.62999,151.69248981666664,151.69248981666664,152.80142031667026,1.1714303166702678,166.03388481776545,14.403894817765462,fdd:2,play 146.83
1:414,151.62999,151.69249,151.69249,152.82142031667027,1.191430316670278,166.0724747202868,14.442484720286814,fdd:3,play 246.94
1:416,151.62999,151.69249,151.69249,152.84142031667028,1.2114303166702882,166.11106462280816,14.481074622808165,fdd:4,play 196.00
5:692,151.71151149999997,151.75498981666664,151.75498981666664,152.8614203166703,1.1499088166703189,166.1496545253295,14.438143025329538,fdd:1,play 196.00
5:693,151.71151149999997,151.75498981666664,151.75498981666664,152.8814203166703,1.169908816670329,166.18824442785086,14.47673292785089,fdd:2,play 196.00
5:694,151.79303299999998,151.79303299999998,151.79303299999998,152.92142031667032,1.1283873166703415,166.26542423289357,14.472391232893585,fdd:4,play 196.00
5:695,151.79303299999998,151.85553281666665,151.85553281666665,152.94142031667033,1.1483873166703518,166.30401413541492,14.510981135414937,fdd:4,play 196.00
5:696,151.8745545,151.8745545,151.8745545,153.00142031667036,1.1268658166703744,166.41978384297897,14.545229342978985,fdd:1,play 196.00
5:697,151.8745545,151.8745545,151.8745545,153.02142031667037,1.1468658166703847,166.45837374550032,14.583819245500337,fdd:2,play 196.00
4:163,151.956076,151.956076,151.956076,153.16142031667044,1.2053443166704483,166.68991316062844,14.73383716062844,drum:1,drum_on 392.00
5:698,151.956076,151.956076,151.956076,153.18142031667045,1.2253443166704585,166.7670929656711,14.811016965671115,fdd:1,play 196.00
5:699,151.956076,151.956076,151.956076,153.20142031667046,1.2453443166704687,166.80568286819246,14.849606868192467,fdd:2,play 196.00
1:419,151.956076,151.956076,151.956076,153.22142031667047,1.265344316670479,166.84427277071381,14.888196770713819,fdd:3,play 196.00
1:421,151.956076,151.956076,151.956076,153.24142031667049,1.2853443166704892,166.88286267323517,14.92678667323517,fdd:4,play 293.66
1:417,151.956076,152.01857581666664,152.01857581666664,153.2614203166705,1.3053443166704994,166.92145257575652,14.965376575756522,fdd:1,play 196.00
1:418,151.956076,152.01857581666664,152.01857581666664,153.2814203166705,1.3253443166705097,166.96004247827787,15.003966478277874,fdd:2,play 146.83
1:420,151.956076,152.018576,152.018576,153.30142031667052,1.34534431667052,166.99863238079922,15.042556380799226,fdd:3,play 246.94
1:422,151.956076,152.018576,152.018576,153.32142031667053,1.3653443166705301,167.03722228332057,15.081146283320578,fdd:4,play 196.00
5:700,152.03759749999998,152.08107581666664,152.08107581666664,153.34142031667054,1.3038228166705608,167.07581218584193,15.03821468584195,fdd:1,play 196.00
5:701,152.03759749999998,152.08107581666664,152.08107581666664,153.36142031667055,1.323822816670571,167.11440208836328,15.076804588363302,fdd:2,play 196.00
5:702,152.11911899999998,152.11911899999998,152.11911899999998,153.40142031667057,1.2823013166705834,167.19158189340598,15.072462893405998,fdd:3,play 196.00
5:703,152.11911899999998,152.18161881666666,152.18161881666666,153.42142031667058,1.3023013166705937,167.23017179592733,15.11105279592735,fdd:3,play 196.00
5:704,152.2006405,152.2006405,152.2006405,153.4814203166706,1.2807798166706164,167.3459415034914,15.145301003491397,fdd:1,play 196.00
5:705,152.2006405,152.2006405,152.2006405,153.50142031667062,1.3007798166706266,167.38453140601274,15.18389090601275,fdd:2,play 196.00
4:164,152.28216199999997,152.28216199999997,152.28216199999997,153.6414203166707,1.3592583166707186,167.61607082114085,15.33390882114088,drum:1,drum_on 369.99
5:706,152.28216199999997,152.28216199999997,152.28216199999997,153.6614203166707,1.3792583166707288,167.69325062618353,15.411088626183556,fdd:1,play 196.00
5:707,152.28216199999997,152.28216199999997,152.28216199999997,153.6814203166707,1.399258316670739,167.73184052870488,15.449678528704908,fdd:2,play 196.00
1:424,152.28216199999997,152.28216199999997,152.28216199999997,153.70142031667072,1.4192583166707493,167.77043043122623,15.48826843122626,fdd:3,play 146.83
1:425,152.28216199999997,152.28216199999997,152.28216199999997,153.72142031667073,1.4392583166707595,167.80902033374758,15.526858333747612,fdd:4,play 196.00
1:423,152.28216199999997,152.34466181666664,152.34466181666664,153.74142031667074,1.4592583166707698,167.84761023626893,15.565448236268963,fdd:1,play 196.00
1:427,152.28216199999997,152.34466181666664,152.34466181666664,153.76142031667075,1.47925831667078,167.8862001387903,15.604038138790315,fdd:2,play 293.66
1:428,152.28216199999997,152.34466199999997,152.34466199999997,153.78142031667076,1.4992583166707902,167.92479004131164,15.642628041311667,fdd:3,play 196.00
1:426,152.28216199999997,152.34466199999997,152.34466199999997,153.80142031667077,1.5192583166708005,167.963379943833,15.681217943833019,fdd:4,play 246.94
5:708,152.36368349999998,152.40716181666664,152.40716181666664,153.82142031667078,1.4577368166708027,168.00196984635434,15.638286346354363,fdd:1,play 196.00
5:709,152.36368349999998,152.40716181666664,152.40716181666664,153.8414203166708,1.477736816670813,168.0405597488757,15.676876248875715,fdd:2,play 196.00
5:711,152.445205,152.445205,152.445205,153.8814203166708,1.4362153166708254,168.1177395539184,15.67253455391841,fdd:3,play 196.00
3:294,152.445205,152.46966163333332,152.46966163333332,153.90142031667082,1.4562153166708356,168.15632945643975,15.711124456439762,fdd:1,play 196.00
5:713,152.5267265,152.5267265,152.5267265,153.94142031667084,1.414693816670848,168.23350926148245,15.706782761482458,fdd:2,play 196.00
5:710,152.445205,152.53216163333332,152.53216163333332,153.96142031667085,1.5162153166708663,168.2720991640038,15.826894164003818,fdd:1,play 196.00
5:712,152.5267265,152.59466145,152.59466145,154.00142031667087,1.4746938166708787,168.3492789690465,15.822552469046514,fdd:1,play 196.00
5:714,152.60824799999997,152.60824799999997,152.60824799999997,154.0614203166709,1.4531723166709298,168.46504867661056,15.85680067661059,fdd:2,play 196.00
5:715,152.60824799999997,152.60824799999997,152.60824799999997,154.08142031667091,1.47317231667094,168.50363857913192,15.895390579131941,fdd:3,play 196.00
1:430,152.60824799999997,152.60824799999997,152.60824799999997,154.10142031667093,1.4931723166709503,168.54222848165327,15.933980481653293,fdd:4,play 146.83
1:433,152.60824799999997,152.60824799999997,152.60824799999997,154.12142031667094,1.5131723166709605,168.58081838417462,15.972570384174645,sled:1,play 293.66
3:295,152.60824799999997,152.65716126666663,152.65716126666663,154.14142031667095,1.5331723166709708,168.61940828669597,16.011160286695997,fdd:1,play 196.00
1:431,152.60824799999997,152.67074781666665,152.67074781666665,154.16142031667096,1.553172316670981,168.65799818921732,16.04975018921735,fdd:2,play 196.00
1:429,152.60824799999997,152.67074781666665,152.67074781666665,154.18142031667097,1.5731723166709912,168.69658809173868,16.0883400917387,fdd:3,play 98.00
1:432,152.60824799999997,152.67074799999997,152.67074799999997,154.221420316671,1.6131723166710117,168.77376789678138,16.165519896781404,fdd:4,play 246.94
5:716,152.68976949999998,152.71966126666663,152.71966126666663,154.241420316671,1.551650816671014,168.81235779930273,16.12258829930275,fdd:1,play 196.00
5:717,152.68976949999998,152.73324781666665,152.73324781666665,154.261420316671,1.5716508166710241,168.85094770182408,16.1611782018241,fdd:2,play 196.00
3:296,152.771291,152.771291,152.771291,154.32142031667104,1.5501293166710468,168.96671740938814,16.195426409388148,fdd:3,play 110.00
5:719,152.771291,152.771291,152.771291,154.34142031667105,1.570129316671057,169.0053073119095,16.2340163119095,fdd:4,play 196.00
5:718,152.771291,152.833791,152.833791,154.36142031667106,1.5901293166710673,169.04389721443084,16.27260621443085,fdd:3,play 196.00
5:720,152.85281249999997,152.85281249999997,152.85281249999997,154.4214203166711,1.5686078166711184,169.1596669219949,16.306854421994927,fdd:1,play 196.00
5:721,152.85281249999997,152.85281249999997,152.85281249999997,154.4414203166711,1.5886078166711286,169.19825682451625,16.34544432451628,fdd:2,play 196.00
3:297,152.93433399999998,152.93433399999998,152.93433399999998,154.54142031667115,1.6070863166711717,169.391206337123,16.45687233712303,fdd:1,play 196.00
5:723,152.93433399999998,152.93433399999998,152.93433399999998,154.56142031667116,1.627086316671182,169.42979623964436,16.495462239644382,fdd:2,play 196.00
1:438,152.93433399999998,152.93433399999998,152.93433399999998,154.58142031667117,1.6470863166711922,169.4683861421657,16.534052142165734,fdd:3,play 246.94
1:436,152.93433399999998,152.93433399999998,152.93433399999998,154.60142031667118,1.6670863166712024,169.50697604468706,16.572642044687086,fdd:4,play 146.83
1:435,152.93433399999998,152.99683381666665,152.99683381666665,154.6214203166712,1.6870863166712127,169.54556594720842,16.611231947208438,fdd:2,play 98.00
5:722,152.93433399999998,152.99683399999998,152.99683399999998,154.6414203166712,1.707086316671223,169.58415584972977,16.64982184972979,fdd:1,play 196.00
1:439,152.93433399999998,152.99683399999998,152.99683399999998,154.6614203166712,1.7270863166712331,169.62274575225112,16.68841175225114,fdd:3,play 293.66
1:437,152.93433399999998,152.99683399999998,152.99683399999998,154.68142031667122,1.7470863166712434,169.66133565477247,16.727001654772494,fdd:4,play 196.00
5:724,153.0158555,153.05933381666665,153.05933381666665,154.70142031667123,1.6855648166712456,169.69992555729382,16.684070057293837,fdd:1,play 196.00
5:725,153.0158555,153.05933399999998,153.05933399999998,154.72142031667124,1.7055648166712558,169.73851545981518,16.72265995981519,fdd:3,play 196.00
5:727,153.097377,153.097377,153.097377,154.78142031667127,1.6840433166712785,169.85428516737923,16.756908167379237,fdd:2,play 196.00
5:726,153.097377,153.097377,153.097377,154.80142031667128,1.7040433166712887,169.89287506990058,16.79549806990059,fdd:4,play 196.00
5:728,153.17889849999997,153.17889849999997,153.17889849999997,154.8614203166713,1.6825218166713398,170.00864477746464,16.829746277464665,fdd:1,play 196.00
5:729,153.17889849999997,153.17889849999997,153.17889849999997,154.88142031667132,1.70252181667135,170.047234679986,16.868336179986017,fdd:2,play 196.00
4:165,153.26041999999998,153.26041999999998,153.26041999999998,155.0214203166714,1.7610003166714137,170.2787740951141,17.01835409511412,drum:1,drum_on 293.66
5:730,153.26041999999998,153.26041999999998,153.26041999999998,155.0414203166714,1.7810003166714239,170.35595390015678,17.095533900156795,fdd:1,play 196.00
5:731,153.26041999999998,153.26041999999998,153.26041999999998,155.06142031667142,1.8010003166714341,170.39454380267813,17.134123802678147,fdd:2,play 196.00
1:443,153.26041999999998,153.26041999999998,153.26041999999998,155.08142031667143,1.8210003166714444,170.43313370519948,17.1727137051995,fdd:3,play 196.00
1:445,153.26041999999998,153.26041999999998,153.26041999999998,155.10142031667144,1.8410003166714546,170.47172360772083,17.21130360772085,fdd:4,play 293.66
1:441,153.26041999999998,153.32291981666665,153.32291981666665,155.12142031667145,1.8610003166714648,170.51031351024218,17.249893510242202,fdd:1,play 196.00
1:442,153.26041999999998,153.32291981666665,153.32291981666665,155.14142031667146,1.881000316671475,170.54890341276354,17.288483412763554,fdd:2,play 146.83
1:444,153.26041999999998,153.32291999999998,153.32291999999998,155.16142031667147,1.9010003166714853,170.5874933152849,17.327073315284906,fdd:3,play 246.94
1:446,153.26041999999998,153.32291999999998,153.32291999999998,155.18142031667148,1.9210003166714955,170.62608321780624,17.365663217806258,fdd:4,play 196.00
5:732,153.3419415,153.38541981666665,153.38541981666665,155.2014203166715,1.8594788166714977,170.6646731203276,17.322731620327602,fdd:1,play 196.00
5:733,153.3419415,153.38541981666665,153.38541981666665,155.2214203166715,1.879478816671508,170.70326302284894,17.361321522848954,fdd:2,play 196.00
5:734,153.42346299999997,153.42346299999997,153.42346299999997,155.26142031667152,1.8379573166715488,170.78044282789165,17.356979827891678,fdd:3,play 196.00
5:735,153.42346299999997,153.48596281666664,153.48596281666664,155.28142031667153,1.857957316671559,170.819032730413,17.39556973041303,fdd:3,play 196.00
5:736,153.50498449999998,153.50498449999998,153.50498449999998,155.34142031667156,1.8364358166715817,170.93480243797705,17.429817937977077,fdd:1,play 196.00
5:737,153.50498449999998,153.50498449999998,153.50498449999998,155.36142031667157,1.856435816671592,170.9733923404984,17.46840784049843,fdd:4,play 196.00
4:166,153.58650599999999,153.58650599999999,153.58650599999999,155.50142031667164,1.9149143166716556,171.20493175562652,17.618425755626532,drum:1,drum_on 311.13
3:298,153.58650599999999,153.58650599999999,153.58650599999999,155.52142031667165,1.9349143166716658,171.2821115606692,17.695605560669208,fdd:1,play 196.00
1:447,153.58650599999999,153.58650599999999,153.58650599999999,155.54142031667166,1.954914316671676,171.32070146319055,17.73419546319056,fdd:2,play 98.00
5:739,153.58650599999999,153.58650599999999,153.58650599999999,155.56142031667167,1.9749143166716863,171.3592913657119,17.77278536571191,fdd:3,play 196.00
1:449,153.58650599999999,153.58650599999999,153.58650599999999,155.58142031667168,1.9949143166716965,171.39788126823325,17.811375268233263,fdd:4,play 196.00
1:448,153.58650599999999,153.64900581666666,153.64900581666666,155.6014203166717,2.0149143166717067,171.4364711707546,17.849965170754615,fdd:3,play 146.83
5:738,153.58650599999999,153.64900599999999,153.64900599999999,155.6214203166717,2.034914316671717,171.47506107327595,17.888555073275967,fdd:1,play 196.00
1:450,153.58650599999999,153.64900599999999,153.64900599999999,155.6414203166717,2.054914316671727,171.5136509757973,17.92714497579732,fdd:2,play 246.94
1:451,153.58650599999999,153.64900599999999,153.64900599999999,155.66142031667172,2.0749143166717374,171.55224087831866,17.96573487831867,fdd:4,play 293.66
5:740,153.6680275,153.71150581666666,153.71150581666666,155.68142031667173,2.0133928166717396,171.59083078084,17.922803280840014,fdd:1,play 196.00
5:741,153.6680275,153.71150599999999,153.71150599999999,155.70142031667174,2.03339281667175,171.62942068336136,17.961393183361366,fdd:2,play 196.00
5:742,153.74954899999997,153.74954899999997,153.74954899999997,155.74142031667176,1.9918713166717907,171.70660048840406,17.95705148840409,fdd:4,play 196.00
5:743,153.74954899999997,153.81204881666665,153.81204881666665,155.76142031667177,2.011871316671801,171.74519039092542,17.995641390925442,fdd:4,play 196.00
5:744,153.83107049999998,153.83107049999998,153.83107049999998,155.8214203166718,1.9903498166718236,171.86096009848947,18.02988959848949,fdd:1,play 196.00
5:745,153.83107049999998,153.83107049999998,153.83107049999998,155.84142031667182,2.010349816671834,171.89955000101082,18.06847950101084,fdd:2,play 196.00
5:746,153.912592,153.912592,153.912592,155.94142031667187,2.028828316671877,172.09249951361758,18.179907513617593,fdd:1,play 155.56
3:299,153.912592,153.912592,153.912592,155.96142031667188,2.0488283166718873,172.13108941613893,18.218497416138945,fdd:2,play 123.47
1:455,153.912592,153.912592,153.912592,155.9814203166719,2.0688283166718975,172.1696793186603,18.257087318660297,fdd:3,play 246.94
5:747,153.912592,153.912592,153.912592,156.0014203166719,2.0888283166719077,172.20826922118164,18.29567722118165,fdd:4,play 311.13
1:454,153.912592,153.97509181666666,153.97509181666666,156.0214203166719,2.108828316671918,172.246859123703,18.334267123703,fdd:1,play 185.00
1:457,153.912592,153.97509181666666,153.97509181666666,156.04142031667192,2.128828316671928,172.28544902622434,18.372857026224352,fdd:4,play 185.00
1:453,153.912592,153.975092,153.975092,156.06142031667193,2.1488283166719384,172.3240389287457,18.411446928745704,fdd:2,play 123.47
1:456,153.912592,153.975092,153.975092,156.08142031667194,2.1688283166719486,172.36262883126705,18.450036831267056,fdd:3,play 311.13
5:748,153.99411349999997,154.03759181666666,154.03759181666666,156.10142031667195,2.1073068166719793,172.4012187337884,18.407105233788428,fdd:1,play 155.56
5:749,153.99411349999997,154.037592,154.037592,156.12142031667196,2.1273068166719895,172.43980863630975,18.44569513630978,fdd:3,play 311.13
5:750,154.07563499999998,154.07563499999998,154.07563499999998,156.181420316672,2.105785316672012,172.5555783438738,18.479943343873828,fdd:2,play 155.56
5:751,154.07563499999998,154.07563499999998,154.07563499999998,156.201420316672,2.1257853166720224,172.59416824639516,18.51853324639518,fdd:4,play 311.13
5:752,154.15715649999999,154.15715649999999,154.15715649999999,156.24142031667202,2.084263816672035,172.67134805143786,18.514191551437875,fdd:1,play 155.56
5:753,154.15715649999999,154.21965631666666,154.21965631666666,156.26142031667203,2.104263816672045,172.7099379539592,18.552781453959227,fdd:1,play 311.13
5:754,154.238678,154.238678,154.238678,156.32142031667206,2.0827423166720678,172.82570766152327,18.587029661523275,fdd:4,play 155.56
5:755,154.238678,154.30117781666664,154.30117781666664,156.36142031667208,2.1227423166720882,172.90288746656597,18.66420946656598,fdd:4,play 311.13
5:756,154.32019949999997,154.32019949999997,154.32019949999997,156.4014203166721,2.081220816672129,172.98006727160868,18.659867771608702,fdd:1,play 155.56
5:757,154.32019949999997,154.38269931666665,154.38269931666665,156.4214203166721,2.1012208166721393,173.01865717413003,18.698457674130054,fdd:1,play 311.13
5:758,154.40172099999998,154.40172099999998,154.40172099999998,156.44142031667212,2.0396993166721415,173.05724707665138,18.655526076651398,fdd:2,play 155.56
5:759,154.40172099999998,154.46422081666665,154.46422081666665,156.46142031667213,2.059699316672152,173.09583697917273,18.69411597917275,fdd:2,play 311.13
5:760,154.4832425,154.4832425,154.4832425,156.50142031667215,2.0181778166721642,173.17301678421543,18.689774284215446,fdd:1,play 155.56
5:761,154.4832425,154.54574231666666,154.54574231666666,156.56142031667218,2.078177816672195,173.2887864917795,18.8055439917795,fdd:1,play 311.13
4:167,154.56476399999997,154.56476399999997,154.56476399999997,156.62142031667221,2.056656316672246,173.3659662968222,18.801202296822225,drum:1,drum_on 369.99
5:762,154.56476399999997,154.56476399999997,154.56476399999997,156.64142031667222,2.0766563166722563,173.44314610186487,18.8783821018649,fdd:2,play 155.56
1:459,154.56476399999997,154.56476399999997,154.56476399999997,156.66142031667223,2.0966563166722665,173.48173600438622,18.916972004386253,fdd:3,play 123.47
1:461,154.56476399999997,154.56476399999997,154.56476399999997,156.68142031667225,2.1166563166722767,173.52032590690757,18.955561906907604,fdd:4,play 246.94
1:463,154.56476399999997,154.60824213333333,154.60824213333333,156.70142031667226,2.136656316672287,173.55891580942892,18.994151809428956,fdd:1,play 369.99
5:763,154.56476399999997,154.62726381666664,154.62726381666664,156.72142031667227,2.156656316672297,173.59750571195028,19.032741711950308,fdd:2,play 311.13
1:460,154.56476399999997,154.62726399999997,154.62726399999997,156.74142031667228,2.1766563166723074,173.63609561447163,19.07133161447166,fdd:3,play 185.00
1:462,154.56476399999997,154.62726399999997,154.62726399999997,156.7614203166723,2.1966563166723176,173.67468551699298,19.109921516993012,fdd:4,play 311.13
5:764,154.64628549999998,154.67074213333333,154.67074213333333,156.7814203166723,2.13513481667232,173.71327541951433,19.066989919514356,fdd:1,play 155.56
5:767,154.72780699999998,154.72780699999998,154.72780699999998,156.82142031667232,2.0936133166723323,173.79045522455704,19.06264822455705,fdd:3,play 311.13
5:765,154.64628549999998,154.73324195,154.73324195,156.84142031667233,2.1951348166723506,173.8290451270784,19.18275962707841,fdd:1,play 311.13
5:766,154.72780699999998,154.79574176666668,154.79574176666668,156.86142031667234,2.1336133166723528,173.86763502959974,19.139828029599755,fdd:1,play 155.56
5:768,154.8093285,154.8093285,154.8093285,156.92142031667237,2.1120918166723754,173.9834047371638,19.174076237163803,fdd:3,play 155.56
5:769,154.8093285,154.8093285,154.8093285,156.94142031667238,2.1320918166723857,174.02199463968515,19.212666139685155,fdd:4,play 311.13
4:168,154.89084999999997,154.89084999999997,154.89084999999997,157.04142031667243,2.1505703166724572,174.17635424977055,19.285504249770582,drum:1,drum_on 493.88
5:770,154.89084999999997,154.89084999999997,154.89084999999997,157.06142031667244,2.1705703166724675,174.25353405481323,19.362684054813258,fdd:1,play 155.56
5:771,154.89084999999997,154.95334981666664,154.95334981666664,157.08142031667245,2.1905703166724777,174.29212395733458,19.40127395733461,fdd:1,play 311.13
5:773,154.97237149999998,154.97237149999998,154.97237149999998,157.12142031667247,2.14904881667249,174.36930376237729,19.396932262377305,fdd:2,play 311.13
5:772,154.97237149999998,154.97237149999998,154.97237149999998,157.14142031667248,2.1690488166725004,174.40789366489864,19.435522164898657,fdd:3,play 155.56
3:300,155.053893,155.053893,155.053893,157.22142031667252,2.1675273166725333,174.56225327498404,19.508360274984057,fdd:1,play 185.00
5:775,155.053893,155.053893,155.053893,157.24142031667253,2.1875273166725435,174.6008431775054,19.54695017750541,fdd:2,play 311.13
5:774,155.053893,155.116393,155.116393,157.26142031667254,2.2075273166725538,174.63943308002675,19.58554008002676,fdd:1,play 155.56
5:776,155.1354145,155.1354145,155.1354145,157.30142031667256,2.166005816672566,174.71661288506945,19.581198385069456,fdd:2,play 155.56
5:777,155.1354145,155.19791431666664,155.19791431666664,157.34142031667258,2.2060058166725867,174.79379269011216,19.65837819011216,fdd:2,play 311.13
5:778,155.21693599999998,155.21693599999998,155.21693599999998,157.3814203166726,2.1644843166726275,174.87097249515486,19.654036495154884,fdd:1,play 155.56
3:301,155.21693599999998,155.21693599999998,155.21693599999998,157.4014203166726,2.1844843166726378,174.9095623976762,19.692626397676236,fdd:3,play 123.47
1:465,155.21693599999998,155.21693599999998,155.21693599999998,157.42142031667262,2.204484316672648,174.94815230019756,19.731216300197588,fdd:4,play 123.47
1:468,155.21693599999998,155.26041413333328,155.26041413333328,157.44142031667263,2.2244843166726582,174.98674220271891,19.76980620271894,fdd:2,play 311.13
5:779,155.21693599999998,155.27943581666665,155.27943581666665,157.46142031667264,2.2444843166726685,175.02533210524027,19.80839610524029,fdd:1,play 311.13
1:466,155.21693599999998,155.27943599999998,155.27943599999998,157.48142031667265,2.2644843166726787,175.06392200776162,19.846986007761643,fdd:3,play 185.00
1:467,155.21693599999998,155.27943599999998,155.27943599999998,157.50142031667266,2.284484316672689,175.10251191028297,19.885575910282995,fdd:4,play 246.94
5:781,155.29845749999998,155.32291413333328,155.32291413333328,157.52142031667267,2.222962816672691,175.14110181280432,19.84264431280434,fdd:2,play 311.13
5:780,155.29845749999998,155.34193563333332,155.34193563333332,157.54142031667268,2.2429628166727014,175.17969171532567,19.88123421532569,fdd:1,play 155.56
5:782,155.379979,155.379979,155.379979,157.5814203166727,2.201441316672714,175.25687152036838,19.876892520368386,fdd:3,play 155.56
5:783,155.379979,155.44247881666664,155.44247881666664,157.60142031667272,2.221441316672724,175.29546142288973,19.91548242288974,fdd:3,play 311.13
5:784,155.46150049999997,155.46150049999997,155.46150049999997,157.64142031667274,2.179919816672765,175.37264122793243,19.911140727932462,fdd:1,play 155.56
5:785,155.46150049999997,155.52400031666664,155.52400031666664,157.70142031667277,2.2399198166727956,175.4884109354965,20.026910435496518,fdd:1,play 311.13
3:302,155.54302199999998,155.54302199999998,155.54302199999998,157.7414203166728,2.198398316672808,175.5655907405392,20.022568740539214,fdd:2,play 123.47
5:786,155.54302199999998,155.54302199999998,155.54302199999998,157.7614203166728,2.2183983166728183,175.60418064306054,20.061158643060566,fdd:3,play 155.56
5:787,155.54302199999998,155.54302199999998,155.54302199999998,157.7814203166728,2.2383983166728285,175.6427705455819,20.099748545581917,fdd:4,play 311.13
1:474,155.54302199999998,155.58650013333332,155.58650013333332,157.80142031667282,2.2583983166728387,175.68136044810325,20.13833844810327,fdd:1,play 311.13
1:473,155.54302199999998,155.60552181666665,155.60552181666665,157.82142031667283,2.278398316672849,175.7199503506246,20.17692835062462,fdd:3,play 246.94
1:472,155.54302199999998,155.60552181666665,155.60552181666665,157.84142031667284,2.298398316672859,175.75854025314595,20.215518253145973,fdd:4,play 185.00
1:471,155.54302199999998,155.60552199999998,155.60552199999998,157.86142031667285,2.3183983166728694,175.7971301556673,20.254108155667325,fdd:2,play 123.47
5:788,155.6245435,155.64900013333332,155.64900013333332,157.88142031667286,2.2568768166728717,175.83572005818866,20.21117655818867,fdd:1,play 155.56
5:791,155.706065,155.706065,155.706065,157.92142031667288,2.215355316672884,175.91289986323136,20.206834863231364,fdd:3,play 311.13
5:789,155.6245435,155.71149995,155.71149995,157.9414203166729,2.3168768166729024,175.9514897657527,20.326946265752724,fdd:1,play 311.13
5:790,155.706065,155.77399976666666,155.77399976666666,157.9614203166729,2.2553553166729046,175.99007966827406,20.284014668274068,fdd:1,play 155.56
5:792,155.78758649999997,155.78758649999997,155.78758649999997,158.00142031667292,2.2138338166729454,176.06725947331677,20.279672973316792,fdd:3,play 155.56
5:793,155.78758649999997,155.85008631666665,155.85008631666665,158.06142031667295,2.273833816672976,176.18302918088082,20.395442680880848,fdd:3,play 311.13
5:794,155.86910799999998,155.86910799999998,155.86910799999998,158.10142031667297,2.2323123166729886,176.26020898592353,20.391100985923543,fdd:1,play 155.56
1:478,155.86910799999998,155.86910799999998,155.86910799999998,158.12142031667298,2.252312316672999,176.29879888844488,20.429690888444895,fdd:2,play 185.00
1:477,155.86910799999998,155.86910799999998,155.86910799999998,158.141420316673,2.272312316673009,176.33738879096623,20.468280790966247,fdd:4,play 123.47
1:481,155.86910799999998,155.91258613333332,155.91258613333332,158.161420316673,2.2923123166730193,176.37597869348758,20.5068706934876,fdd:3,play 185.00
5:795,155.86910799999998,155.93160781666666,155.93160781666666,158.181420316673,2.3123123166730295,176.41456859600893,20.54546059600895,fdd:1,play 311.13
1:479,155.86910799999998,155.93160799999998,155.93160799999998,158.20142031667302,2.3323123166730397,176.45315849853029,20.584050498530303,fdd:2,play 246.94
1:480,155.86910799999998,155.93160799999998,155.93160799999998,158.22142031667303,2.35231231667305,176.49174840105164,20.622640401051655,fdd:4,play 311.13
5:796,155.9506295,155.99410763333333,155.99410763333333,158.24142031667304,2.290790816673052,176.530338303573,20.579708803573,fdd:1,play 155.56
5:797,155.9506295,155.99410799999998,155.99410799999998,158.26142031667305,2.3107908166730624,176.56892820609434,20.61829870609435,fdd:2,play 311.13
5:798,156.03215099999997,156.03215099999997,156.03215099999997,158.30142031667307,2.2692693166731033,176.64610801113704,20.613957011137074,fdd:3,play 155.56
5:799,156.03215099999997,156.09465081666664,156.09465081666664,158.32142031667308,2.2892693166731135,176.6846979136584,20.652546913658426,fdd:3,play 311.13
5:800,156.11367249999998,156.11367249999998,156.11367249999998,158.3614203166731,2.247747816673126,176.7618777187011,20.648205218701122,fdd:1,play 155.56
5:801,156.11367249999998,156.17617231666665,156.17617231666665,158.42142031667314,2.3077478166731566,176.87764742626516,20.763974926265178,fdd:1,play 311.13
4:169,156.195194,156.195194,156.195194,158.50142031667318,2.3062263166731896,176.9934171338292,20.798223133829225,drum:1,drum_on 440.00
5:802,156.195194,156.195194,156.195194,158.5214203166732,2.3262263166732,177.0705969388719,20.8754029388719,fdd:2,play 155.56
5:803,156.195194,156.195194,156.195194,158.5414203166732,2.34622631667321,177.10918684139324,20.913992841393252,fdd:3,play 311.13
1:483,156.195194,156.195194,156.195194,158.5614203166732,2.3662263166732203,177.1477767439146,20.952582743914604,fdd:4,play 123.47
3:303,156.195194,156.23867213333332,156.23867213333332,158.58142031667322,2.3862263166732305,177.18636664643594,20.991172646435956,fdd:1,play 185.00
1:485,156.195194,156.25769381666666,156.25769381666666,158.60142031667323,2.4062263166732407,177.2249565489573,21.029762548957308,fdd:2,play 246.94
1:486,156.195194,156.25769381666666,156.25769381666666,158.62142031667324,2.426226316673251,177.26354645147865,21.06835245147866,fdd:3,play 311.13
1:484,156.195194,156.257694,156.257694,158.64142031667325,2.446226316673261,177.302136354,21.10694235400001,fdd:4,play 185.00
5:804,156.2767155,156.30117213333332,156.30117213333332,158.66142031667326,2.3847048166732634,177.34072625652135,21.064010756521355,fdd:1,play 155.56
4:170,156.35823699999997,156.35823699999997,156.35823699999997,158.7414203166733,2.3831833166733247,177.4564959640854,21.09825896408543,drum:1,drum_on 392.00
5:807,156.35823699999997,156.35823699999997,156.35823699999997,158.7614203166733,2.403183316673335,177.53367576912808,21.175438769128107,fdd:2,play 311.13
5:805,156.2767155,156.36367194999997,156.36367194999997,158.78142031667332,2.504704816673325,177.57226567164943,21.295550171649438,fdd:1,play 311.13
5:806,156.35823699999997,156.4261717666666,156.4261717666666,158.80142031667333,2.4431833166733554,177.61085557417078,21.25261857417081,fdd:1,play 155.56
5:808,156.43975849999998,156.43975849999998,156.43975849999998,158.86142031667336,2.421661816673378,177.72662528173484,21.286866781734858,fdd:2,play 155.56
5:809,156.43975849999998,156.43975849999998,156.43975849999998,158.88142031667337,2.4416618166733883,177.7652151842562,21.32545668425621,fdd:3,play 311.13
4:171,156.52128,156.52128,156.52128,159.02142031667344,2.500140316673452,177.9967545993843,21.475474599384313,drum:1,drum_on 369.99
5:810,156.52128,156.52128,156.52128,159.04142031667345,2.520140316673462,178.07393440442698,21.55265440442699,fdd:1,play 185.00
3:304,156.52128,156.52128,156.52128,159.06142031667346,2.5401403166734724,178.11252430694833,21.59124430694834,fdd:2,play 123.47
1:489,156.52128,156.52128,156.52128,159.08142031667347,2.5601403166734826,178.15111420946968,21.629834209469692,fdd:3,play 123.47
1:492,156.52128,156.52128,156.52128,159.10142031667348,2.580140316673493,178.18970411199103,21.668424111991044,fdd:4,play 311.13
1:490,156.52128,156.58377981666663,156.58377981666663,159.1214203166735,2.600140316673503,178.2282940145124,21.707014014512396,fdd:1,play 185.00
5:811,156.52128,156.58378,156.58378,159.1414203166735,2.6201403166735133,178.26688391703374,21.745603917033748,fdd:2,play 185.00
1:491,156.52128,156.58378,156.58378,159.1614203166735,2.6401403166735236,178.3054738195551,21.7841938195551,fdd:3,play 246.94
1:493,156.52128,156.58378,156.58378,159.18142031667352,2.660140316673534,178.34406372207644,21.82278372207645,fdd:4,play 185.00
5:812,156.60280149999997,156.64627981666663,156.64627981666663,159.20142031667353,2.5986188166735644,178.3826536245978,21.779852124597824,fdd:1,play 185.00
5:813,156.60280149999997,156.64628,156.64628,159.22142031667354,2.6186188166735747,178.42124352711915,21.818442027119175,fdd:4,play 185.00
5:814,156.68432299999998,156.68432299999998,156.68432299999998,159.26142031667356,2.577097316673587,178.49842333216185,21.81410033216187,fdd:2,play 185.00
5:815,156.68432299999998,156.74682281666665,156.74682281666665,159.28142031667358,2.5970973166735973,178.5370132346832,21.852690234683223,fdd:2,play 185.00
5:816,156.7658445,156.7658445,156.7658445,159.3414203166736,2.57557581667362,178.65278294224726,21.88693844224727,fdd:1,play 185.00
5:817,156.7658445,156.7658445,156.7658445,159.36142031667362,2.5955758166736302,178.6913728447686,21.925528344768622,fdd:4,play 185.00
5:818,156.847366,156.847366,156.847366,159.46142031667367,2.6140543166736734,178.88432235737537,22.036956357375374,fdd:1,play 185.00
5:819,156.847366,156.847366,156.847366,159.48142031667368,2.6340543166736836,178.92291225989672,22.075546259896726,fdd:2,play 185.00
1:498,156.847366,156.847366,156.847366,159.5014203166737,2.654054316673694,178.96150216241807,22.114136162418077,fdd:3,play 311.13
1:497,156.847366,156.847366,156.847366,159.5214203166737,2.674054316673704,179.00009206493942,22.15272606493943,fdd:4,play 246.94
1:496,156.847366,156.90986581666664,156.90986581666664,159.5414203166737,2.6940543166737143,179.03868196746078,22.19131596746078,fdd:1,play 185.00
1:495,156.847366,156.90986581666664,156.90986581666664,159.56142031667372,2.7140543166737245,179.07727186998213,22.229905869982133,fdd:2,play 123.47
1:499,156.847366,156.909866,156.909866,159.58142031667373,2.7340543166737348,179.11586177250348,22.268495772503485,fdd:3,play 185.00
1:500,156.847366,156.909866,156.909866,159.60142031667374,2.754054316673745,179.15445167502483,22.307085675024837,fdd:4,play 246.94
5:820,156.92888749999997,156.97236581666664,156.97236581666664,159.62142031667375,2.6925328166737756,179.19304157754618,22.26415407754621,fdd:1,play 185.00
5:821,156.92888749999997,156.97236581666664,156.97236581666664,159.64142031667376,2.712532816673786,179.23163148006753,22.30274398006756,fdd:2,play 185.00
5:822,157.01040899999998,157.01040899999998,157.01040899999998,159.68142031667378,2.6710113166737983,179.30881128511024,22.298402285110257,fdd:3,play 185.00
5:823,157.01040899999998,157.07290881666665,157.07290881666665,159.7014203166738,2.6910113166738086,179.3474011876316,22.33699218763161,fdd:3,play 185.00
5:824,157.0919305,157.0919305,157.0919305,159.76142031667382,2.6694898166738312,179.46317089519565,22.371240395195656,fdd:1,play 185.00
5:825,157.0919305,157.0919305,157.0919305,159.78142031667383,2.6894898166738415,179.501760797717,22.409830297717008,fdd:2,play 185.00
5:826,157.17345199999997,157.17345199999997,157.17345199999997,159.88142031667388,2.707968316673913,179.69471031032376,22.521258310323788,fdd:1,play 185.00
5:827,157.17345199999997,157.17345199999997,157.17345199999997,159.9014203166739,2.7279683166739233,179.7333002128451,22.55984821284514,fdd:2,play 185.00
1:503,157.17345199999997,157.17345199999997,157.17345199999997,159.9214203166739,2.7479683166739335,179.77189011536646,22.59843811536649,fdd:3,play 246.94
1:505,157.17345199999997,157.17345199999997,157.17345199999997,159.9414203166739,2.7679683166739437,179.8104800178878,22.637028017887843,fdd:4,play 185.00
1:502,157.17345199999997,157.23595181666664,157.23595181666664,159.96142031667392,2.787968316673954,179.84906992040916,22.675617920409195,fdd:1,play 185.00
1:501,157.17345199999997,157.23595181666664,157.23595181666664,159.98142031667393,2.807968316673964,179.88765982293052,22.714207822930547,fdd:2,play 123.47
1:504,157.17345199999997,157.23595199999997,157.23595199999997,160.00142031667394,2.8279683166739744,179.92624972545187,22.7527977254519,fdd:3,play 311.13
1:506,157.17345199999997,157.23595199999997,157.23595199999997,160.02142031667395,2.8479683166739846,179.96483962797322,22.79138762797325,fdd:4,play 246.94
5:828,157.25497349999998,157.29845181666664,157.29845181666664,160.04142031667396,2.786446816673987,180.00342953049457,22.748456030494594,fdd:1,play 185.00
5:829,157.25497349999998,157.29845181666664,157.29845181666664,160.06142031667397,2.806446816673997,180.04201943301592,22.787045933015946,fdd:2,play 185.00
5:830,157.33649499999999,157.33649499999999,157.33649499999999,160.101420316674,2.7649253166740095,180.11919923805863,22.782704238058642,fdd:3,play 185.00
5:831,157.33649499999999,157.39899481666666,157.39899481666666,160.121420316674,2.7849253166740198,180.15778914057998,22.821294140579994,fdd:3,play 185.00
5:832,157.4180165,157.4180165,157.4180165,160.18142031667404,2.7634038166740424,180.27355884814403,22.85554234814404,fdd:1,play 185.00
5:833,157.4180165,157.4180165,157.4180165,160.20142031667405,2.7834038166740527,180.3121487506654,22.894132250665393,fdd:2,play 185.00
3:305,157.49953799999997,157.49953799999997,157.49953799999997,160.3014203166741,2.8018823166741242,180.50509826327215,23.005560263272173,fdd:1,play 196.00
5:835,157.49953799999997,157.49953799999997,157.49953799999997,160.3214203166741,2.8218823166741345,180.5436881657935,23.044150165793525,fdd:2,play 185.00
1:507,157.49953799999997,157.49953799999997,157.49953799999997,160.34142031667412,2.8418823166741447,180.58227806831485,23.082740068314877,fdd:3,play 123.47
1:508,157.49953799999997,157.49953799999997,157.49953799999997,160.36142031667413,2.861882316674155,180.6208679708362,23.12132997083623,fdd:4,play 185.00
1:510,157.49953799999997,157.56203781666665,157.56203781666665,160.38142031667414,2.881882316674165,180.65945787335755,23.15991987335758,fdd:2,play 311.13
5:834,157.49953799999997,157.56203799999997,157.56203799999997,160.40142031667415,2.9018823166741754,180.6980477758789,23.198509775878932,fdd:1,play 185.00
1:511,157.49953799999997,157.56203799999997,157.56203799999997,160.42142031667416,2.9218823166741856,180.73663767840026,23.237099678400284,fdd:3,play 185.00
1:509,157.49953799999997,157.56203799999997,157.56203799999997,160.44142031667417,2.941882316674196,180.7752275809216,23.275689580921636,fdd:4,play 246.94
5:836,157.58105949999998,157.62453781666665,157.62453781666665,160.46142031667418,2.880360816674198,180.81381748344296,23.23275798344298,fdd:1,play 185.00
5:837,157.58105949999998,157.62453781666665,157.62453781666665,160.4814203166742,2.9003608166742083,180.8524073859643,23.27134788596433,fdd:2,play 185.00
5:839,157.662581,157.662581,157.662581,160.5214203166742,2.8588393166742208,180.92958719100702,23.267006191007027,fdd:3,play 185.00
3:306,157.662581,157.68703763333332,157.68703763333332,160.54142031667422,2.878839316674231,180.96817709352837,23.30559609352838,fdd:1,play 196.00
5:841,157.74410249999997,157.74410249999997,157.74410249999997,160.58142031667424,2.837317816674272,181.04535689857107,23.301254398571103,fdd:2,play 185.00
5:838,157.662581,157.74953763333332,157.74953763333332,160.60142031667425,2.9388393166742617,181.08394680109242,23.421365801092435,fdd:1,play 185.00
5:840,157.74410249999997,157.81203745,157.81203745,160.66142031667428,2.917317816674313,181.19971650865648,23.45561400865651,fdd:1,play 185.00
5:842,157.82562399999998,157.82562399999998,157.82562399999998,160.7214203166743,2.8957963166743355,181.31548621622053,23.48986221622056,fdd:2,play 185.00
5:843,157.82562399999998,157.82562399999998,157.82562399999998,160.74142031667432,2.9157963166743457,181.3540761187419,23.52845211874191,fdd:3,play 185.00
1:515,157.82562399999998,157.82562399999998,157.82562399999998,160.76142031667433,2.935796316674356,181.39266602126324,23.567042021263262,fdd:4,play 246.94
3:307,157.82562399999998,157.87453726666666,157.87453726666666,160.78142031667434,2.955796316674366,181.4312559237846,23.605631923784614,fdd:1,play 196.00
1:514,157.82562399999998,157.88812381666665,157.88812381666665,160.80142031667435,2.9757963166743764,181.46984582630594,23.644221826305966,fdd:2,play 185.00
1:513,157.82562399999998,157.88812381666665,157.88812381666665,160.82142031667436,2.9957963166743866,181.5084357288273,23.682811728827318,fdd:3,play 123.47
1:516,157.82562399999998,157.88812399999998,157.88812399999998,160.84142031667437,3.015796316674397,181.54702563134865,23.72140163134867,fdd:4,play 311.13
5:844,157.90714549999998,157.93703726666666,157.93703726666666,160.86142031667438,2.954274816674399,181.58561553387,23.678470033870013,fdd:1,play 185.00
5:845,157.90714549999998,157.95062381666665,157.95062381666665,160.8814203166744,2.9742748166744093,181.62420543639135,23.717059936391365,fdd:2,play 185.00
3:308,157.988667,157.988667,157.988667,160.94142031667442,2.952753316674432,181.7399751439554,23.751308143955413,fdd:3,play 110.00
5:847,157.988667,157.988667,157.988667,160.96142031667443,2.972753316674442,181.77856504647676,23.789898046476765,fdd:4,play 185.00
5:846,157.988667,158.051167,158.051167,160.98142031667444,2.9927533166744524,181.8171549489981,23.828487948998117,fdd:3,play 185.00
5:848,158.07018849999997,158.07018849999997,158.07018849999997,161.04142031667448,2.9712318166745035,181.93292465656216,23.862736156562192,fdd:1,play 185.00
5:849,158.07018849999997,158.07018849999997,158.07018849999997,161.06142031667449,2.9912318166745138,181.97151455908352,23.901326059083544,fdd:2,play 185.00
3:309,158.15170999999998,158.15170999999998,158.15170999999998,161.16142031667454,3.009710316674557,182.16446407169028,24.012754071690296,fdd:1,play 196.00
5:851,158.15170999999998,158.15170999999998,158.15170999999998,161.18142031667455,3.029710316674567,182.20305397421163,24.051343974211647,fdd:2,play 185.00
1:521,158.15170999999998,158.15170999999998,158.15170999999998,161.20142031667456,3.0497103166745774,182.24164387673298,24.089933876733,fdd:3,play 246.94
1:520,158.15170999999998,158.15170999999998,158.15170999999998,161.22142031667457,3.0697103166745876,182.28023377925433,24.12852377925435,fdd:4,play 185.00
1:519,158.15170999999998,158.21420981666665,158.21420981666665,161.24142031667458,3.089710316674598,182.31882368177568,24.167113681775703,fdd:2,play 123.47
5:850,158.15170999999998,158.21420999999998,158.21420999999998,161.2614203166746,3.109710316674608,182.35741358429703,24.205703584297055,fdd:1,play 185.00
1:522,158.15170999999998,158.21420999999998,158.21420999999998,161.2814203166746,3.1297103166746183,182.3960034868184,24.244293486818407,fdd:3,play 311.13
1:523,158.15170999999998,158.21420999999998,158.21420999999998,161.3014203166746,3.1497103166746285,182.43459338933974,24.28288338933976,fdd:4,play 185.00
5:852,158.2332315,158.27670981666665,158.27670981666665,161.32142031667462,3.0881888166746307,182.4731832918611,24.239951791861102,fdd:1,play 185.00
5:853,158.2332315,158.27670981666665,158.27670981666665,161.34142031667463,3.108188816674641,182.51177319438244,24.278541694382454,fdd:2,play 185.00
5:854,158.314753,158.314753,158.314753,161.38142031667465,3.0666673166746534,182.58895299942515,24.27419999942515,fdd:3,play 185.00
5:855,158.314753,158.37725281666664,158.37725281666664,161.40142031667466,3.0866673166746637,182.6275429019465,24.312789901946502,fdd:3,play 185.00
5:856,158.39627449999998,158.39627449999998,158.39627449999998,161.4614203166747,3.0651458166747148,182.74331260951055,24.347038109510578,fdd:1,play 185.00
5:857,158.39627449999998,158.39627449999998,158.39627449999998,161.4814203166747,3.085145816674725,182.7819025120319,24.38562801203193,fdd:2,play 185.00
5:858,158.47779599999998,158.47779599999998,158.47779599999998,161.58142031667475,3.103624316674768,182.97485202463866,24.49705602463868,fdd:1,play 185.00
5:859,158.47779599999998,158.47779599999998,158.47779599999998,161.60142031667476,3.1236243166747784,183.01344192716002,24.535645927160033,fdd:2,play 185.00
1:527,158.47779599999998,158.47779599999998,158.47779599999998,161.62142031667477,3.1436243166747886,183.05203182968137,24.574235829681385,fdd:3,play 246.94
1:529,158.47779599999998,158.47779599999998,158.47779599999998,161.64142031667478,3.163624316674799,183.09062173220272,24.612825732202737,fdd:4,play 185.00
1:526,158.47779599999998,158.54029581666666,158.54029581666666,161.6614203166748,3.183624316674809,183.12921163472407,24.65141563472409,fdd:1,play 185.00
1:525,158.47779599999998,158.54029581666666,158.54029581666666,161.6814203166748,3.2036243166748193,183.16780153724542,24.69000553724544,fdd:2,play 123.47
1:528,158.47779599999998,158.54029599999998,158.54029599999998,161.7014203166748,3.2236243166748295,183.20639143976678,24.728595439766792,fdd:3,play 311.13
1:530,158.47779599999998,158.54029599999998,158.54029599999998,161.72142031667482,3.2436243166748397,183.24498134228813,24.767185342288144,fdd:4,play 246.94
5:860,158.5593175,158.60279581666666,158.60279581666666,161.74142031667483,3.182102816674842,183.28357124480948,24.724253744809488,fdd:1,play 185.00
5:861,158.5593175,158.60279581666666,158.60279581666666,161.76142031667484,3.202102816674852,183.32216114733083,24.76284364733084,fdd:2,play 185.00
5:862,158.64083899999997,158.64083899999997,158.64083899999997,161.80142031667486,3.160581316674893,183.39934095237354,24.758501952373564,fdd:3,play 185.00
5:863,158.64083899999997,158.70333881666664,158.70333881666664,161.82142031667487,3.1805813166749033,183.4379308548949,24.797091854894916,fdd:3,play 185.00
5:864,158.72236049999998,158.72236049999998,158.72236049999998,161.8814203166749,3.159059816674926,183.55370056245894,24.831340062458963,fdd:1,play 185.00
5:865,158.72236049999998,158.72236049999998,158.72236049999998,161.90142031667492,3.179059816674936,183.5922904649803,24.869929964980315,fdd:2,play 185.00
3:310,158.803882,158.803882,158.803882,162.00142031667497,3.1975383166749793,183.78523997758705,24.981357977587066,fdd:1,play 185.00
1:532,158.803882,158.803882,158.803882,162.02142031667498,3.2175383166749896,183.8238298801084,25.01994788010842,fdd:2,play 185.00
1:534,158.803882,158.803882,158.803882,162.041420316675,3.237538316675,183.86241978262976,25.05853778262977,fdd:3,play 311.13
5:867,158.803882,158.803882,158.803882,162.061420316675,3.25753831667501,183.9010096851511,25.097127685151122,fdd:4,play 185.00
1:531,158.803882,158.86638181666666,158.86638181666666,162.081420316675,3.2775383166750203,183.93959958767246,25.135717587672474,fdd:4,play 123.47
5:866,158.803882,158.866382,158.866382,162.10142031667502,3.2975383166750305,183.9781894901938,25.174307490193826,fdd:1,play 185.00
1:533,158.803882,158.866382,158.866382,162.12142031667503,3.3175383166750407,184.01677939271516,25.212897392715178,fdd:2,play 246.94
1:535,158.803882,158.866382,158.866382,162.14142031667504,3.337538316675051,184.05536929523652,25.25148729523653,fdd:3,play 185.00
5:868,158.8854035,158.92888181666666,158.92888181666666,162.16142031667505,3.276016816675053,184.09395919775787,25.208555697757873,fdd:1,play 185.00
5:869,158.8854035,158.928882,158.928882,162.18142031667506,3.2960168166750634,184.13254910027922,25.247145600279225,fdd:2,play 185.00
5:870,158.96692499999997,158.96692499999997,158.96692499999997,162.22142031667508,3.2544953166751043,184.20972890532192,25.24280390532195,fdd:3,play 185.00
5:871,158.96692499999997,159.02942481666665,159.02942481666665,162.2414203166751,3.2744953166751145,184.24831880784328,25.2813938078433,fdd:3,play 185.00
5:872,159.04844649999998,159.04844649999998,159.04844649999998,162.30142031667512,3.252973816675137,184.36408851540733,25.31564201540735,fdd:1,play 185.00
5:873,159.04844649999998,159.04844649999998,159.04844649999998,162.32142031667513,3.2729738166751474,184.40267841792868,25.3542319179287,fdd:2,play 185.00
4:172,159.129968,159.129968,159.129968,162.4414203166752,3.311452316675201,184.59562793053544,25.465659930535452,drum:1,drum_on 392.00
3:311,159.129968,159.129968,159.129968,162.4614203166752,3.331452316675211,184.67280773557812,25.542839735578127,fdd:1,play 130.81
5:875,159.129968,159.129968,159.129968,162.4814203166752,3.3514523166752213,184.71139763809947,25.58142963809948,fdd:2,play 329.63
1:538,159.129968,159.129968,159.129968,162.50142031667522,3.3714523166752315,184.74998754062082,25.62001954062083,fdd:3,play 196.00
1:537,159.129968,159.19246781666664,159.19246781666664,162.52142031667523,3.3914523166752417,184.78857744314217,25.658609443142183,fdd:2,play 130.81
5:874,159.129968,159.192468,159.192468,162.54142031667524,3.411452316675252,184.82716734566353,25.697199345663535,fdd:1,play 164.81
1:539,159.129968,159.192468,159.192468,162.56142031667525,3.431452316675262,184.86575724818488,25.735789248184886,fdd:3,play 261.63
5:876,159.21148949999997,159.21148949999997,159.21148949999997,162.58142031667526,3.369930816675293,184.90434715070623,25.69285765070626,fdd:4,play 164.81
5:877,159.21148949999997,159.27398931666664,159.27398931666664,162.60142031667527,3.389930816675303,184.94293705322758,25.73144755322761,fdd:4,play 329.63
5:878,159.29301099999998,159.29301099999998,159.29301099999998,162.6614203166753,3.3684093166753257,185.05870676079164,25.765695760791658,fdd:1,play 164.81
5:879,159.29301099999998,159.29301099999998,159.29301099999998,162.68142031667531,3.388409316675336,185.097296663313,25.80428566331301,fdd:2,play 329.63
5:880,159.3745325,159.3745325,159.3745325,162.72142031667534,3.3468878166753484,185.1744764683557,25.799943968355706,fdd:1,play 164.81
5:881,159.3745325,159.43703231666666,159.43703231666666,162.76142031667536,3.386887816675369,185.2516562733984,25.87712377339841,fdd:1,play 329.63
5:882,159.456054,159.456054,159.456054,162.80142031667538,3.3453663166753813,185.3288360784411,25.872782078441105,fdd:2,play 164.81
5:883,159.456054,159.456054,159.456054,162.8214203166754,3.3653663166753915,185.36742598096245,25.911371980962457,fdd:3,play 329.63
5:884,159.53757549999997,159.53757549999997,159.53757549999997,162.88142031667542,3.3438448166754426,185.4831956885265,25.945620188526533,fdd:1,play 164.81
5:885,159.53757549999997,159.60007531666665,159.60007531666665,162.90142031667543,3.363844816675453,185.52178559104786,25.984210091047885,fdd:1,play 329.63
5:886,159.61909699999998,159.61909699999998,159.61909699999998,162.96142031667546,3.3423233166754756,185.63755529861191,26.018458298611932,fdd:2,play 164.81
5:887,159.61909699999998,159.61909699999998,159.61909699999998,162.98142031667547,3.362323316675486,185.67614520113327,26.057048201133284,fdd:3,play 329.63
5:888,159.7006185,159.7006185,159.7006185,163.0214203166755,3.3208018166754982,185.75332500617597,26.05270650617598,fdd:1,play 164.81
5:889,159.7006185,159.7006185,159.7006185,163.0414203166755,3.3408018166755085,185.79191490869732,26.091296408697332,fdd:4,play 329.63
5:890,159.78213999999997,159.78213999999997,159.78213999999997,163.12142031667554,3.33928031667557,185.94627451878273,26.16413451878276,fdd:1,play 164.81
1:542,159.78213999999997,159.78213999999997,159.78213999999997,163.14142031667555,3.35928031667558,185.98486442130408,26.20272442130411,fdd:2,play 261.63
1:540,159.78213999999997,159.78213999999997,159.78213999999997,163.16142031667556,3.3792803166755903,186.02345432382543,26.241314323825463,fdd:4,play 130.81
5:891,159.78213999999997,159.84463981666664,159.84463981666664,163.20142031667558,3.4192803166756107,186.10063412886814,26.318494128868167,fdd:1,play 329.63
1:541,159.78213999999997,159.84463999999997,159.84463999999997,163.2214203166756,3.439280316675621,186.1392240313895,26.35708403138952,fdd:4,play 196.00
5:892,159.86366149999998,159.86366149999998,159.86366149999998,163.2614203166756,3.3977588166756334,186.2164038364322,26.352742336432215,fdd:2,play 164.81
5:893,159.86366149999998,159.92616131666665,159.92616131666665,163.28142031667562,3.4177588166756436,186.25499373895354,26.391332238953567,fdd:2,play 329.63
5:894,159.945183,159.945183,159.945183,163.32142031667564,3.376237316675656,186.33217354399625,26.386990543996262,fdd:1,play 164.81
5:895,159.945183,160.00768281666666,160.00768281666666,163.34142031667565,3.3962373166756663,186.3707634465176,26.425580446517614,fdd:1,play 329.63
5:896,160.0267045,160.0267045,160.0267045,163.38142031667567,3.3547158166756788,186.4479432515603,26.42123875156031,fdd:2,play 164.81
5:897,160.0267045,160.08920431666664,160.08920431666664,163.4214203166757,3.394715816675699,186.525123056603,26.498418556603013,fdd:2,play 329.63
5:898,160.10822599999997,160.10822599999997,160.10822599999997,163.4614203166757,3.35319431667574,186.6023028616457,26.494076861645738,fdd:1,play 164.81
5:899,160.10822599999997,160.17072581666665,160.17072581666665,163.48142031667572,3.3731943166757503,186.64089276416706,26.53266676416709,fdd:1,play 329.63
5:900,160.18974749999998,160.18974749999998,160.18974749999998,163.52142031667574,3.3316728166757628,186.71807256920977,26.528325069209785,fdd:2,play 164.81
5:901,160.18974749999998,160.25224731666665,160.25224731666665,163.54142031667575,3.351672816675773,186.75666247173112,26.566914971731137,fdd:2,play 329.63
3:312,160.271269,160.271269,160.271269,163.58142031667577,3.3101513166757854,186.83384227677382,26.562573276773833,fdd:1,play 196.00
5:903,160.271269,160.271269,160.271269,163.60142031667579,3.3301513166757957,186.87243217929517,26.601163179295185,fdd:3,play 329.63
5:902,160.271269,160.333769,160.333769,163.6214203166758,3.350151316675806,186.91102208181653,26.639753081816536,fdd:1,play 164.81
5:904,160.35279049999997,160.35279049999997,160.35279049999997,163.68142031667583,3.328629816675857,187.02679178938058,26.674001289380612,fdd:2,play 164.81
5:905,160.35279049999997,160.35279049999997,160.35279049999997,163.70142031667584,3.3486298166758672,187.06538169190193,26.712591191901964,fdd:3,play 329.63
3:313,160.43431199999998,160.43431199999998,160.43431199999998,163.78142031667588,3.3471083166759,187.21974130198734,26.785429301987364,fdd:1,play 130.81
1:543,160.43431199999998,160.43431199999998,160.43431199999998,163.8014203166759,3.3671083166759104,187.2583312045087,26.824019204508716,fdd:2,play 130.81
5:907,160.43431199999998,160.43431199999998,160.43431199999998,163.8214203166759,3.3871083166759206,187.29692110703004,26.862609107030067,fdd:3,play 329.63
1:545,160.43431199999998,160.49681181666665,160.49681181666665,163.8414203166759,3.407108316675931,187.3355110095514,26.90119900955142,fdd:3,play 261.63
5:906,160.43431199999998,160.49681199999998,160.49681199999998,163.86142031667592,3.427108316675941,187.37410091207275,26.93978891207277,fdd:1,play 164.81
1:544,160.43431199999998,160.49681199999998,160.49681199999998,163.88142031667593,3.4471083166759513,187.4126908145941,26.978378814594123,fdd:2,play 196.00
5:908,160.51583349999999,160.51583349999999,160.51583349999999,163.90142031667594,3.3855868166759535,187.45128071711545,26.935447217115467,fdd:4,play 164.81
5:909,160.51583349999999,160.57833331666666,160.57833331666666,163.92142031667595,3.4055868166759637,187.4898706196368,26.97403711963682,fdd:4,play 329.63
5:910,160.597355,160.597355,160.597355,163.98142031667598,3.3840653166759864,187.60564032720086,27.008285327200866,fdd:1,play 164.81
5:911,160.597355,160.597355,160.597355,164.001420316676,3.4040653166759967,187.6442302297222,27.046875229722218,fdd:2,play 329.63
5:912,160.67887649999997,160.67887649999997,160.67887649999997,164.041420316676,3.3625438166760375,187.72141003476492,27.042533534764942,fdd:1,play 164.81
5:913,160.67887649999997,160.74137631666665,160.74137631666665,164.08142031667603,3.402543816676058,187.79858983980762,27.119713339807646,fdd:1,play 329.63
5:914,160.76039799999998,160.76039799999998,160.76039799999998,164.14142031667606,3.3810223166760807,187.91435954737167,27.153961547371694,fdd:2,play 164.81
5:915,160.76039799999998,160.76039799999998,160.76039799999998,164.16142031667607,3.401022316676091,187.95294944989303,27.192551449893045,fdd:3,play 329.63
1:548,160.76039799999998,160.76039799999998,160.76039799999998,164.18142031667608,3.421022316676101,187.99153935241438,27.231141352414397,fdd:4,play 261.63
3:314,160.76039799999998,160.80387613333332,160.80387613333332,164.2014203166761,3.4410223166761114,188.03012925493573,27.26973125493575,fdd:1,play 130.81
1:546,160.76039799999998,160.82289781666665,160.82289781666665,164.2214203166761,3.4610223166761216,188.06871915745708,27.3083211574571,fdd:2,play 130.81
1:547,160.76039799999998,160.82289781666665,160.82289781666665,164.2414203166761,3.481022316676132,188.10730905997843,27.346911059978453,fdd:3,play 196.00
5:916,160.8419195,160.8419195,160.8419195,164.28142031667613,3.4395008166761443,188.18448886502114,27.34256936502115,fdd:4,play 164.81
5:917,160.8419195,160.90441931666666,160.90441931666666,164.30142031667614,3.4595008166761545,188.2230787675425,27.3811592675425,fdd:4,play 329.63
5:918,160.92344099999997,160.92344099999997,160.92344099999997,164.34142031667616,3.4179793166761954,188.3002585725852,27.376817572585225,fdd:1,play 164.81
5:919,160.92344099999997,160.98594081666664,160.98594081666664,164.36142031667617,3.4379793166762056,188.33884847510654,27.415407475106576,fdd:1,play 329.63
5:920,161.00496249999998,161.00496249999998,161.00496249999998,164.4214203166762,3.4164578166762283,188.4546181826706,27.449655682670624,fdd:3,play 164.81
5:921,161.00496249999998,161.00496249999998,161.00496249999998,164.44142031667621,3.4364578166762385,188.49320808519195,27.488245585191976,fdd:4,play 329.63
5:922,161.08648399999998,161.08648399999998,161.08648399999998,164.54142031667627,3.4549363166762816,188.6861575977987,27.599673597798727,fdd:1,play 164.81
1:551,161.08648399999998,161.08648399999998,161.08648399999998,164.56142031667628,3.474936316676292,188.72474750032006,27.63826350032008,fdd:2,play 261.63
1:549,161.08648399999998,161.08648399999998,161.08648399999998,164.5814203166763,3.494936316676302,188.76333740284142,27.67685340284143,fdd:4,play 130.81
5:923,161.08648399999998,161.14898381666666,161.14898381666666,164.6014203166763,3.5149363166763123,188.80192730536277,27.715443305362783,fdd:1,play 329.63
1:550,161.08648399999998,161.14898399999998,161.14898399999998,164.6214203166763,3.5349363166763226,188.84051720788412,27.754033207884135,fdd:4,play 196.00
5:924,161.1680055,161.1680055,161.1680055,164.66142031667633,3.493414816676335,188.91769701292682,27.74969151292683,fdd:2,play 164.81
5:925,161.1680055,161.23050531666664,161.23050531666664,164.70142031667635,3.5334148166763555,188.99487681796953,27.826871317969534,fdd:2,play 329.63
5:926,161.24952699999997,161.24952699999997,161.24952699999997,164.74142031667637,3.4918933166763964,189.07205662301223,27.822529623012258,fdd:1,play 164.81
5:927,161.24952699999997,161.31202681666664,161.31202681666664,164.76142031667638,3.5118933166764066,189.11064652553358,27.86111952553361,fdd:1,play 329.63
5:928,161.33104849999998,161.33104849999998,161.33104849999998,164.8014203166764,3.470371816676419,189.18782633057629,27.856777830576306,fdd:2,play 164.81
5:929,161.33104849999998,161.39354831666665,161.39354831666665,164.84142031667642,3.5103718166764395,189.265006135619,27.93395763561901,fdd:2,play 329.63
3:315,161.41257,161.41257,161.41257,164.88142031667644,3.468850316676452,189.3421859406617,27.929615940661705,fdd:1,play 196.00
5:931,161.41257,161.41257,161.41257,164.90142031667645,3.488850316676462,189.38077584318305,27.968205843183057,fdd:3,play 329.63
1:553,161.41257,161.41257,161.41257,164.92142031667646,3.5088503166764724,189.4193657457044,28.00679574570441,fdd:4,play 196.00
1:552,161.41257,161.47506981666666,161.47506981666666,164.94142031667647,3.5288503166764826,189.45795564822575,28.04538564822576,fdd:3,play 130.81
5:930,161.41257,161.47507,161.47507,164.96142031667648,3.548850316676493,189.4965455507471,28.083975550747112,fdd:1,play 164.81
1:554,161.41257,161.47507,161.47507,164.9814203166765,3.568850316676503,189.53513545326845,28.122565453268464,fdd:4,play 261.63
5:932,161.49409149999997,161.49409149999997,161.49409149999997,165.0214203166765,3.527328816676544,189.61231525831116,28.11822375831119,fdd:2,play 164.81
5:933,161.49409149999997,161.55659131666664,161.55659131666664,165.04142031667652,3.547328816676554,189.6509051608325,28.15681366083254,fdd:2,play 329.63
5:934,161.57561299999998,161.57561299999998,161.57561299999998,165.08142031667654,3.5058073166765666,189.7280849658752,28.152471965875236,fdd:1,play 164.81
5:935,161.57561299999998,161.63811281666665,161.63811281666665,165.10142031667655,3.525807316676577,189.76667486839656,28.191061868396588,fdd:1,play 329.63
5:936,161.65713449999998,161.65713449999998,161.65713449999998,165.16142031667658,3.5042858166765996,189.88244457596062,28.225310075960635,fdd:2,play 164.81
5:937,161.65713449999998,161.65713449999998,161.65713449999998,165.1814203166766,3.52428581667661,189.92103447848197,28.263899978481987,fdd:3,play 329.63
4:173,161.738656,161.738656,161.738656,165.30142031667665,3.562764316676663,190.11398399108873,28.37532799108874,drum:1,drum_on 440.00
3:316,161.738656,161.738656,161.738656,165.32142031667667,3.5827643166766734,190.1911637961314,28.452507796131414,fdd:1,play 130.81
1:555,161.738656,161.738656,161.738656,165.34142031667668,3.6027643166766836,190.22975369865276,28.491097698652766,fdd:2,play 130.81
5:939,161.738656,161.738656,161.738656,165.36142031667669,3.622764316676694,190.2683436011741,28.529687601174118,fdd:3,play 196.00
1:556,161.738656,161.738656,161.738656,165.3814203166767,3.642764316676704,190.30693350369546,28.56827750369547,fdd:4,play 196.00
5:938,161.738656,161.801156,161.801156,165.4014203166767,3.6627643166767143,190.3455234062168,28.60686740621682,fdd:1,play 196.00
1:557,161.738656,161.801156,161.801156,165.42142031667672,3.6827643166767245,190.38411330873816,28.645457308738173,fdd:4,play 261.63
5:940,161.82017749999997,161.82017749999997,161.82017749999997,165.46142031667674,3.6412428166767654,190.46129311378087,28.641115613780897,fdd:2,play 196.00
5:941,161.82017749999997,161.88267731666664,161.88267731666664,165.48142031667675,3.6612428166767756,190.49988301630222,28.67970551630225,fdd:2,play 196.00
5:942,161.90169899999998,161.90169899999998,161.90169899999998,165.54142031667678,3.6397213166767983,190.61565272386628,28.713953723866297,fdd:1,play 196.00
5:943,161.90169899999998,161.90169899999998,161.90169899999998,165.5614203166768,3.6597213166768086,190.65424262638763,28.75254362638765,fdd:3,play 196.00
5:944,161.9832205,161.9832205,161.9832205,165.62142031667682,3.6381998166768312,190.77001233395168,28.786791833951696,fdd:1,play 196.00
5:945,161.9832205,161.9832205,161.9832205,165.64142031667683,3.6581998166768415,190.80860223647304,28.825381736473048,fdd:2,play 196.00
3:317,162.064742,162.064742,162.064742,165.74142031667688,3.6766783166768846,191.0015517490798,28.9368097490798,fdd:1,play 130.81
5:947,162.064742,162.064742,162.064742,165.7614203166769,3.696678316676895,191.04014165160115,28.97539965160115,fdd:2,play 196.00
1:559,162.064742,162.064742,162.064742,165.7814203166769,3.716678316676905,191.0787315541225,29.013989554122503,fdd:3,play 196.00
1:558,162.064742,162.12724181666664,162.12724181666664,165.8014203166769,3.7366783166769153,191.11732145664385,29.052579456643855,fdd:2,play 130.81
5:946,162.064742,162.127242,162.127242,165.82142031667692,3.7566783166769255,191.1559113591652,29.091169359165207,fdd:1,play 196.00
1:560,162.064742,162.127242,162.127242,165.84142031667693,3.7766783166769358,191.19450126168655,29.12975926168656,fdd:3,play 261.63
5:948,162.14626349999998,162.14626349999998,162.14626349999998,165.86142031667694,3.7151568166769664,191.2330911642079,29.08682766420793,fdd:4,play 196.00
5:949,162.14626349999998,162.20876331666665,162.20876331666665,165.88142031667695,3.7351568166769766,191.27168106672926,29.125417566729283,fdd:4,play 196.00
5:950,162.22778499999998,162.22778499999998,162.22778499999998,165.94142031667698,3.7136353166769993,191.3874507742933,29.15966577429333,fdd:1,play 196.00
5:951,162.22778499999998,162.22778499999998,162.22778499999998,165.961420316677,3.7336353166770095,191.42604067681467,29.198255676814682,fdd:3,play 196.00
5:952,162.3093065,162.3093065,162.3093065,166.02142031667702,3.712113816677032,191.54181038437872,29.23250388437873,fdd:1,play 196.00
5:953,162.3093065,162.3093065,162.3093065,166.04142031667703,3.7321138166770425,191.58040028690007,29.27109378690008,fdd:4,play 196.00
4:174,162.39082799999997,162.39082799999997,162.39082799999997,166.1614203166771,3.7705923166771242,191.77334979950683,29.38252179950686,drum:1,drum_on 392.00
5:954,162.39082799999997,162.39082799999997,162.39082799999997,166.1814203166771,3.7905923166771345,191.8505296045495,29.459701604549537,fdd:1,play 196.00
1:563,162.39082799999997,162.39082799999997,162.39082799999997,166.20142031667712,3.8105923166771447,191.88911950707086,29.49829150707089,fdd:2,play 261.63
5:955,162.39082799999997,162.39082799999997,162.39082799999997,166.22142031667713,3.830592316677155,191.9277094095922,29.53688140959224,fdd:4,play 196.00
1:561,162.39082799999997,162.45332781666664,162.45332781666664,166.26142031667715,3.8705923166771754,192.00488921463491,29.614061214634944,fdd:1,play 130.81
1:562,162.39082799999997,162.45332781666664,162.45332781666664,166.28142031667716,3.8905923166771856,192.04347911715627,29.652651117156296,fdd:4,play 196.00
5:956,162.47234949999998,162.47234949999998,162.47234949999998,166.32142031667718,3.849070816677198,192.12065892219897,29.64830942219899,fdd:2,play 196.00
5:957,162.47234949999998,162.53484931666665,162.53484931666665,166.3414203166772,3.8690708166772083,192.15924882472032,29.686899324720343,fdd:2,play 196.00
5:958,162.553871,162.553871,162.553871,166.3814203166772,3.8275493166772208,192.23642862976303,29.68255762976304,fdd:1,play 196.00
5:959,162.553871,162.553871,162.553871,166.40142031667722,3.847549316677231,192.27501853228438,29.72114753228439,fdd:3,play 196.00
5:960,162.6353925,162.6353925,162.6353925,166.46142031667725,3.8260278166772537,192.39078823984843,29.75539573984844,fdd:1,play 196.00
5:961,162.6353925,162.6353925,162.6353925,166.48142031667726,3.846027816677264,192.42937814236979,29.79398564236979,fdd:2,play 196.00
4:175,162.71691399999997,162.71691399999997,162.71691399999997,166.62142031667733,3.904506316677356,192.6609175574979,29.944003557497922,drum:1,drum_on 392.00
3:318,162.71691399999997,162.71691399999997,162.71691399999997,166.64142031667734,3.924506316677366,192.73809736254057,30.021183362540597,fdd:1,play 130.81
1:564,162.71691399999997,162.71691399999997,162.71691399999997,166.66142031667735,3.9445063166773764,192.77668726506192,30.05977326506195,fdd:2,play 130.81
5:963,162.71691399999997,162.71691399999997,162.71691399999997,166.68142031667736,3.9645063166773866,192.81527716758328,30.0983631675833,fdd:3,play 196.00
1:565,162.71691399999997,162.77941381666665,162.77941381666665,166.70142031667737,3.984506316677397,192.85386707010463,30.136953070104653,fdd:3,play 196.00
5:962,162.71691399999997,162.77941399999997,162.77941399999997,166.72142031667738,4.004506316677407,192.89245697262598,30.175542972626005,fdd:1,play 196.00
1:566,162.71691399999997,162.77941399999997,162.77941399999997,166.7414203166774,4.024506316677417,192.93104687514733,30.214132875147357,fdd:2,play 261.63
5:964,162.79843549999998,162.79843549999998,162.79843549999998,166.7614203166774,3.9629848166774195,192.96963677766868,30.1712012776687,fdd:4,play 196.00
5:965,162.79843549999998,162.86093531666666,162.86093531666666,166.7814203166774,3.9829848166774298,193.00822668019003,30.209791180190052,fdd:4,play 196.00
5:966,162.879957,162.879957,162.879957,166.84142031667744,3.9614633166774524,193.1239963877541,30.2440393877541,fdd:1,play 196.00
5:967,162.879957,162.879957,162.879957,166.86142031667745,3.9814633166774627,193.16258629027544,30.28262929027545,fdd:2,play 196.00
5:968,162.96147849999997,162.96147849999997,162.96147849999997,166.92142031667748,3.9599418166775138,193.2783559978395,30.316877497839528,fdd:1,play 196.00
5:969,162.96147849999997,162.96147849999997,162.96147849999997,166.9414203166775,3.979941816677524,193.31694590036085,30.35546740036088,fdd:2,play 196.00
3:319,163.04299999999998,163.04299999999998,163.04299999999998,167.02142031667753,3.978420316677557,193.47130551044626,30.42830551044628,fdd:1,play 130.81
5:971,163.04299999999998,163.04299999999998,163.04299999999998,167.04142031667755,3.998420316677567,193.5098954129676,30.46689541296763,fdd:2,play 196.00
1:568,163.04299999999998,163.04299999999998,163.04299999999998,167.06142031667756,4.018420316677577,193.54848531548896,30.505485315488983,fdd:3,play 196.00
1:567,163.04299999999998,163.10549981666665,163.10549981666665,167.10142031667758,4.058420316677598,193.62566512053166,30.582665120531686,fdd:2,play 130.81
5:970,163.04299999999998,163.10549999999998,163.10549999999998,167.1214203166776,4.078420316677608,193.66425502305302,30.62125502305304,fdd:1,play 196.00
1:569,163.04299999999998,163.10549999999998,163.10549999999998,167.1414203166776,4.098420316677618,193.70284492557437,30.65984492557439,fdd:3,play 261.63
5:972,163.1245215,163.1245215,163.1245215,167.1614203166776,4.0368988166776205,193.74143482809572,30.616913328095734,fdd:4,play 196.00
5:973,163.1245215,163.18702131666666,163.18702131666666,167.18142031667762,4.056898816677631,193.78002473061707,30.655503230617086,fdd:4,play 196.00
3:320,163.206043,163.206043,163.206043,167.24142031667765,4.035377316677653,193.89579443818113,30.689751438181133,fdd:1,play 146.83
5:975,163.206043,163.206043,163.206043,167.26142031667766,4.055377316677664,193.93438434070248,30.728341340702485,fdd:2,play 196.00
5:974,163.206043,163.268543,163.268543,167.28142031667767,4.075377316677674,193.97297424322383,30.766931243223837,fdd:1,play 196.00
5:976,163.28756449999997,163.28756449999997,163.28756449999997,167.3214203166777,4.033855816677715,194.05015404826653,30.76258954826656,fdd:2,play 196.00
5:977,163.28756449999997,163.35006431666665,163.35006431666665,167.3614203166777,4.073855816677735,194.12733385330924,30.839769353309265,fdd:2,play 196.00
3:321,163.36908599999998,163.36908599999998,163.36908599999998,167.42142031667774,4.052334316677758,194.2431035608733,30.874017560873313,fdd:1,play 130.81
1:570,163.36908599999998,163.36908599999998,163.36908599999998,167.44142031667775,4.072334316677768,194.28169346339465,30.912607463394664,fdd:3,play 130.81
5:979,163.36908599999998,163.36908599999998,163.36908599999998,167.46142031667776,4.092334316677778,194.320283365916,30.951197365916016,fdd:4,play 196.00
1:572,163.36908599999998,163.43158581666665,163.43158581666665,167.48142031667777,4.112334316677789,194.35887326843735,30.989787268437368,fdd:4,play 261.63
5:978,163.36908599999998,163.43158599999998,163.43158599999998,167.50142031667778,4.132334316677799,194.3974631709587,31.02837717095872,fdd:1,play 196.00
1:571,163.36908599999998,163.43158599999998,163.43158599999998,167.5214203166778,4.152334316677809,194.43605307348005,31.066967073480072,fdd:3,play 196.00
5:980,163.4506075,163.4506075,163.4506075,167.5614203166778,4.1108128166778215,194.51323287852276,31.062625378522768,fdd:2,play 196.00
5:981,163.4506075,163.51310731666663,163.51310731666663,167.58142031667782,4.130812816677832,194.5518227810441,31.10121528104412,fdd:2,play 196.00
5:982,163.53212899999997,163.53212899999997,163.53212899999997,167.64142031667785,4.109291316677883,194.66759248860816,31.135463488608195,fdd:1,play 196.00
5:983,163.53212899999997,163.53212899999997,163.53212899999997,167.66142031667786,4.129291316677893,194.70618239112952,31.174053391129547,fdd:3,play 196.00
5:984,163.61365049999998,163.61365049999998,163.61365049999998,167.7214203166779,4.107769816677916,194.82195209869357,31.208301598693595,fdd:1,play 196.00
5:985,163.61365049999998,163.61365049999998,163.61365049999998,167.7414203166779,4.127769816677926,194.86054200121492,31.246891501214947,fdd:2,play 196.00
5:986,163.69517199999999,163.69517199999999,163.69517199999999,167.86142031667796,4.166248316677979,195.09208141634304,31.39690941634305,fdd:1,play 196.00
5:987,163.69517199999999,163.69517199999999,163.69517199999999,167.88142031667797,4.18624831667799,195.1306713188644,31.4354993188644,fdd:2,play 196.00
1:575,163.69517199999999,163.69517199999999,163.69517199999999,167.90142031667799,4.206248316678,195.16926122138574,31.474089221385753,fdd:3,play 261.63
1:573,163.69517199999999,163.75767181666666,163.75767181666666,167.921420316678,4.22624831667801,195.2078511239071,31.512679123907105,fdd:1,play 130.81
1:574,163.69517199999999,163.75767181666666,163.75767181666666,167.941420316678,4.24624831667802,195.24644102642844,31.551269026428457,fdd:2,play 196.00
5:988,163.7766935,163.7766935,163.7766935,167.98142031667803,4.204726816678033,195.32362083147115,31.546927331471153,fdd:3,play 196.00
5:989,163.7766935,163.7766935,163.7766935,168.00142031667804,4.224726816678043,195.3622107339925,31.585517233992505,fdd:4,play 196.00
5:990,163.85821499999997,163.85821499999997,163.85821499999997,168.06142031667807,4.203205316678094,195.47798044155655,31.61976544155658,fdd:1,play 196.00
5:991,163.85821499999997,163.85821499999997,163.85821499999997,168.08142031667808,4.223205316678104,195.5165703440779,31.658355344077933,fdd:2,play 196.00
5:992,163.93973649999998,163.93973649999998,163.93973649999998,168.1414203166781,4.201683816678127,195.63234005164196,31.69260355164198,fdd:1,play 196.00
5:993,163.93973649999998,163.93973649999998,163.93973649999998,168.16142031667812,4.221683816678137,195.6709299541633,31.731193454163332,fdd:4,play 196.00
4:176,164.021258,164.021258,164.021258,168.28142031667818,4.260162316678191,195.86387946677007,31.842621466770083,drum:1,drum_on 293.66
5:994,164.021258,164.021258,164.021258,168.3014203166782,4.280162316678201,195.94105927181275,31.91980127181276,fdd:1,play 196.00
3:322,164.021258,164.021258,164.021258,168.3214203166782,4.300162316678211,195.9796491743341,31.95839117433411,fdd:2,play 123.47
1:578,164.021258,164.021258,164.021258,168.3414203166782,4.320162316678221,196.01823907685545,31.996981076855462,fdd:3,play 261.63
5:995,164.021258,164.021258,164.021258,168.36142031667822,4.3401623166782315,196.0568289793768,32.035570979376814,fdd:4,play 196.00
1:576,164.021258,164.08375781666666,164.08375781666666,168.38142031667823,4.360162316678242,196.09541888189815,32.074160881898166,fdd:1,play 130.81
1:577,164.021258,164.083758,164.083758,168.40142031667824,4.380162316678252,196.1340087844195,32.11275078441952,fdd:2,play 196.00
5:996,164.10277949999997,164.10277949999997,164.10277949999997,168.44142031667826,4.338640816678293,196.2111885894622,32.10840908946224,fdd:3,play 196.00
5:997,164.10277949999997,164.16527931666664,164.16527931666664,168.46142031667827,4.358640816678303,196.24977849198356,32.146998991983594,fdd:3,play 196.00
5:998,164.18430099999998,164.18430099999998,164.18430099999998,168.5214203166783,4.337119316678326,196.36554819954762,32.18124719954764,fdd:1,play 196.00
5:999,164.18430099999998,164.18430099999998,164.18430099999998,168.5414203166783,4.357119316678336,196.40413810206897,32.21983710206899,fdd:2,play 196.00
5:1000,164.26582249999998,164.26582249999998,164.26582249999998,168.62142031667835,4.355597816678369,196.55849771215438,32.29267521215439,fdd:1,play 196.00
5:1001,164.26582249999998,164.26582249999998,164.26582249999998,168.64142031667836,4.375597816678379,196.59708761467573,32.331265114675745,fdd:2,play 196.00
4:177,164.347344,164.347344,164.347344,168.76142031667843,4.4140763166784325,196.7900371272825,32.442693127282496,drum:1,drum_on 311.13
3:323,164.347344,164.347344,164.347344,168.78142031667844,4.434076316678443,196.86721693232516,32.51987293232517,fdd:1,play 130.81
5:1003,164.347344,164.347344,164.347344,168.80142031667845,4.454076316678453,196.90580683484652,32.55846283484652,fdd:2,play 311.13
1:579,164.347344,164.347344,164.347344,168.82142031667846,4.474076316678463,196.94439673736787,32.597052737367875,fdd:3,play 130.81
1:580,164.347344,164.40984381666664,164.40984381666664,168.84142031667847,4.494076316678473,196.98298663988922,32.63564263988923,fdd:2,play 196.00
5:1002,164.347344,164.409844,164.409844,168.86142031667848,4.514076316678484,197.02157654241057,32.67423254241058,fdd:1,play 155.56
1:581,164.347344,164.409844,164.409844,168.8814203166785,4.534076316678494,197.06016644493192,32.71282244493193,fdd:3,play 261.63
5:1004,164.42886549999997,164.42886549999997,164.42886549999997,168.9014203166785,4.4725548166785245,197.09875634745327,32.6698908474533,fdd:4,play 155.56
5:1005,164.42886549999997,164.49136531666664,164.49136531666664,168.9214203166785,4.492554816678535,197.13734624997463,32.708480749974655,fdd:4,play 311.13
5:1006,164.51038699999998,164.51038699999998,164.51038699999998,168.98142031667854,4.471033316678557,197.25311595753868,32.7427289575387,fdd:1,play 155.56
5:1007,164.51038699999998,164.51038699999998,164.51038699999998,169.00142031667855,4.491033316678568,197.29170586006003,32.781318860060054,fdd:2,play 311.13
5:1008,164.5919085,164.5919085,164.5919085,169.04142031667857,4.44951181667858,197.36888566510274,32.77697716510275,fdd:1,play 155.56
5:1009,164.5919085,164.65440831666666,164.65440831666666,169.0814203166786,4.4895118166786006,197.44606547014544,32.85415697014545,fdd:1,play 311.13
5:1010,164.67342999999997,164.67342999999997,164.67342999999997,169.14142031667862,4.467990316678652,197.5618351777095,32.88840517770953,fdd:2,play 155.56
1:582,164.67342999999997,164.67342999999997,164.67342999999997,169.16142031667863,4.487990316678662,197.60042508023085,32.92699508023088,fdd:3,play 130.81
1:584,164.67342999999997,164.67342999999997,164.67342999999997,169.18142031667864,4.507990316678672,197.6390149827522,32.96558498275223,fdd:4,play 261.63
3:324,164.67342999999997,164.71690813333333,164.71690813333333,169.20142031667865,4.527990316678682,197.67760488527355,33.004174885273585,fdd:1,play 130.81
5:1011,164.67342999999997,164.73592981666664,164.73592981666664,169.22142031667866,4.547990316678693,197.7161947877949,33.04276478779494,fdd:2,play 311.13
1:583,164.67342999999997,164.73592999999997,164.73592999999997,169.24142031667867,4.567990316678703,197.75478469031626,33.08135469031629,fdd:3,play 196.00
5:1012,164.75495149999998,164.75495149999998,164.75495149999998,169.2814203166787,4.526468816678715,197.83196449535896,33.077012995358984,fdd:4,play 155.56
5:1013,164.75495149999998,164.81745131666665,164.81745131666665,169.3014203166787,4.5464688166787255,197.8705543978803,33.115602897880336,fdd:4,play 311.13
5:1014,164.83647299999998,164.83647299999998,164.83647299999998,169.34142031667872,4.504947316678738,197.94773420292302,33.11126120292303,fdd:1,play 155.56
5:1015,164.83647299999998,164.89897281666666,164.89897281666666,169.36142031667873,4.524947316678748,197.98632410544437,33.149851105444384,fdd:1,play 311.13
5:1016,164.9179945,164.9179945,164.9179945,169.40142031667875,4.483425816678761,198.06350391048707,33.14550941048708,fdd:3,play 155.56
5:1017,164.9179945,164.98049431666664,164.98049431666664,169.46142031667878,4.543425816678791,198.17927361805113,33.261279118051135,fdd:3,play 311.13
3:325,164.99951599999997,164.99951599999997,164.99951599999997,169.5214203166788,4.521904316678842,198.29504332561518,33.29552732561521,fdd:1,play 130.81
1:586,164.99951599999997,164.99951599999997,164.99951599999997,169.54142031667882,4.541904316678853,198.33363322813653,33.33411722813656,fdd:2,play 196.00
5:1019,164.99951599999997,164.99951599999997,164.99951599999997,169.56142031667883,4.561904316678863,198.3722231306579,33.372707130657915,fdd:4,play 311.13
1:585,164.99951599999997,165.06201581666664,165.06201581666664,169.58142031667884,4.581904316678873,198.41081303317924,33.41129703317927,fdd:4,play 130.81
5:1018,164.99951599999997,165.06201599999997,165.06201599999997,169.60142031667885,4.601904316678883,198.4494029357006,33.44988693570062,fdd:1,play 155.56
1:587,164.99951599999997,165.06201599999997,165.06201599999997,169.62142031667886,4.621904316678894,198.48799283822194,33.48847683822197,fdd:2,play 261.63
5:1020,165.08103749999998,165.08103749999998,165.08103749999998,169.66142031667889,4.580382816678906,198.56517264326465,33.484135143264666,fdd:3,play 155.56
5:1021,165.08103749999998,165.14353731666665,165.14353731666665,169.6814203166789,4.600382816678916,198.603762545786,33.52272504578602,fdd:3,play 311.13
5:1022,165.162559,165.162559,165.162559,169.72142031667892,4.558861316678929,198.6809423508287,33.518383350828714,fdd:1,play 155.56
5:1023,165.162559,165.22505881666666,165.22505881666666,169.74142031667893,4.578861316678939,198.71953225335005,33.556973253350066,fdd:1,play 311.13
5:1024,165.24408049999997,165.24408049999997,165.24408049999997,169.78142031667895,4.53733981667898,198.79671205839276,33.55263155839279,fdd:2,play 155.56
5:1025,165.24408049999997,165.30658031666664,165.30658031666664,169.82142031667897,4.577339816679,198.87389186343546,33.62981136343549,fdd:2,play 311.13
3:326,165.32560199999998,165.32560199999998,165.32560199999998,169.881420316679,4.555818316679023,198.98966157099952,33.66405957099954,fdd:1,play 130.81
5:1027,165.32560199999998,165.32560199999998,165.32560199999998,169.901420316679,4.575818316679033,199.02825147352087,33.70264947352089,fdd:3,play 311.13
1:589,165.32560199999998,165.32560199999998,165.32560199999998,169.92142031667902,4.595818316679043,199.06684137604222,33.741239376042245,fdd:4,play 196.00
1:588,165.32560199999998,165.38810181666665,165.38810181666665,169.94142031667903,4.615818316679054,199.10543127856357,33.7798292785636,fdd:3,play 130.81
5:1026,165.32560199999998,165.38810199999998,165.38810199999998,169.96142031667904,4.635818316679064,199.14402118108492,33.81841918108495,fdd:1,play 155.56
1:590,165.32560199999998,165.38810199999998,165.38810199999998,169.98142031667905,4.655818316679074,199.18261108360628,33.8570090836063,fdd:4,play 261.63
5:1028,165.40712349999998,165.40712349999998,165.40712349999998,170.02142031667907,4.6142968166790865,199.25979088864898,33.852667388648996,fdd:2,play 155.56
5:1029,165.40712349999998,165.46962331666666,165.46962331666666,170.04142031667908,4.634296816679097,199.29838079117033,33.89125729117035,fdd:2,play 311.13
5:1030,165.488645,165.488645,165.488645,170.1014203166791,4.612775316679119,199.4141504987344,33.925505498734395,fdd:1,play 155.56
5:1031,165.488645,165.488645,165.488645,170.12142031667912,4.63277531667913,199.45274040125574,33.96409540125575,fdd:4,play 311.13
5:1032,165.57016649999997,165.57016649999997,165.57016649999997,170.18142031667915,4.611253816679181,199.5685101088198,33.99834360881982,fdd:1,play 155.56
5:1033,165.57016649999997,165.57016649999997,165.57016649999997,170.20142031667916,4.631253816679191,199.60710001134115,34.036933511341175,fdd:2,play 311.13
4:178,165.65168799999998,165.65168799999998,165.65168799999998,170.32142031667922,4.669732316679244,199.8000495239479,34.148361523947926,drum:1,drum_on 349.23
3:327,165.65168799999998,165.65168799999998,165.65168799999998,170.34142031667923,4.689732316679255,199.87722932899058,34.2255413289906,fdd:1,play 130.81
1:591,165.65168799999998,165.65168799999998,165.65168799999998,170.36142031667924,4.709732316679265,199.91581923151193,34.26413123151195,fdd:2,play 130.81
5:1035,165.65168799999998,165.65168799999998,165.65168799999998,170.38142031667925,4.729732316679275,199.95440913403328,34.302721134033305,fdd:4,play 311.13
1:592,165.65168799999998,165.71418781666665,165.71418781666665,170.40142031667926,4.749732316679285,199.99299903655464,34.34131103655466,fdd:4,play 196.00
5:1034,165.65168799999998,165.71418799999998,165.71418799999998,170.42142031667927,4.7697323166792955,200.031588939076,34.37990093907601,fdd:1,play 155.56
1:593,165.65168799999998,165.71418799999998,165.71418799999998,170.44142031667928,4.789732316679306,200.07017884159734,34.41849084159736,fdd:2,play 261.63
5:1036,165.7332095,165.7332095,165.7332095,170.4614203166793,4.728210816679308,200.1087687441187,34.375559244118705,fdd:3,play 155.56
5:1037,165.7332095,165.79570931666666,165.79570931666666,170.4814203166793,4.748210816679318,200.14735864664004,34.41414914664006,fdd:3,play 311.13
5:1038,165.814731,165.814731,165.814731,170.52142031667933,4.706689316679331,200.22453845168275,34.40980745168275,fdd:1,play 155.56
5:1039,165.814731,165.87723081666664,165.87723081666664,170.54142031667934,4.726689316679341,200.2631283542041,34.448397354204104,fdd:1,play 311.13
5:1040,165.89625249999997,165.89625249999997,165.89625249999997,170.58142031667936,4.685167816679382,200.3403081592468,34.44405565924683,fdd:2,play 155.56
5:1041,165.89625249999997,165.95875231666665,165.95875231666665,170.62142031667938,4.725167816679402,200.4174879642895,34.52123546428953,fdd:2,play 311.13
3:328,165.97777399999998,165.97777399999998,165.97777399999998,170.6814203166794,4.703646316679425,200.53325767185356,34.55548367185358,fdd:1,play 130.81
5:1043,165.97777399999998,165.97777399999998,165.97777399999998,170.70142031667942,4.723646316679435,200.5718475743749,34.59407357437493,fdd:3,play 311.13
1:595,165.97777399999998,165.97777399999998,165.97777399999998,170.72142031667943,4.743646316679445,200.61043747689627,34.63266347689628,fdd:4,play 196.00
1:594,165.97777399999998,166.04027381666666,166.04027381666666,170.74142031667944,4.763646316679456,200.64902737941762,34.671253379417635,fdd:3,play 130.81
5:1042,165.97777399999998,166.04027399999998,166.04027399999998,170.76142031667945,4.783646316679466,200.68761728193897,34.70984328193899,fdd:1,play 155.56
1:596,165.97777399999998,166.04027399999998,166.04027399999998,170.78142031667946,4.803646316679476,200.72620718446032,34.74843318446034,fdd:4,play 261.63
5:1044,166.0592955,166.0592955,166.0592955,170.82142031667948,4.7621248166794885,200.80338698950303,34.744091489503035,fdd:2,play 155.56
5:1045,166.0592955,166.12179531666663,166.12179531666663,170.8414203166795,4.782124816679499,200.84197689202438,34.78268139202439,fdd:2,play 311.13
5:1046,166.14081699999997,166.14081699999997,166.14081699999997,170.8814203166795,4.74060331667954,200.91915669706708,34.77833969706711,fdd:1,play 155.56
5:1047,166.14081699999997,166.20331681666664,166.20331681666664,170.90142031667952,4.76060331667955,200.95774659958843,34.81692959958846,fdd:1,play 311.13
5:1048,166.22233849999998,166.22233849999998,166.22233849999998,170.94142031667954,4.719081816679562,201.03492640463114,34.81258790463116,fdd:2,play 155.56
5:1049,166.22233849999998,166.28483831666665,166.28483831666665,171.02142031667958,4.799081816679603,201.18928601471654,34.966947514716566,fdd:2,play 311.13
3:329,166.30386,166.30386,166.30386,171.0614203166796,4.757560316679616,201.26646581975925,34.96260581975926,fdd:1,play 130.81
1:597,166.30386,166.30386,166.30386,171.0814203166796,4.777560316679626,201.3050557222806,35.00119572228061,fdd:3,play 130.81
5:1051,166.30386,166.30386,166.30386,171.10142031667962,4.797560316679636,201.34364562480195,35.039785624801965,fdd:4,play 311.13
1:598,166.30386,166.36635981666666,166.36635981666666,171.12142031667963,4.817560316679646,201.3822355273233,35.07837552732332,fdd:4,play 196.00
5:1050,166.30386,166.36636,166.36636,171.14142031667964,4.837560316679657,201.42082542984465,35.11696542984467,fdd:1,play 155.56
1:599,166.30386,166.36636,166.36636,171.16142031667965,4.857560316679667,201.459415332366,35.15555533236602,fdd:3,play 261.63
5:1052,166.3853815,166.3853815,166.3853815,171.20142031667967,4.816038816679679,201.5365951374087,35.151213637408716,fdd:2,play 155.56
5:1053,166.3853815,166.44788131666664,166.44788131666664,171.22142031667968,4.8360388166796895,201.57518503993006,35.18980353993007,fdd:2,play 311.13
5:1054,166.46690299999997,166.46690299999997,166.46690299999997,171.2614203166797,4.79451731667973,201.65236484497277,35.18546184497279,fdd:1,play 155.56
5:1055,166.46690299999997,166.52940281666665,166.52940281666665,171.28142031667971,4.814517316679741,201.69095474749412,35.224051747494144,fdd:1,play 311.13
5:1056,166.54842449999998,166.54842449999998,166.54842449999998,171.32142031667973,4.772995816679753,201.76813455253682,35.21971005253684,fdd:2,play 155.56
5:1057,166.54842449999998,166.61092431666665,166.61092431666665,171.38142031667977,4.832995816679784,201.88390426010088,35.335479760100895,fdd:2,play 311.13
3:330,166.629946,166.629946,166.629946,171.4214203166798,4.791474316679796,201.96108406514358,35.33113806514359,fdd:1,play 130.81
5:1059,166.629946,166.629946,166.629946,171.4414203166798,4.811474316679806,201.99967396766493,35.36972796766494,fdd:3,play 311.13
1:601,166.629946,166.629946,166.629946,171.4614203166798,4.831474316679817,202.03826387018628,35.408317870186295,fdd:4,play 196.00
1:600,166.629946,166.69244581666663,166.69244581666663,171.48142031667982,4.851474316679827,202.07685377270764,35.44690777270765,fdd:3,play 130.81
5:1058,166.629946,166.692446,166.692446,171.50142031667983,4.871474316679837,202.115443675229,35.485497675229,fdd:1,play 155.56
1:602,166.629946,166.692446,166.692446,171.52142031667984,4.891474316679847,202.15403357775034,35.52408757775035,fdd:4,play 261.63
5:1060,166.71146749999997,166.71146749999997,166.71146749999997,171.56142031667986,4.849952816679888,202.23121338279304,35.519745882793075,fdd:2,play 155.56
5:1061,166.71146749999997,166.77396731666664,166.77396731666664,171.58142031667987,4.869952816679898,202.2698032853144,35.558335785314426,fdd:2,play 311.13
5:1062,166.79298899999998,166.79298899999998,166.79298899999998,171.6214203166799,4.828431316679911,202.3469830903571,35.55399409035712,fdd:1,play 155.56
5:1063,166.79298899999998,166.85548881666665,166.85548881666665,171.6414203166799,4.848431316679921,202.38557299287845,35.592583992878474,fdd:1,play 311.13
5:1064,166.87451049999999,166.87451049999999,166.87451049999999,171.68142031667992,4.8069098166799336,202.46275279792115,35.58824229792117,fdd:2,play 155.56
5:1065,166.87451049999999,166.93701031666666,166.93701031666666,171.74142031667995,4.866909816679964,202.5785225054852,35.704012005485225,fdd:2,play 311.13
4:179,166.956032,166.956032,166.956032,171.80142031667998,4.845388316679987,202.65570231052791,35.69967031052792,drum:1,drum_on 392.00
3:331,166.956032,166.956032,166.956032,171.82142031668,4.865388316679997,202.7328821155706,35.776850115570596,fdd:1,play 130.81
5:1067,166.956032,166.956032,166.956032,171.84142031668,4.885388316680007,202.77147201809194,35.81544001809195,fdd:3,play 261.63
1:603,166.956032,166.956032,166.956032,171.86142031668,4.905388316680018,202.8100619206133,35.8540299206133,fdd:4,play 130.81
1:605,166.956032,167.01853181666664,167.01853181666664,171.88142031668002,4.925388316680028,202.84865182313465,35.89261982313465,fdd:3,play 261.63
5:1066,166.956032,167.018532,167.018532,171.90142031668003,4.945388316680038,202.887241725656,35.931209725656004,fdd:1,play 261.63
1:604,166.956032,167.018532,167.018532,171.92142031668004,4.965388316680048,202.92583162817735,35.969799628177356,fdd:4,play 196.00
5:1068,167.03755349999997,167.03755349999997,167.03755349999997,171.96142031668006,4.923866816680089,203.00301143322005,35.96545793322008,fdd:2,play 261.63
5:1069,167.03755349999997,167.10005331666665,167.10005331666665,171.98142031668007,4.943866816680099,203.0416013357414,36.00404783574143,fdd:2,play 261.63
5:1070,167.11907499999998,167.11907499999998,167.11907499999998,172.0214203166801,4.902345316680112,203.1187811407841,35.99970614078413,fdd:3,play 261.63
5:1071,167.11907499999998,167.18157481666665,167.18157481666665,172.0414203166801,4.922345316680122,203.15737104330546,36.03829604330548,fdd:3,play 261.63
5:1072,167.2005965,167.2005965,167.2005965,172.08142031668012,4.8808238166801345,203.23455084834816,36.033954348348175,fdd:2,play 261.63
5:1073,167.2005965,167.26309631666663,167.26309631666663,172.14142031668015,4.940823816680165,203.35032055591222,36.14972405591223,fdd:2,play 261.63
5:1075,167.28211799999997,167.28211799999997,167.28211799999997,172.18142031668017,4.899302316680206,203.42750036095492,36.145382360954954,fdd:1,play 261.63
1:607,167.28211799999997,167.28211799999997,167.28211799999997,172.20142031668018,4.919302316680216,203.46609026347627,36.183972263476306,fdd:3,play 196.00
5:1074,167.28211799999997,167.28211799999997,167.28211799999997,172.2214203166802,4.939302316680227,203.50468016599763,36.22256216599766,fdd:4,play 261.63
1:606,167.28211799999997,167.34461781666664,167.34461781666664,172.2414203166802,4.959302316680237,203.54327006851898,36.26115206851901,fdd:1,play 130.81
1:608,167.28211799999997,167.34461799999997,167.34461799999997,172.26142031668022,4.979302316680247,203.58185997104033,36.29974197104036,fdd:3,play 261.63
5:1076,167.36363949999998,167.36363949999998,167.36363949999998,172.30142031668024,4.9377808166802595,203.65903977608303,36.29540027608306,fdd:2,play 261.63
5:1077,167.36363949999998,167.42613931666665,167.42613931666665,172.32142031668025,4.95778081668027,203.6976296786044,36.33399017860441,fdd:2,play 261.63
5:1078,167.44516099999998,167.44516099999998,167.44516099999998,172.36142031668027,4.916259316680282,203.7748094836471,36.329648483647105,fdd:1,play 261.63
5:1079,167.44516099999998,167.50766081666666,167.50766081666666,172.4014203166803,4.956259316680303,203.8519892886898,36.40682828868981,fdd:1,play 261.63
5:1080,167.5266825,167.5266825,167.5266825,172.4414203166803,4.914737816680315,203.9291690937325,36.402486593732505,fdd:2,play 261.63
5:1081,167.5266825,167.58918231666664,167.58918231666664,172.50142031668034,4.974737816680346,204.04493880129655,36.51825630129656,fdd:2,play 261.63
3:332,167.60820399999997,167.60820399999997,167.60820399999997,172.54142031668036,4.933216316680387,204.12211860633926,36.513914606339284,fdd:1,play 146.83
5:1082,167.60820399999997,167.60820399999997,167.60820399999997,172.56142031668037,4.953216316680397,204.1607085088606,36.552504508860636,fdd:3,play 261.63
1:610,167.60820399999997,167.60820399999997,167.60820399999997,172.58142031668038,4.973216316680407,204.19929841138196,36.59109441138199,fdd:4,play 196.00
5:1083,167.60820399999997,167.67070381666665,167.67070381666665,172.6014203166804,4.993216316680417,204.2378883139033,36.62968431390334,fdd:3,play 261.63
1:609,167.60820399999997,167.67070399999997,167.67070399999997,172.6214203166804,5.0132163166804276,204.27647821642466,36.66827421642469,fdd:1,play 130.81
1:611,167.60820399999997,167.67070399999997,167.67070399999997,172.6414203166804,5.033216316680438,204.31506811894602,36.706864118946044,fdd:4,play 261.63
5:1084,167.68972549999998,167.68972549999998,167.68972549999998,172.68142031668043,4.99169481668045,204.39224792398872,36.70252242398874,fdd:2,play 261.63
5:1085,167.68972549999998,167.75222531666665,167.75222531666665,172.70142031668044,5.0116948166804605,204.43083782651007,36.74111232651009,fdd:2,play 261.63
5:1086,167.771247,167.771247,167.771247,172.74142031668046,4.970173316680473,204.50801763155278,36.73677063155279,fdd:4,play 261.63
5:1087,167.771247,167.83374681666666,167.83374681666666,172.76142031668047,4.990173316680483,204.54660753407413,36.77536053407414,fdd:4,play 261.63
5:1088,167.85276849999997,167.85276849999997,167.85276849999997,172.8014203166805,4.948651816680524,204.62378733911683,36.77101883911686,fdd:2,play 261.63
5:1089,167.85276849999997,167.91526831666664,167.91526831666664,172.86142031668052,5.008651816680555,204.7395570466809,36.88678854668092,fdd:2,play 261.63
5:1090,167.93428999999998,167.93428999999998,167.93428999999998,172.90142031668054,4.967130316680567,204.8167368517236,36.882446851723614,fdd:1,play 261.63
1:612,167.93428999999998,167.93428999999998,167.93428999999998,172.92142031668055,4.987130316680577,204.85532675424494,36.921036754244966,fdd:3,play 130.81
1:614,167.93428999999998,167.93428999999998,167.93428999999998,172.94142031668056,5.007130316680588,204.8939166567663,36.95962665676632,fdd:4,play 261.63
5:1091,167.93428999999998,167.99678981666665,167.99678981666665,172.96142031668057,5.027130316680598,204.93250655928765,36.99821655928767,fdd:1,play 261.63
1:613,167.93428999999998,167.99678999999998,167.99678999999998,172.98142031668058,5.047130316680608,204.971096461809,37.03680646180902,fdd:3,play 196.00
5:1092,168.01581149999998,168.01581149999998,168.01581149999998,173.0214203166806,5.0056088166806205,205.0482762668517,37.03246476685172,fdd:4,play 261.63
5:1093,168.01581149999998,168.07831131666666,168.07831131666666,173.04142031668061,5.025608816680631,205.08686616937305,37.07105466937307,fdd:4,play 261.63
5:1094,168.097333,168.097333,168.097333,173.08142031668064,4.984087316680643,205.16404597441576,37.066712974415765,fdd:1,play 261.63
5:1095,168.097333,168.15983281666664,168.15983281666664,173.12142031668066,5.024087316680664,205.24122577945846,37.14389277945847,fdd:1,play 261.63
5:1096,168.17885449999997,168.17885449999997,168.17885449999997,173.16142031668068,4.9825658166807045,205.31840558450116,37.13955108450119,fdd:3,play 261.63
5:1097,168.17885449999997,168.24135431666664,168.24135431666664,173.1814203166807,5.002565816680715,205.35699548702252,37.178140987022545,fdd:3,play 261.63
4:180,168.26037599999998,168.26037599999998,168.26037599999998,173.26142031668073,5.001044316680748,205.47276519458657,37.21238919458659,drum:1,drum_on 440.00
3:333,168.26037599999998,168.26037599999998,168.26037599999998,173.28142031668074,5.021044316680758,205.54994499962925,37.28956899962927,fdd:1,play 155.56
5:1099,168.26037599999998,168.26037599999998,168.26037599999998,173.30142031668075,5.041044316680768,205.5885349021506,37.32815890215062,fdd:2,play 261.63
1:616,168.26037599999998,168.26037599999998,168.26037599999998,173.32142031668076,5.061044316680778,205.62712480467195,37.36674880467197,fdd:4,play 196.00
1:615,168.26037599999998,168.32287581666665,168.32287581666665,173.34142031668077,5.081044316680789,205.6657147071933,37.40533870719332,fdd:2,play 130.81
5:1098,168.26037599999998,168.32287599999998,168.32287599999998,173.36142031668078,5.101044316680799,205.70430460971465,37.443928609714675,fdd:1,play 261.63
1:617,168.26037599999998,168.32287599999998,168.32287599999998,173.3814203166808,5.121044316680809,205.742894512236,37.48251851223603,fdd:4,play 261.63
5:1100,168.3418975,168.3418975,168.3418975,173.4214203166808,5.0795228166808215,205.8200743172787,37.47817681727872,fdd:3,play 261.63
5:1101,168.3418975,168.40439731666666,168.40439731666666,173.44142031668082,5.099522816680832,205.85866421980006,37.516766719800074,fdd:3,play 261.63
5:1102,168.42341899999997,168.42341899999997,168.42341899999997,173.48142031668084,5.058001316680873,205.93584402484277,37.5124250248428,fdd:1,play 261.63
5:1103,168.42341899999997,168.48591881666664,168.48591881666664,173.50142031668085,5.078001316680883,205.97443392736412,37.55101492736415,fdd:1,play 261.63
5:1104,168.50494049999998,168.50494049999998,168.50494049999998,173.54142031668087,5.036479816680895,206.05161373240682,37.546673232406846,fdd:2,play 261.63
5:1105,168.50494049999998,168.56744031666665,168.56744031666665,173.5814203166809,5.076479816680916,206.12879353744952,37.62385303744955,fdd:2,play 261.63
5:1106,168.58646199999998,168.58646199999998,168.58646199999998,173.64142031668092,5.054958316680938,206.24456324501358,37.6581012450136,fdd:1,play 261.63
5:1107,168.58646199999998,168.58646199999998,168.58646199999998,173.66142031668093,5.074958316680949,206.28315314753493,37.69669114753495,fdd:3,play 261.63
1:620,168.58646199999998,168.58646199999998,168.58646199999998,173.68142031668094,5.094958316680959,206.32174305005628,37.7352810500563,fdd:4,play 261.63
1:618,168.58646199999998,168.64896181666666,168.64896181666666,173.70142031668095,5.114958316680969,206.36033295257764,37.77387095257765,fdd:1,play 130.81
1:619,168.58646199999998,168.64896181666666,168.64896181666666,173.72142031668096,5.134958316680979,206.398922855099,37.812460855099005,fdd:3,play 196.00
5:1108,168.6679835,168.6679835,168.6679835,173.781420316681,5.113436816681002,206.51469256266304,37.84670906266305,fdd:2,play 261.63
5:1109,168.6679835,168.6679835,168.6679835,173.801420316681,5.133436816681012,206.5532824651844,37.885298965184404,fdd:4,play 261.63
5:1110,168.74950499999997,168.74950499999997,168.74950499999997,173.84142031668102,5.091915316681053,206.6304622702271,37.88095727022713,fdd:1,play 261.63
5:1111,168.74950499999997,168.81200481666664,168.81200481666664,173.86142031668103,5.111915316681063,206.66905217274845,37.91954717274848,fdd:1,play 261.63
5:1113,168.83102649999998,168.83102649999998,168.83102649999998,173.92142031668106,5.090393816681086,206.7848218803125,37.95379538031253,fdd:2,play 261.63
5:1112,168.83102649999998,168.83102649999998,168.83102649999998,173.94142031668108,5.110393816681096,206.82341178283386,37.99238528283388,fdd:3,play 261.63
3:334,168.912548,168.912548,168.912548,174.04142031668113,5.128872316681139,207.01636129544062,38.10381329544063,fdd:1,play 174.61
5:1115,168.912548,168.912548,168.912548,174.06142031668114,5.14887231668115,207.05495119796197,38.14240319796198,fdd:2,play 261.63
1:622,168.912548,168.912548,168.912548,174.08142031668115,5.16887231668116,207.09354110048332,38.180993100483335,fdd:3,play 196.00
1:621,168.912548,168.97504781666666,168.97504781666666,174.10142031668116,5.18887231668117,207.13213100300467,38.219583003004686,fdd:2,play 130.81
5:1114,168.912548,168.975048,168.975048,174.12142031668117,5.20887231668118,207.17072090552603,38.25817290552604,fdd:1,play 261.63
1:623,168.912548,168.975048,168.975048,174.14142031668118,5.228872316681191,207.20931080804738,38.29676280804739,fdd:3,play 261.63
5:1116,168.9940695,168.9940695,168.9940695,174.1614203166812,5.167350816681193,207.24790071056873,38.253831210568734,fdd:4,play 261.63
5:1117,168.9940695,169.05656931666664,169.05656931666664,174.1814203166812,5.187350816681203,207.28649061309008,38.292421113090086,fdd:4,play 261.63
5:1118,169.07559099999997,169.07559099999997,169.07559099999997,174.24142031668123,5.165829316681254,207.40226032065414,38.32666932065416,fdd:2,play 261.63
5:1119,169.07559099999997,169.07559099999997,169.07559099999997,174.26142031668124,5.185829316681264,207.4408502231755,38.365259223175514,fdd:3,play 261.63
5:1120,169.15711249999998,169.15711249999998,169.15711249999998,174.32142031668127,5.164307816681287,207.55661993073954,38.39950743073956,fdd:3,play 261.63
5:1121,169.15711249999998,169.15711249999998,169.15711249999998,174.34142031668128,5.184307816681297,207.5952098332609,38.43809733326091,fdd:4,play 261.63
5:1123,169.238634,169.238634,169.238634,174.42142031668132,5.18278631668133,207.7495694433463,38.51093544334631,fdd:1,play 261.63
1:625,169.238634,169.238634,169.238634,174.44142031668133,5.20278631668134,207.78815934586765,38.549525345867664,fdd:2,play 196.00
5:1122,169.238634,169.238634,169.238634,174.46142031668134,5.222786316681351,207.826749248389,38.588115248389016,fdd:4,play 261.63
1:624,169.238634,169.30113381666663,169.30113381666663,174.48142031668135,5.242786316681361,207.86533915091036,38.62670515091037,fdd:1,play 130.81
1:626,169.238634,169.301134,169.301134,174.50142031668136,5.262786316681371,207.9039290534317,38.66529505343172,fdd:2,play 261.63
5:1124,169.32015549999997,169.32015549999997,169.32015549999997,174.54142031668138,5.221264816681412,207.9811088584744,38.660953358474444,fdd:3,play 261.63
5:1125,169.32015549999997,169.38265531666664,169.38265531666664,174.5614203166814,5.241264816681422,208.01969876099577,38.699543260995796,fdd:3,play 261.63
5:1126,169.40167699999998,169.40167699999998,169.40167699999998,174.6014203166814,5.199743316681435,208.09687856603847,38.69520156603849,fdd:1,play 261.63
5:1127,169.40167699999998,169.46417681666665,169.46417681666665,174.64142031668143,5.239743316681455,208.17405837108117,38.772381371081195,fdd:1,play 261.63
5:1128,169.4831985,169.4831985,169.4831985,174.68142031668145,5.1982218166814675,208.25123817612388,38.76803967612389,fdd:2,play 261.63
5:1129,169.4831985,169.54569831666666,169.54569831666666,174.70142031668146,5.218221816681478,208.28982807864523,38.80662957864524,fdd:2,play 261.63
3:335,169.56472,169.56472,169.56472,174.7614203166815,5.1967003166815005,208.40559778620928,38.84087778620929,fdd:1,play 196.00
5:1130,169.56472,169.56472,169.56472,174.7814203166815,5.216700316681511,208.44418768873064,38.87946768873064,fdd:3,play 246.94
1:628,169.56472,169.56472,169.56472,174.80142031668152,5.236700316681521,208.482777591252,38.918057591251994,fdd:4,play 146.83
1:631,169.56472,169.56472,169.56472,174.82142031668153,5.256700316681531,208.52136749377334,38.956647493773346,sled:1,play 293.66
1:630,169.56472,169.60819813333333,169.60819813333333,174.84142031668154,5.276700316681541,208.5599573962947,38.9952373962947,fdd:2,play 246.94
1:627,169.56472,169.62721981666664,169.62721981666664,174.86142031668155,5.296700316681552,208.59854729881604,39.03382729881605,fdd:3,play 98.00
5:1131,169.56472,169.62722,169.62722,174.90142031668157,5.336700316681572,208.67572710385875,39.11100710385875,fdd:1,play 246.94
1:629,169.56472,169.62722,169.62722,174.92142031668158,5.356700316681582,208.7143170063801,39.149597006380105,fdd:4,play 196.00
5:1133,169.64624149999997,169.67069813333333,169.67069813333333,174.9414203166816,5.295178816681613,208.75290690890145,39.10666540890148,fdd:2,play 246.94
5:1132,169.64624149999997,169.68971981666664,169.68971981666664,174.9614203166816,5.315178816681623,208.7914968114228,39.14525531142283,fdd:1,play 246.94
5:1134,169.72776299999998,169.72776299999998,169.72776299999998,175.00142031668162,5.273657316681636,208.8686766164655,39.140913616465525,fdd:4,play 246.94
5:1135,169.72776299999998,169.79026281666665,169.79026281666665,175.02142031668163,5.293657316681646,208.90726651898686,39.17950351898688,fdd:4,play 246.94
5:1136,169.8092845,169.8092845,169.8092845,175.06142031668165,5.252135816681658,208.98444632402956,39.17516182402957,fdd:1,play 246.94
5:1137,169.8092845,169.87178431666663,169.87178431666663,175.12142031668168,5.312135816681689,209.10021603159362,39.29093153159363,fdd:1,play 246.94
5:1138,169.89080599999997,169.89080599999997,169.89080599999997,175.1414203166817,5.25061431668172,209.13880593411497,39.247999934115,fdd:2,play 246.94
5:1139,169.89080599999997,169.95330581666664,169.95330581666664,175.1614203166817,5.27061431668173,209.17739583663632,39.28658983663635,fdd:2,play 246.94
5:1140,169.97232749999998,169.97232749999998,169.97232749999998,175.20142031668172,5.229092816681742,209.25457564167903,39.28224814167905,fdd:1,play 246.94
5:1141,169.97232749999998,170.03482731666665,170.03482731666665,175.24142031668174,5.269092816681763,209.33175544672173,39.35942794672175,fdd:1,play 246.94
5:1142,170.05384899999999,170.05384899999999,170.05384899999999,175.28142031668176,5.227571316681775,209.40893525176443,39.35508625176445,fdd:2,play 246.94
5:1143,170.05384899999999,170.11634881666666,170.11634881666666,175.30142031668177,5.2475713166817854,209.44752515428578,39.3936761542858,fdd:2,play 246.94
5:1144,170.1353705,170.1353705,170.1353705,175.3414203166818,5.206049816681798,209.5247049593285,39.389334459328495,fdd:1,play 246.94
5:1145,170.1353705,170.19787031666664,170.19787031666664,175.3614203166818,5.226049816681808,209.56329486184984,39.42792436184985,fdd:1,play 246.94
5:1146,170.21689199999997,170.21689199999997,170.21689199999997,175.40142031668182,5.184528316681849,209.64047466689254,39.42358266689257,fdd:2,play 246.94
1:633,170.21689199999997,170.21689199999997,170.21689199999997,175.42142031668183,5.204528316681859,209.6790645694139,39.46217256941392,fdd:3,play 98.00
1:634,170.21689199999997,170.21689199999997,170.21689199999997,175.44142031668184,5.2245283166818695,209.71765447193525,39.500762471935275,fdd:4,play 146.83
1:637,170.21689199999997,170.21689199999997,170.21689199999997,175.46142031668185,5.24452831668188,209.7562443744566,39.53935237445663,sled:1,play 293.66
3:336,170.21689199999997,170.26037013333328,170.26037013333328,175.48142031668186,5.26452831668189,209.79483427697795,39.57794227697798,fdd:1,play 196.00
5:1147,170.21689199999997,170.27939181666665,170.27939181666665,175.50142031668187,5.2845283166819,209.8334241794993,39.61653217949933,fdd:2,play 246.94
1:635,170.21689199999997,170.27939199999997,170.27939199999997,175.5414203166819,5.324528316681921,209.910603984542,39.693711984542034,fdd:3,play 196.00
1:636,170.21689199999997,170.27939199999997,170.27939199999997,175.5614203166819,5.344528316681931,209.94919388706336,39.732301887063386,fdd:4,play 246.94
5:1148,170.29841349999998,170.32287013333328,170.32287013333328,175.5814203166819,5.283006816681933,209.9877837895847,39.68937028958473,fdd:1,play 246.94
5:1151,170.379935,170.379935,170.379935,175.62142031668193,5.2414853166819455,210.06496359462741,39.685028594627425,fdd:2,play 246.94
5:1149,170.29841349999998,170.38536994999995,170.38536994999995,175.64142031668194,5.343006816681964,210.10355349714877,39.805139997148785,fdd:1,play 246.94
5:1150,170.379935,170.44786976666663,170.44786976666663,175.66142031668196,5.281485316681966,210.14214339967012,39.76220839967013,fdd:1,play 246.94
5:1152,170.46145649999997,170.46145649999997,170.46145649999997,175.70142031668198,5.239963816682007,210.21932320471282,39.75786670471285,fdd:2,play 246.94
5:1153,170.46145649999997,170.52395631666664,170.52395631666664,175.761420316682,5.2999638166820375,210.33509291227688,39.87363641227691,fdd:2,play 246.94
5:1154,170.54297799999998,170.54297799999998,170.54297799999998,175.80142031668203,5.25844231668205,210.41227271731958,39.869294717319605,fdd:1,play 246.94
5:1155,170.54297799999998,170.60547781666665,170.60547781666665,175.82142031668204,5.27844231668206,210.45086261984093,39.90788461984096,fdd:1,play 246.94
5:1156,170.62449949999998,170.62449949999998,170.62449949999998,175.84142031668205,5.216920816682062,210.48945252236228,39.8649530223623,fdd:3,play 246.94
5:1157,170.62449949999998,170.68699931666666,170.68699931666666,175.86142031668206,5.236920816682073,210.52804242488364,39.90354292488365,fdd:3,play 246.94
3:337,170.706021,170.706021,170.706021,175.90142031668208,5.195399316682085,210.60522222992634,39.89920122992635,fdd:1,play 196.00
5:1158,170.706021,170.706021,170.706021,175.9214203166821,5.215399316682095,210.6438121324477,39.9377911324477,fdd:4,play 246.94
5:1159,170.706021,170.76852081666664,170.76852081666664,175.9614203166821,5.255399316682116,210.7209919374904,40.0149709374904,fdd:4,play 246.94
5:1161,170.78754249999997,170.78754249999997,170.78754249999997,176.02142031668214,5.233877816682167,210.83676164505445,40.04921914505448,fdd:1,play 246.94
5:1160,170.78754249999997,170.78754249999997,170.78754249999997,176.04142031668215,5.253877816682177,210.8753515475758,40.08780904757583,fdd:3,play 246.94
3:338,170.86906399999998,170.86906399999998,170.86906399999998,176.1214203166822,5.25235631668221,211.0297111576612,40.16064715766123,fdd:1,play 196.00
1:639,170.86906399999998,170.86906399999998,170.86906399999998,176.1414203166822,5.27235631668222,211.06830106018256,40.19923706018258,fdd:2,play 98.00
1:641,170.86906399999998,170.86906399999998,170.86906399999998,176.1614203166822,5.2923563166822305,211.10689096270391,40.237826962703934,fdd:3,play 196.00
5:1163,170.86906399999998,170.86906399999998,170.86906399999998,176.18142031668222,5.312356316682241,211.14548086522527,40.276416865225286,fdd:4,play 246.94
1:643,170.86906399999998,170.93156381666665,170.93156381666665,176.20142031668223,5.332356316682251,211.18407076774662,40.31500676774664,fdd:4,play 293.66
5:1162,170.86906399999998,170.93156399999998,170.93156399999998,176.22142031668224,5.352356316682261,211.22266067026797,40.35359667026799,fdd:1,play 246.94
1:640,170.86906399999998,170.93156399999998,170.93156399999998,176.24142031668225,5.372356316682271,211.26125057278932,40.39218657278934,fdd:2,play 146.83
1:642,170.86906399999998,170.93156399999998,170.93156399999998,176.26142031668226,5.392356316682282,211.29984047531067,40.430776475310694,fdd:3,play 246.94
5:1164,170.9505855,170.99406381666665,170.99406381666665,176.28142031668227,5.330834816682284,211.33843037783203,40.38784487783204,fdd:1,play 246.94
5:1165,170.9505855,170.99406399999998,170.99406399999998,176.30142031668228,5.350834816682294,211.37702028035338,40.42643478035339,fdd:2,play 246.94
5:1166,171.03210699999997,171.03210699999997,171.03210699999997,176.3414203166823,5.309313316682335,211.45420008539608,40.422093085396114,fdd:3,play 246.94
5:1167,171.03210699999997,171.09460681666664,171.09460681666664,176.3614203166823,5.329313316682345,211.49278998791743,40.460682987917465,fdd:3,play 246.94
5:1168,171.11362849999998,171.11362849999998,171.11362849999998,176.42142031668234,5.307791816682368,211.6085596954815,40.49493119548151,fdd:1,play 246.94
5:1169,171.11362849999998,171.11362849999998,171.11362849999998,176.44142031668235,5.327791816682378,211.64714959800284,40.533521098002865,fdd:2,play 246.94
3:339,171.19514999999998,171.19514999999998,171.19514999999998,176.5414203166824,5.346270316682421,211.8400991106096,40.644949110609616,fdd:1,play 196.00
5:1171,171.19514999999998,171.19514999999998,171.19514999999998,176.56142031668242,5.3662703166824315,211.87868901313095,40.68353901313097,fdd:2,play 246.94
1:648,171.19514999999998,171.19514999999998,171.19514999999998,176.58142031668243,5.386270316682442,211.9172789156523,40.72212891565232,fdd:3,play 246.94
1:646,171.19514999999998,171.19514999999998,171.19514999999998,176.60142031668244,5.406270316682452,211.95586881817366,40.76071881817367,fdd:4,play 146.83
1:645,171.19514999999998,171.25764981666666,171.25764981666666,176.62142031668245,5.426270316682462,211.994458720695,40.799308720695024,fdd:2,play 98.00
5:1170,171.19514999999998,171.25764999999998,171.25764999999998,176.64142031668246,5.446270316682472,212.03304862321636,40.837898623216375,fdd:1,play 246.94
1:649,171.19514999999998,171.25764999999998,171.25764999999998,176.66142031668247,5.466270316682483,212.0716385257377,40.87648852573773,fdd:3,play 293.66
1:647,171.19514999999998,171.25764999999998,171.25764999999998,176.68142031668248,5.486270316682493,212.11022842825906,40.91507842825908,fdd:4,play 196.00
5:1172,171.2766715,171.32014981666666,171.32014981666666,176.7014203166825,5.424748816682495,212.14881833078041,40.87214683078042,fdd:1,play 246.94
5:1173,171.2766715,171.32014999999998,171.32014999999998,176.7214203166825,5.444748816682505,212.18740823330177,40.910736733301775,fdd:3,play 246.94
5:1175,171.35819299999997,171.35819299999997,171.35819299999997,176.78142031668253,5.423227316682556,212.30317794086582,40.94498494086585,fdd:2,play 246.94
5:1174,171.35819299999997,171.35819299999997,171.35819299999997,176.80142031668254,5.443227316682567,212.34176784338717,40.9835748433872,fdd:4,play 246.94
5:1176,171.43971449999998,171.43971449999998,171.43971449999998,176.86142031668257,5.421705816682589,212.45753755095123,41.01782305095125,fdd:1,play 246.94
5:1177,171.43971449999998,171.43971449999998,171.43971449999998,176.88142031668258,5.4417058166826,212.49612745347258,41.0564129534726,fdd:2,play 246.94
1:651,171.521236,171.521236,171.521236,176.98142031668263,5.460184316682643,212.68907696607934,41.16784096607935,fdd:1,play 196.00
5:1178,171.521236,171.521236,171.521236,177.00142031668264,5.480184316682653,212.7276668686007,41.206430868600705,fdd:2,play 246.94
1:653,171.521236,171.521236,171.521236,177.02142031668265,5.500184316682663,212.76625677112204,41.24502077112206,fdd:3,play 196.00
1:655,171.521236,171.521236,171.521236,177.04142031668266,5.520184316682673,212.8048466736434,41.28361067364341,fdd:4,play 293.66
5:1179,171.521236,171.58373581666666,171.58373581666666,177.06142031668267,5.540184316682684,212.84343657616475,41.32220057616476,fdd:2,play 246.94
1:652,171.521236,171.583736,171.583736,177.08142031668268,5.560184316682694,212.8820264786861,41.36079047868611,fdd:1,play 146.83
1:654,171.521236,171.583736,171.583736,177.1014203166827,5.580184316682704,212.92061638120745,41.399380381207465,fdd:3,play 246.94
1:656,171.521236,171.583736,171.583736,177.1214203166827,5.600184316682714,212.9592062837288,41.437970283728816,fdd:4,play 196.00
5:1180,171.60275749999997,171.646236,171.646236,177.1414203166827,5.538662816682745,212.99779618625016,41.39503868625019,fdd:1,play 246.94
5:1181,171.60275749999997,171.646236,171.646236,177.16142031668272,5.558662816682755,213.0363860887715,41.43362858877154,fdd:3,play 246.94
5:1182,171.68427899999998,171.68427899999998,171.68427899999998,177.20142031668274,5.517141316682768,213.1135658938142,41.429286893814236,fdd:4,play 246.94
5:1183,171.68427899999998,171.74677881666665,171.74677881666665,177.22142031668275,5.537141316682778,213.15215579633556,41.46787679633559,fdd:4,play 246.94
5:1184,171.76580049999998,171.76580049999998,171.76580049999998,177.26142031668277,5.49561981668279,213.22933560137827,41.463535101378284,fdd:1,play 246.94
5:1185,171.76580049999998,171.82830031666666,171.82830031666666,177.3014203166828,5.535619816682811,213.30651540642097,41.54071490642099,fdd:1,play 246.94
1:657,171.847322,171.847322,171.847322,177.36142031668282,5.5140983166828335,213.42228511398503,41.574963113985035,fdd:2,play 98.00
5:1186,171.847322,171.847322,171.847322,177.38142031668283,5.534098316682844,213.46087501650638,41.61355301650639,fdd:3,play 246.94
1:659,171.847322,171.847322,171.847322,177.40142031668285,5.554098316682854,213.49946491902773,41.65214291902774,fdd:4,play 196.00
1:661,171.847322,171.847322,171.847322,177.42142031668286,5.574098316682864,213.53805482154908,41.69073282154909,sled:1,play 293.66
3:340,171.847322,171.89080013333333,171.89080013333333,177.44142031668287,5.594098316682874,213.57664472407043,41.72932272407044,fdd:1,play 196.00
5:1187,171.847322,171.90982181666664,171.90982181666664,177.46142031668288,5.614098316682885,213.61523462659179,41.767912626591794,fdd:3,play 246.94
1:658,171.847322,171.909822,171.909822,177.5014203166829,5.654098316682905,213.6924144316345,41.8450924316345,fdd:2,play 146.83
1:660,171.847322,171.909822,171.909822,177.5214203166829,5.674098316682915,213.73100433415584,41.88368233415585,fdd:4,play 261.63
5:1188,171.92884349999997,171.972322,171.972322,177.54142031668292,5.612576816682946,213.7695942366772,41.84075073667722,fdd:2,play 246.94
5:1189,171.92884349999997,171.972322,171.972322,177.56142031668293,5.632576816682956,213.80818413919854,41.879340639198574,fdd:4,play 246.94
5:1190,172.01036499999998,172.01036499999998,172.01036499999998,177.60142031668295,5.591055316682969,213.88536394424125,41.87499894424127,fdd:1,play 246.94
5:1191,172.01036499999998,172.07286481666665,172.07286481666665,177.62142031668296,5.611055316682979,213.9239538467626,41.91358884676262,fdd:1,play 246.94
5:1192,172.0918865,172.0918865,172.0918865,177.66142031668298,5.569533816682991,214.0011336518053,41.90924715180532,fdd:2,play 246.94
5:1193,172.0918865,172.15438631666666,172.15438631666666,177.721420316683,5.629533816683022,214.11690335936936,42.02501685936937,fdd:2,play 246.94
4:181,172.17340799999997,172.17340799999997,172.17340799999997,177.80142031668305,5.628012316683083,214.23267306693342,42.05926506693345,drum:1,drum_on 392.00
3:341,172.17340799999997,172.17340799999997,172.17340799999997,177.82142031668306,5.648012316683094,214.3098528719761,42.136444871976124,fdd:1,play 196.00
1:663,172.17340799999997,172.17340799999997,172.17340799999997,177.84142031668307,5.668012316683104,214.34844277449744,42.175034774497476,fdd:3,play 98.00
5:1195,172.17340799999997,172.17340799999997,172.17340799999997,177.86142031668308,5.688012316683114,214.3870326770188,42.21362467701883,fdd:4,play 246.94
1:667,172.17340799999997,172.17340799999997,172.17340799999997,177.8814203166831,5.708012316683124,214.42562257954015,42.25221457954018,sled:1,play 293.66
1:666,172.17340799999997,172.21688613333333,172.21688613333333,177.9014203166831,5.7280123166831345,214.4642124820615,42.29080448206153,fdd:2,play 261.63
1:665,172.17340799999997,172.23590781666664,172.23590781666664,177.9214203166831,5.748012316683145,214.50280238458285,42.32939438458288,fdd:4,play 196.00
5:1194,172.17340799999997,172.23590799999997,172.23590799999997,177.96142031668313,5.788012316683165,214.57998218962555,42.40657418962559,fdd:1,play 246.94
1:664,172.17340799999997,172.23590799999997,172.23590799999997,177.98142031668314,5.808012316683175,214.6185720921469,42.44516409214694,fdd:3,play 146.83
5:1197,172.25492949999997,172.27938613333333,172.27938613333333,178.00142031668315,5.746490816683178,214.65716199466826,42.40223249466828,fdd:2,play 246.94
5:1196,172.25492949999997,172.29840781666664,172.29840781666664,178.02142031668316,5.766490816683188,214.6957518971896,42.440822397189635,fdd:1,play 246.94
5:1198,172.33645099999998,172.33645099999998,172.33645099999998,178.06142031668318,5.7249693166832,214.7729317022323,42.43648070223233,fdd:3,play 246.94
5:1199,172.33645099999998,172.39895081666666,172.39895081666666,178.0814203166832,5.7449693166832105,214.81152160475366,42.47507060475368,fdd:3,play 246.94
5:1200,172.4179725,172.4179725,172.4179725,178.14142031668322,5.723447816683233,214.92729131231772,42.50931881231773,fdd:2,play 246.94
5:1201,172.4179725,172.4179725,172.4179725,178.16142031668323,5.7434478166832434,214.96588121483907,42.54790871483908,fdd:4,play 246.94
3:342,172.49949399999997,172.49949399999997,172.49949399999997,178.26142031668329,5.761926316683315,215.15883072744583,42.65933672744586,fdd:1,play 196.00
1:669,172.49949399999997,172.49949399999997,172.49949399999997,178.2814203166833,5.781926316683325,215.19742062996718,42.69792662996721,fdd:2,play 98.00
1:670,172.49949399999997,172.49949399999997,172.49949399999997,178.3014203166833,5.8019263166833355,215.23601053248854,42.736516532488565,fdd:3,play 146.83
5:1203,172.49949399999997,172.49949399999997,172.49949399999997,178.32142031668332,5.821926316683346,215.2746004350099,42.77510643500992,fdd:4,play 246.94
1:671,172.49949399999997,172.56199381666664,172.56199381666664,178.34142031668333,5.841926316683356,215.31319033753124,42.81369633753127,fdd:4,play 196.00
5:1202,172.49949399999997,172.56199399999997,172.56199399999997,178.36142031668334,5.861926316683366,215.3517802400526,42.85228624005262,fdd:1,play 246.94
1:672,172.49949399999997,172.56199399999997,172.56199399999997,178.38142031668335,5.881926316683376,215.39037014257394,42.89087614257397,fdd:2,play 246.94
1:673,172.49949399999997,172.56199399999997,172.56199399999997,178.40142031668336,5.901926316683387,215.4289600450953,42.929466045095324,fdd:3,play 293.66
5:1204,172.58101549999998,172.62449381666664,172.62449381666664,178.42142031668337,5.840404816683389,215.46754994761665,42.88653444761667,fdd:1,play 246.94
5:1205,172.58101549999998,172.62449399999997,172.62449399999997,178.44142031668338,5.860404816683399,215.506139850138,42.92512435013802,fdd:2,play 246.94
5:1206,172.662537,172.662537,172.662537,178.4814203166834,5.8188833166834115,215.5833196551807,42.920782655180716,fdd:3,play 246.94
5:1207,172.662537,172.72503681666666,172.72503681666666,178.5014203166834,5.838883316683422,215.62190955770205,42.95937255770207,fdd:3,play 246.94
5:1208,172.7440585,172.7440585,172.7440585,178.54142031668343,5.797361816683434,215.69908936274476,42.95503086274476,fdd:1,play 246.94
5:1209,172.7440585,172.80655831666664,172.80655831666664,178.58142031668345,5.837361816683455,215.77626916778746,43.03221066778747,fdd:1,play 246.94
5:1210,172.82557999999997,172.82557999999997,172.82557999999997,178.64142031668348,5.815840316683506,215.89203887535152,43.06645887535154,fdd:2,play 246.94
1:675,172.82557999999997,172.82557999999997,172.82557999999997,178.6614203166835,5.835840316683516,215.93062877787287,43.105048777872895,fdd:3,play 98.00
1:677,172.82557999999997,172.82557999999997,172.82557999999997,178.6814203166835,5.855840316683526,215.96921868039422,43.14363868039425,fdd:4,play 196.00
1:679,172.82557999999997,172.82557999999997,172.82557999999997,178.7014203166835,5.8758403166835365,216.00780858291557,43.1822285829156,sled:1,play 293.66
3:343,172.82557999999997,172.86905813333328,172.86905813333328,178.72142031668352,5.895840316683547,216.04639848543692,43.22081848543695,fdd:1,play 196.00
5:1211,172.82557999999997,172.88807981666665,172.88807981666665,178.74142031668353,5.915840316683557,216.08498838795828,43.2594083879583,fdd:2,play 246.94
1:676,172.82557999999997,172.88807999999997,172.88807999999997,178.78142031668355,5.955840316683577,216.16216819300098,43.336588193001006,fdd:3,play 146.83
1:678,172.82557999999997,172.88807999999997,172.88807999999997,178.80142031668356,5.975840316683588,216.20075809552233,43.37517809552236,fdd:4,play 246.94
5:1212,172.90710149999998,172.93155813333328,172.93155813333328,178.82142031668357,5.91431881668359,216.23934799804368,43.3322464980437,fdd:1,play 246.94
5:1215,172.988623,172.988623,172.988623,178.8614203166836,5.872797316683602,216.3165278030864,43.3279048030864,fdd:4,play 246.94
5:1213,172.90710149999998,172.99405794999996,172.99405794999996,178.8814203166836,5.9743188166836205,216.35511770560774,43.44801620560776,fdd:1,play 246.94
5:1214,172.988623,173.05655776666663,173.05655776666663,178.9014203166836,5.912797316683623,216.3937076081291,43.4050846081291,fdd:1,play 246.94
5:1217,173.07014449999997,173.07014449999997,173.07014449999997,178.96142031668364,5.891275816683674,216.50947731569315,43.43933281569318,fdd:2,play 246.94
5:1216,173.07014449999997,173.07014449999997,173.07014449999997,178.98142031668365,5.911275816683684,216.5480672182145,43.47792271821453,fdd:4,play 246.94
3:344,173.15166599999998,173.15166599999998,173.15166599999998,179.0814203166837,5.929754316683727,216.74101673082126,43.58935073082128,fdd:1,play 196.00
5:1218,173.15166599999998,173.15166599999998,173.15166599999998,179.10142031668371,5.949754316683737,216.7796066333426,43.62794063334263,fdd:2,play 246.94
1:683,173.15166599999998,173.15166599999998,173.15166599999998,179.12142031668373,5.969754316683748,216.81819653586396,43.666530535863984,fdd:3,play 196.00
1:682,173.15166599999998,173.15166599999998,173.15166599999998,179.14142031668374,5.989754316683758,216.8567864383853,43.705120438385336,fdd:4,play 146.83
5:1219,173.15166599999998,173.21416581666665,173.21416581666665,179.16142031668375,6.009754316683768,216.89537634090667,43.74371034090669,fdd:2,play 246.94
1:681,173.15166599999998,173.21416599999998,173.21416599999998,179.18142031668376,6.029754316683778,216.93396624342802,43.78230024342804,fdd:1,play 196.00
1:684,173.15166599999998,173.21416599999998,173.21416599999998,179.20142031668377,6.049754316683789,216.97255614594937,43.82089014594939,fdd:3,play 246.94
1:685,173.15166599999998,173.21416599999998,173.21416599999998,179.22142031668378,6.069754316683799,217.01114604847072,43.85948004847074,fdd:4,play 293.66
5:1221,173.23318749999999,173.27666563333332,173.27666563333332,179.2414203166838,6.008232816683801,217.04973595099207,43.81654845099209,fdd:2,play 246.94
5:1220,173.23318749999999,173.27666599999998,173.27666599999998,179.2614203166838,6.028232816683811,217.08832585351342,43.85513835351344,fdd:1,play 246.94
5:1222,173.314709,173.314709,173.314709,179.30142031668382,5.986711316683824,217.16550565855613,43.850796658556135,fdd:3,play 246.94
5:1223,173.314709,173.37720881666664,173.37720881666664,179.32142031668383,6.006711316683834,217.20409556107748,43.88938656107749,fdd:3,play 246.94
5:1224,173.39623049999997,173.39623049999997,173.39623049999997,179.36142031668385,5.965189816683875,217.28127536612018,43.88504486612021,fdd:1,play 246.94
5:1225,173.39623049999997,173.45873031666665,173.45873031666665,179.40142031668387,6.005189816683895,217.3584551711629,43.962224671162915,fdd:1,play 246.94
1:687,173.47775199999998,173.47775199999998,173.47775199999998,179.4614203166839,5.983668316683918,217.47422487872694,43.99647287872696,fdd:2,play 98.00
1:689,173.47775199999998,173.47775199999998,173.47775199999998,179.4814203166839,6.003668316683928,217.5128147812483,44.035062781248314,fdd:3,play 196.00
5:1226,173.47775199999998,173.47775199999998,173.47775199999998,179.50142031668392,6.023668316683938,217.55140468376965,44.073652683769666,fdd:4,play 246.94
1:691,173.47775199999998,173.47775199999998,173.47775199999998,179.52142031668393,6.043668316683949,217.589994586291,44.11224258629102,sled:1,play 293.66
3:345,173.47775199999998,173.52123013333332,173.52123013333332,179.54142031668394,6.063668316683959,217.62858448881235,44.15083248881237,fdd:1,play 196.00
5:1227,173.47775199999998,173.54025181666665,173.54025181666665,179.56142031668395,6.083668316683969,217.6671743913337,44.18942239133372,fdd:4,play 246.94
1:688,173.47775199999998,173.54025199999998,173.54025199999998,179.60142031668397,6.12366831668399,217.7443541963764,44.266602196376425,fdd:2,play 146.83
1:690,173.47775199999998,173.54025199999998,173.54025199999998,179.62142031668398,6.143668316684,217.78294409889776,44.30519209889778,fdd:3,play 246.94
5:1228,173.5592735,173.60275199999998,173.60275199999998,179.641420316684,6.082146816684002,217.8215340014191,44.26226050141912,fdd:2,play 246.94
5:1229,173.5592735,173.60275199999998,173.60275199999998,179.661420316684,6.102146816684012,217.86012390394046,44.30085040394047,fdd:3,play 246.94
5:1230,173.64079499999997,173.64079499999997,173.64079499999997,179.72142031668403,6.080625316684063,217.97589361150452,44.33509861150455,fdd:1,play 246.94
3:346,173.64079499999997,173.64079499999997,173.64079499999997,179.74142031668404,6.100625316684074,218.01448351402587,44.3736885140259,fdd:4,play 110.00
5:1231,173.64079499999997,173.70329481666664,173.70329481666664,179.76142031668405,6.120625316684084,218.05307341654722,44.41227841654725,fdd:1,play 246.94
5:1232,173.72231649999998,173.72231649999998,173.72231649999998,179.80142031668407,6.079103816684096,218.13025322158992,44.40793672158995,fdd:2,play 246.94
5:1233,173.72231649999998,173.78481631666665,173.78481631666665,179.82142031668408,6.0991038166841065,218.16884312411128,44.4465266241113,fdd:2,play 246.94
3:347,173.80383799999998,173.80383799999998,173.80383799999998,179.90142031668412,6.097582316684139,218.32320273419668,44.5193647341967,fdd:1,play 196.00
5:1235,173.80383799999998,173.80383799999998,173.80383799999998,179.92142031668413,6.11758231668415,218.36179263671804,44.55795463671805,fdd:3,play 196.00
1:694,173.80383799999998,173.80383799999998,173.80383799999998,179.94142031668414,6.13758231668416,218.4003825392394,44.5965445392394,fdd:4,play 146.83
1:697,173.80383799999998,173.80383799999998,173.80383799999998,179.96142031668415,6.15758231668417,218.43897244176074,44.635134441760755,sled:1,play 293.66
1:696,173.80383799999998,173.84731613333332,173.84731613333332,179.98142031668417,6.17758231668418,218.4775623442821,44.67372434428211,fdd:2,play 246.94
1:693,173.80383799999998,173.86633781666666,173.86633781666666,180.00142031668418,6.197582316684191,218.51615224680344,44.71231424680346,fdd:3,play 98.00
5:1234,173.80383799999998,173.86633799999998,173.86633799999998,180.0414203166842,6.237582316684211,218.59333205184615,44.78949405184616,fdd:1,play 196.00
1:695,173.80383799999998,173.86633799999998,173.86633799999998,180.0614203166842,6.257582316684221,218.6319219543675,44.828083954367514,fdd:4,play 196.00
5:1237,173.8853595,173.90981613333332,173.90981613333332,180.08142031668422,6.1960608166842235,218.67051185688885,44.78515235688886,fdd:2,play 196.00
5:1236,173.8853595,173.92883781666666,173.92883781666666,180.10142031668423,6.216060816684234,218.7091017594102,44.82374225941021,fdd:1,play 196.00
5:1238,173.96688099999997,173.96688099999997,173.96688099999997,180.14142031668425,6.174539316684275,218.7862815644529,44.819400564452934,fdd:4,play 196.00
5:1239,173.96688099999997,174.02938081666665,174.02938081666665,180.16142031668426,6.194539316684285,218.82487146697426,44.857990466974286,fdd:4,play 196.00
5:1240,174.04840249999998,174.04840249999998,174.04840249999998,180.2214203166843,6.1730178166843075,218.9406411745383,44.89223867453833,fdd:1,play 196.00
5:1241,174.04840249999998,174.04840249999998,174.04840249999998,180.2414203166843,6.193017816684318,218.97923107705967,44.930828577059685,fdd:2,play 196.00
5:1242,174.129924,174.129924,174.129924,180.34142031668435,6.211496316684361,219.17218058966643,45.04225658966644,fdd:1,play 196.00
5:1243,174.129924,174.129924,174.129924,180.36142031668436,6.231496316684371,219.21077049218778,45.08084649218779,fdd:2,play 196.00
1:702,174.129924,174.129924,174.129924,180.38142031668437,6.251496316684381,219.24936039470913,45.11943639470914,fdd:3,play 246.94
1:701,174.129924,174.129924,174.129924,180.40142031668438,6.271496316684392,219.28795029723048,45.15802629723049,fdd:4,play 196.00
1:699,174.129924,174.19242381666663,174.19242381666663,180.4214203166844,6.291496316684402,219.32654019975183,45.196616199751844,fdd:1,play 196.00
1:700,174.129924,174.19242381666663,174.19242381666663,180.4414203166844,6.311496316684412,219.36513010227318,45.235206102273196,fdd:2,play 146.83
1:703,174.129924,174.192424,174.192424,180.4614203166844,6.331496316684422,219.40372000479454,45.27379600479455,fdd:3,play 293.66
1:704,174.129924,174.192424,174.192424,180.48142031668442,6.3514963166844325,219.4423099073159,45.3123859073159,fdd:4,play 196.00
5:1244,174.21144549999997,174.25492381666663,174.25492381666663,180.50142031668443,6.289974816684463,219.48089980983724,45.26945430983727,fdd:1,play 196.00
5:1245,174.21144549999997,174.254924,174.254924,180.52142031668444,6.309974816684473,219.5194897123586,45.308044212358624,fdd:3,play 196.00
5:1247,174.29296699999998,174.29296699999998,174.29296699999998,180.56142031668446,6.268453316684486,219.5966695174013,45.30370251740132,fdd:4,play 196.00
3:348,174.29296699999998,174.3174236333333,174.3174236333333,180.58142031668447,6.288453316684496,219.63525941992265,45.34229241992267,fdd:1,play 196.00
5:1249,174.37448849999998,174.37448849999998,174.37448849999998,180.6214203166845,6.2469318166845085,219.71243922496535,45.33795072496537,fdd:3,play 196.00
5:1246,174.29296699999998,174.3799236333333,174.3799236333333,180.6414203166845,6.348453316684527,219.7510291274867,45.45806212748673,fdd:1,play 196.00
5:1248,174.37448849999998,174.44242344999998,174.44242344999998,180.70142031668453,6.326931816684549,219.86679883505076,45.492310335050774,fdd:1,play 196.00
4:182,174.45601,174.45601,174.45601,180.78142031668457,6.325410316684582,219.9825685426148,45.52655854261482,drum:1,drum_on 369.99
1:705,174.45601,174.45601,174.45601,180.80142031668458,6.3454103166845925,220.0597483476575,45.6037383476575,fdd:2,play 98.00
1:707,174.45601,174.45601,174.45601,180.8214203166846,6.365410316684603,220.09833825017884,45.64232825017885,fdd:3,play 196.00
5:1250,174.45601,174.45601,174.45601,180.8414203166846,6.385410316684613,220.1369281527002,45.6809181527002,fdd:4,play 196.00
1:709,174.45601,174.45601,174.45601,180.86142031668462,6.405410316684623,220.17551805522154,45.71950805522155,sled:1,play 293.66
3:349,174.45601,174.50492326666665,174.50492326666665,180.88142031668463,6.4254103166846335,220.2141079577429,45.758097957742905,fdd:1,play 146.83
5:1251,174.45601,174.51850981666664,174.51850981666664,180.90142031668464,6.445410316684644,220.25269786026425,45.79668786026426,fdd:4,play 196.00
1:706,174.45601,174.51851,174.51851,180.94142031668466,6.485410316684664,220.32987766530695,45.87386766530696,fdd:2,play 146.83
1:708,174.45601,174.51851,174.51851,180.96142031668467,6.505410316684674,220.3684675678283,45.91245756782831,fdd:3,play 246.94
5:1252,174.53753149999997,174.56742326666665,174.56742326666665,180.98142031668468,6.443888816684705,220.40705747034966,45.869525970349684,fdd:1,play 196.00
5:1253,174.53753149999997,174.58101,174.58101,181.0014203166847,6.463888816684715,220.445647372871,45.908115872871036,fdd:2,play 196.00
4:183,174.61905299999998,174.61905299999998,174.61905299999998,181.08142031668473,6.462367316684748,220.56141708043506,45.942364080435084,drum:1,drum_on 392.00
5:1254,174.61905299999998,174.61905299999998,174.61905299999998,181.10142031668474,6.482367316684758,220.63859688547774,46.01954388547776,fdd:3,play 196.00
5:1255,174.61905299999998,174.68155281666665,174.68155281666665,181.12142031668475,6.502367316684769,220.6771867879991,46.05813378799911,fdd:3,play 196.00
5:1256,174.7005745,174.7005745,174.7005745,181.18142031668478,6.480845816684791,220.79295649556315,46.09238199556316,fdd:1,play 196.00
5:1257,174.7005745,174.7005745,174.7005745,181.2014203166848,6.5008458166848015,220.8315463980845,46.13097189808451,fdd:2,play 196.00
4:184,174.78209599999997,174.78209599999997,174.78209599999997,181.34142031668486,6.559324316684894,221.0630858132126,46.28098981321264,drum:1,drum_on 369.99
5:1258,174.78209599999997,174.78209599999997,174.78209599999997,181.36142031668487,6.579324316684904,221.14026561825528,46.35816961825532,fdd:1,play 185.00
3:350,174.78209599999997,174.78209599999997,174.78209599999997,181.38142031668488,6.599324316684914,221.17885552077664,46.39675952077667,fdd:2,play 123.47
1:711,174.78209599999997,174.78209599999997,174.78209599999997,181.4014203166849,6.619324316684924,221.217445423298,46.43534942329802,fdd:3,play 123.47
1:713,174.78209599999997,174.78209599999997,174.78209599999997,181.4214203166849,6.6393243166849345,221.25603532581934,46.47393932581937,fdd:4,play 246.94
1:712,174.78209599999997,174.84459581666664,174.84459581666664,181.4414203166849,6.659324316684945,221.2946252283407,46.512529228340725,fdd:1,play 185.00
5:1259,174.78209599999997,174.84459599999997,174.84459599999997,181.46142031668492,6.679324316684955,221.33321513086204,46.55111913086208,fdd:2,play 185.00
1:714,174.78209599999997,174.84459599999997,174.84459599999997,181.48142031668493,6.699324316684965,221.3718050333834,46.58970903338343,fdd:3,play 311.13
1:715,174.78209599999997,174.84459599999997,174.84459599999997,181.50142031668494,6.719324316684975,221.41039493590475,46.62829893590478,fdd:4,play 185.00
5:1260,174.86361749999998,174.90709581666664,174.90709581666664,181.52142031668495,6.657802816684978,221.4489848384261,46.585367338426124,fdd:1,play 185.00
5:1261,174.86361749999998,174.90709599999997,174.90709599999997,181.54142031668496,6.677802816684988,221.48757474094745,46.623957240947476,fdd:3,play 185.00
5:1262,174.94513899999998,174.94513899999998,174.94513899999998,181.58142031668498,6.636281316685,221.56475454599016,46.61961554599017,fdd:4,play 185.00
5:1263,174.94513899999998,175.00763881666666,175.00763881666666,181.601420316685,6.6562813166850106,221.6033444485115,46.658205448511524,fdd:4,play 185.00
5:1264,175.0266605,175.0266605,175.0266605,181.66142031668502,6.634759816685033,221.71911415607556,46.69245365607557,fdd:1,play 185.00
5:1265,175.0266605,175.0266605,175.0266605,181.68142031668503,6.6547598166850435,221.75770405859691,46.73104355859692,fdd:3,play 185.00
5:1266,175.10818199999997,175.10818199999997,175.10818199999997,181.76142031668508,6.653238316685105,221.91206366868232,46.80388166868235,fdd:1,play 185.00
5:1267,175.10818199999997,175.10818199999997,175.10818199999997,181.7814203166851,6.673238316685115,221.95065357120367,46.8424715712037,fdd:3,play 185.00
5:1268,175.18970349999998,175.18970349999998,175.18970349999998,181.84142031668512,6.651716816685138,222.06642327876773,46.87671977876775,fdd:1,play 185.00
5:1269,175.18970349999998,175.18970349999998,175.18970349999998,181.86142031668513,6.671716816685148,222.10501318128908,46.9153096812891,fdd:4,play 185.00
5:1270,175.271225,175.271225,175.271225,181.92142031668516,6.650195316685171,222.22078288885314,46.94955788885315,fdd:1,play 185.00
5:1271,175.271225,175.271225,175.271225,181.94142031668517,6.670195316685181,222.2593727913745,46.9881477913745,fdd:4,play 185.00
5:1272,175.35274649999997,175.35274649999997,175.35274649999997,182.0014203166852,6.648673816685232,222.37514249893854,47.02239599893858,fdd:1,play 185.00
5:1273,175.35274649999997,175.35274649999997,175.35274649999997,182.0214203166852,6.668673816685242,222.4137324014599,47.06098590145993,fdd:2,play 185.00
5:1274,175.43426799999997,175.43426799999997,175.43426799999997,182.12142031668526,6.687152316685285,222.60668191406666,47.17241391406668,fdd:1,play 185.00
3:351,175.43426799999997,175.43426799999997,175.43426799999997,182.14142031668527,6.7071523166852955,222.645271816588,47.21100381658803,fdd:2,play 123.47
1:717,175.43426799999997,175.43426799999997,175.43426799999997,182.16142031668528,6.727152316685306,222.68386171910936,47.249593719109384,fdd:3,play 123.47
1:720,175.43426799999997,175.43426799999997,175.43426799999997,182.1814203166853,6.747152316685316,222.7224516216307,47.288183621630736,fdd:4,play 311.13
1:718,175.43426799999997,175.49676781666665,175.49676781666665,182.2014203166853,6.767152316685326,222.76104152415206,47.32677352415209,fdd:1,play 185.00
5:1275,175.43426799999997,175.49676799999997,175.49676799999997,182.2214203166853,6.7871523166853365,222.79963142667341,47.36536342667344,fdd:2,play 185.00
1:719,175.43426799999997,175.49676799999997,175.49676799999997,182.24142031668532,6.807152316685347,222.83822132919477,47.40395332919479,fdd:3,play 246.94
1:721,175.43426799999997,175.49676799999997,175.49676799999997,182.26142031668533,6.827152316685357,222.87681123171612,47.442543231716144,fdd:4,play 185.00
5:1276,175.51578949999998,175.55926781666665,175.55926781666665,182.28142031668534,6.765630816685359,222.91540113423747,47.39961163423749,fdd:1,play 185.00
5:1277,175.51578949999998,175.55926781666665,175.55926781666665,182.30142031668535,6.785630816685369,222.95399103675882,47.43820153675884,fdd:2,play 185.00
5:1278,175.597311,175.597311,175.597311,182.34142031668537,6.744109316685382,223.03117084180153,47.433859841801535,fdd:3,play 185.00
5:1279,175.597311,175.65981081666663,175.65981081666663,182.36142031668538,6.764109316685392,223.06976074432288,47.47244974432289,fdd:3,play 185.00
5:1280,175.67883249999997,175.67883249999997,175.67883249999997,182.4214203166854,6.742587816685443,223.18553045188693,47.50669795188696,fdd:1,play 185.00
5:1281,175.67883249999997,175.67883249999997,175.67883249999997,182.44142031668542,6.762587816685453,223.22412035440829,47.545287854408315,fdd:2,play 185.00
5:1282,175.76035399999998,175.76035399999998,175.76035399999998,182.52142031668546,6.761066316685486,223.3784799644937,47.618125964493714,fdd:1,play 185.00
5:1283,175.76035399999998,175.76035399999998,175.76035399999998,182.54142031668547,6.7810663166854965,223.41706986701504,47.656715867015066,fdd:3,play 185.00
5:1284,175.8418755,175.8418755,175.8418755,182.5814203166855,6.739544816685509,223.49424967205775,47.65237417205776,fdd:1,play 185.00
5:1285,175.8418755,175.8418755,175.8418755,182.6014203166855,6.759544816685519,223.5328395745791,47.690964074579114,fdd:4,play 185.00
5:1286,175.92339699999997,175.92339699999997,175.92339699999997,182.68142031668555,6.7580233166855805,223.6871991846645,47.76380218466454,fdd:1,play 185.00
3:352,175.92339699999997,175.92339699999997,175.92339699999997,182.70142031668556,6.778023316685591,223.72578908718586,47.80239208718589,fdd:2,play 123.47
5:1287,175.92339699999997,175.92339699999997,175.92339699999997,182.72142031668557,6.798023316685601,223.7643789897072,47.840981989707245,fdd:4,play 185.00
5:1288,176.00491849999997,176.00491849999997,176.00491849999997,182.8014203166856,6.796501816685634,223.91873859979262,47.913820099792645,fdd:1,play 185.00
5:1289,176.00491849999997,176.00491849999997,176.00491849999997,182.82142031668562,6.816501816685644,223.95732850231397,47.952410002314,fdd:4,play 185.00
5:1290,176.08643999999998,176.08643999999998,176.08643999999998,182.90142031668566,6.814980316685677,224.11168811239938,48.025248112399396,fdd:1,play 185.00
5:1291,176.08643999999998,176.08643999999998,176.08643999999998,182.92142031668567,6.834980316685687,224.15027801492073,48.06383801492075,fdd:2,play 185.00
3:353,176.08643999999998,176.08643999999998,176.08643999999998,182.94142031668568,6.8549803166856975,224.18886791744208,48.1024279174421,fdd:3,play 123.47
1:726,176.08643999999998,176.08643999999998,176.08643999999998,182.9614203166857,6.874980316685708,224.22745781996343,48.14101781996345,fdd:4,play 311.13
1:724,176.08643999999998,176.14893981666665,176.14893981666665,182.9814203166857,6.894980316685718,224.26604772248479,48.1796077224848,fdd:1,play 185.00
1:723,176.08643999999998,176.14893981666665,176.14893981666665,183.0014203166857,6.914980316685728,224.30463762500614,48.218197625006155,fdd:2,play 123.47
1:725,176.08643999999998,176.14893999999998,176.14893999999998,183.02142031668572,6.934980316685738,224.3432275275275,48.25678752752751,fdd:3,play 246.94
1:727,176.08643999999998,176.14893999999998,176.14893999999998,183.04142031668573,6.954980316685749,224.38181743004884,48.29537743004886,fdd:4,play 185.00
5:1292,176.1679615,176.21143981666665,176.21143981666665,183.06142031668574,6.893458816685751,224.4204073325702,48.2524458325702,fdd:1,play 185.00
5:1293,176.1679615,176.21143981666665,176.21143981666665,183.08142031668575,6.913458816685761,224.45899723509154,48.291035735091555,fdd:2,play 185.00
5:1294,176.24948299999997,176.24948299999997,176.24948299999997,183.12142031668577,6.871937316685802,224.53617704013425,48.28669404013428,fdd:3,play 185.00
5:1295,176.24948299999997,176.31198281666664,176.31198281666664,183.14142031668578,6.891937316685812,224.5747669426556,48.32528394265563,fdd:3,play 185.00
5:1296,176.33100449999998,176.33100449999998,176.33100449999998,183.2014203166858,6.870415816685835,224.69053665021966,48.35953215021968,fdd:1,play 185.00
5:1297,176.33100449999998,176.33100449999998,176.33100449999998,183.22142031668582,6.890415816685845,224.729126552741,48.39812205274103,fdd:2,play 185.00
5:1298,176.41252599999999,176.41252599999999,176.41252599999999,183.32142031668587,6.908894316685888,224.92207606534777,48.50955006534778,fdd:1,play 185.00
3:354,176.41252599999999,176.41252599999999,176.41252599999999,183.34142031668588,6.9288943166858985,224.96066596786912,48.54813996786913,fdd:2,play 123.47
5:1299,176.41252599999999,176.41252599999999,176.41252599999999,183.3614203166859,6.948894316685909,224.99925587039047,48.586729870390485,fdd:3,play 185.00
1:731,176.41252599999999,176.41252599999999,176.41252599999999,183.3814203166859,6.968894316685919,225.03784577291182,48.62531977291184,fdd:4,play 246.94
1:730,176.41252599999999,176.47502581666666,176.47502581666666,183.40142031668591,6.988894316685929,225.07643567543317,48.66390967543319,fdd:1,play 185.00
1:732,176.41252599999999,176.47502581666666,176.47502581666666,183.42142031668592,7.008894316685939,225.11502557795453,48.70249957795454,fdd:3,play 311.13
1:729,176.41252599999999,176.47502599999999,176.47502599999999,183.44142031668594,7.02889431668595,225.15361548047588,48.74108948047589,fdd:2,play 123.47
1:733,176.41252599999999,176.47502599999999,176.47502599999999,183.46142031668595,7.04889431668596,225.19220538299723,48.779679382997244,fdd:4,play 185.00
5:1300,176.4940475,176.53752581666666,176.53752581666666,183.48142031668596,6.987372816685962,225.23079528551858,48.73674778551859,fdd:1,play 185.00
5:1301,176.4940475,176.53752581666666,176.53752581666666,183.50142031668597,7.007372816685972,225.26938518803993,48.77533768803994,fdd:3,play 185.00
5:1302,176.57556899999997,176.57556899999997,176.57556899999997,183.541420316686,6.965851316686013,225.34656499308264,48.770995993082664,fdd:2,play 185.00
5:1303,176.57556899999997,176.63806881666665,176.63806881666665,183.561420316686,6.985851316686023,225.385154895604,48.809585895604016,fdd:2,play 185.00
5:1304,176.65709049999998,176.65709049999998,176.65709049999998,183.62142031668603,6.964329816686046,225.50092460316804,48.843834103168064,fdd:1,play 185.00
5:1305,176.65709049999998,176.65709049999998,176.65709049999998,183.64142031668604,6.984329816686056,225.5395145056894,48.882424005689415,fdd:3,play 185.00
5:1306,176.738612,176.738612,176.738612,183.7414203166861,7.0028083166860995,225.73246401829616,48.99385201829617,fdd:1,play 185.00
5:1307,176.738612,176.738612,176.738612,183.7614203166861,7.02280831668611,225.7710539208175,49.03244192081752,fdd:2,play 185.00
1:737,176.738612,176.738612,176.738612,183.7814203166861,7.04280831668612,225.80964382333886,49.07103182333887,fdd:3,play 246.94
1:739,176.738612,176.738612,176.738612,183.80142031668612,7.06280831668613,225.8482337258602,49.10962172586022,fdd:4,play 185.00
1:736,176.738612,176.80111181666663,176.80111181666663,183.82142031668613,7.08280831668614,225.88682362838156,49.148211628381574,fdd:1,play 185.00
1:735,176.738612,176.80111181666663,176.80111181666663,183.84142031668614,7.102808316686151,225.92541353090292,49.186801530902926,fdd:2,play 123.47
1:738,176.738612,176.801112,176.801112,183.86142031668615,7.122808316686161,225.96400343342427,49.22539143342428,fdd:3,play 311.13
1:740,176.738612,176.801112,176.801112,183.88142031668616,7.142808316686171,226.00259333594562,49.26398133594563,fdd:4,play 246.94
5:1308,176.82013349999997,176.86361181666663,176.86361181666663,183.90142031668617,7.081286816686202,226.04118323846697,49.221049738467,fdd:1,play 185.00
5:1309,176.82013349999997,176.86361181666663,176.86361181666663,183.92142031668618,7.101286816686212,226.07977314098832,49.259639640988354,fdd:2,play 185.00
5:1310,176.90165499999998,176.90165499999998,176.90165499999998,183.9614203166862,7.059765316686224,226.15695294603103,49.25529794603105,fdd:3,play 185.00
5:1311,176.90165499999998,176.96415481666665,176.96415481666665,183.9814203166862,7.079765316686235,226.19554284855238,49.2938878485524,fdd:3,play 185.00
5:1312,176.98317649999998,176.98317649999998,176.98317649999998,184.04142031668624,7.058243816686257,226.31131255611643,49.32813605611645,fdd:1,play 185.00
5:1313,176.98317649999998,176.98317649999998,176.98317649999998,184.06142031668625,7.078243816686268,226.34990245863779,49.3667259586378,fdd:4,play 185.00
3:355,177.064698,177.064698,177.064698,184.1614203166863,7.096722316686311,226.54285197124454,49.47815397124455,fdd:1,play 185.00
1:741,177.064698,177.064698,177.064698,184.1814203166863,7.116722316686321,226.5814418737659,49.516743873765904,fdd:2,play 123.47
5:1315,177.064698,177.064698,177.064698,184.20142031668632,7.136722316686331,226.62003177628725,49.555333776287256,fdd:3,play 185.00
1:743,177.064698,177.064698,177.064698,184.22142031668633,7.156722316686341,226.6586216788086,49.59392367880861,fdd:4,play 246.94
1:742,177.064698,177.12719781666664,177.12719781666664,184.24142031668634,7.176722316686352,226.69721158132995,49.63251358132996,fdd:3,play 185.00
5:1314,177.064698,177.127198,177.127198,184.26142031668635,7.196722316686362,226.7358014838513,49.67110348385131,fdd:1,play 185.00
1:744,177.064698,177.127198,177.127198,184.28142031668636,7.216722316686372,226.77439138637266,49.70969338637266,fdd:2,play 311.13
1:745,177.064698,177.127198,177.127198,184.30142031668638,7.236722316686382,226.812981288894,49.748283288894015,fdd:4,play 185.00
5:1316,177.14621949999997,177.18969781666664,177.18969781666664,184.32142031668639,7.175200816686413,226.85157119141536,49.70535169141539,fdd:1,play 185.00
5:1317,177.14621949999997,177.189698,177.189698,184.3414203166864,7.195200816686423,226.8901610939367,49.74394159393674,fdd:2,play 185.00
5:1318,177.22774099999998,177.22774099999998,177.22774099999998,184.38142031668642,7.153679316686436,226.96734089897942,49.739599898979435,fdd:4,play 185.00
5:1319,177.22774099999998,177.29024081666665,177.29024081666665,184.40142031668643,7.173679316686446,227.00593080150077,49.77818980150079,fdd:4,play 185.00
5:1320,177.3092625,177.3092625,177.3092625,184.46142031668646,7.1521578166864685,227.12170050906482,49.812438009064834,fdd:1,play 185.00
5:1321,177.3092625,177.3092625,177.3092625,184.48142031668647,7.172157816686479,227.16029041158617,49.851027911586186,fdd:2,play 185.00
5:1322,177.39078399999997,177.39078399999997,177.39078399999997,184.58142031668652,7.19063631668655,227.35323992419293,49.962455924192966,fdd:1,play 220.00
3:356,177.39078399999997,177.39078399999997,177.39078399999997,184.60142031668653,7.210636316686561,227.3918298267143,50.00104582671432,fdd:2,play 123.47
1:750,177.39078399999997,177.39078399999997,177.39078399999997,184.62142031668654,7.230636316686571,227.43041972923564,50.03963572923567,fdd:3,play 311.13
5:1323,177.39078399999997,177.39078399999997,177.39078399999997,184.64142031668655,7.250636316686581,227.469009631757,50.07822563175702,fdd:4,play 220.00
1:748,177.39078399999997,177.45328381666664,177.45328381666664,184.66142031668656,7.270636316686591,227.50759953427834,50.11681553427837,fdd:1,play 185.00
1:749,177.39078399999997,177.45328381666664,177.45328381666664,184.68142031668657,7.2906363166866015,227.5461894367997,50.155405436799725,fdd:4,play 246.94
1:747,177.39078399999997,177.45328399999997,177.45328399999997,184.70142031668658,7.310636316686612,227.58477933932105,50.19399533932108,fdd:2,play 123.47
1:751,177.39078399999997,177.45328399999997,177.45328399999997,184.7214203166866,7.330636316686622,227.6233692418424,50.23258524184243,fdd:3,play 185.00
5:1324,177.47230549999998,177.51578381666664,177.51578381666664,184.7414203166866,7.269114816686624,227.66195914436375,50.18965364436377,fdd:1,play 220.00
5:1325,177.47230549999998,177.51578399999997,177.51578399999997,184.7614203166866,7.289114816686634,227.7005490468851,50.228243546885125,fdd:3,play 220.00
5:1326,177.55382699999998,177.55382699999998,177.55382699999998,184.80142031668663,7.247593316686647,227.7777288519278,50.22390185192782,fdd:2,play 220.00
5:1327,177.55382699999998,177.61632681666666,177.61632681666666,184.82142031668664,7.267593316686657,227.81631875444916,50.26249175444917,fdd:2,play 220.00
5:1328,177.6353485,177.6353485,177.6353485,184.86142031668666,7.2260718166866695,227.89349855949186,50.25815005949187,fdd:1,play 220.00
5:1329,177.6353485,177.69784831666664,177.69784831666664,184.90142031668668,7.26607181668669,227.97067836453456,50.33532986453457,fdd:1,play 220.00
3:357,177.71686999999997,177.71686999999997,177.71686999999997,184.9614203166867,7.244550316686741,228.08644807209862,50.36957807209865,fdd:2,play 123.47
5:1331,177.71686999999997,177.71686999999997,177.71686999999997,184.98142031668672,7.264550316686751,228.12503797461997,50.40816797462,fdd:3,play 220.00
1:754,177.71686999999997,177.71686999999997,177.71686999999997,185.00142031668673,7.284550316686762,228.16362787714132,50.44675787714135,fdd:4,play 185.00
1:756,177.71686999999997,177.76034813333328,177.76034813333328,185.02142031668674,7.304550316686772,228.20221777966267,50.4853477796627,fdd:1,play 311.13
1:753,177.71686999999997,177.77936981666664,177.77936981666664,185.04142031668675,7.324550316686782,228.24080768218403,50.523937682184055,fdd:3,play 123.47
5:1330,177.71686999999997,177.77936999999997,177.77936999999997,185.06142031668676,7.344550316686792,228.27939758470538,50.56252758470541,fdd:2,play 220.00
1:755,177.71686999999997,177.77936999999997,177.77936999999997,185.08142031668677,7.3645503166868025,228.31798748722673,50.60111748722676,fdd:4,play 246.94
5:1332,177.79839149999998,177.84186981666664,177.84186981666664,185.10142031668678,7.303028816686805,228.35657738974808,50.5581858897481,fdd:2,play 220.00
5:1333,177.79839149999998,177.84186999999997,177.84186999999997,185.1214203166868,7.323028816686815,228.39516729226943,50.596775792269455,fdd:4,play 220.00
5:1334,177.879913,177.879913,177.879913,185.16142031668682,7.281507316686827,228.47234709731214,50.59243409731215,fdd:1,play 220.00
5:1335,177.879913,177.94241281666663,177.94241281666663,185.18142031668683,7.301507316686838,228.5109369998335,50.6310239998335,fdd:1,play 220.00
5:1337,177.96143449999997,177.96143449999997,177.96143449999997,185.24142031668686,7.279985816686889,228.62670670739755,50.66527220739758,fdd:2,play 220.00
5:1336,177.96143449999997,177.96143449999997,177.96143449999997,185.26142031668687,7.299985816686899,228.6652966099189,50.70386210991893,fdd:4,play 220.00
5:1338,178.04295599999998,178.04295599999998,178.04295599999998,185.36142031668692,7.318464316686942,228.85824612252566,50.81529012252568,fdd:1,play 220.00
3:358,178.04295599999998,178.04295599999998,178.04295599999998,185.38142031668693,7.338464316686952,228.896836025047,50.85388002504703,fdd:2,play 123.47
1:760,178.04295599999998,178.04295599999998,178.04295599999998,185.40142031668694,7.3584643166869625,228.93542592756836,50.892469927568385,fdd:3,play 185.00
1:762,178.04295599999998,178.04295599999998,178.04295599999998,185.42142031668695,7.378464316686973,228.9740158300897,50.93105983008974,fdd:4,play 311.13
5:1339,178.04295599999998,178.10545581666665,178.10545581666665,185.44142031668696,7.398464316686983,229.01260573261106,50.96964973261109,fdd:1,play 220.00
1:759,178.04295599999998,178.10545599999998,178.10545599999998,185.46142031668697,7.418464316686993,229.05119563513242,51.00823963513244,fdd:2,play 123.47
1:761,178.04295599999998,178.10545599999998,178.10545599999998,185.48142031668698,7.4384643166870035,229.08978553765377,51.04682953765379,fdd:3,play 246.94
1:763,178.04295599999998,178.10545599999998,178.10545599999998,185.501420316687,7.458464316687014,229.12837544017512,51.085419440175144,fdd:4,play 185.00
5:1340,178.12447749999998,178.16795563333332,178.16795563333332,185.521420316687,7.396942816687016,229.16696534269647,51.04248784269649,fdd:1,play 220.00
5:1341,178.12447749999998,178.16795599999998,178.16795599999998,185.541420316687,7.416942816687026,229.20555524521782,51.08107774521784,fdd:2,play 220.00
5:1342,178.205999,178.205999,178.205999,185.58142031668703,7.375421316687039,229.28273505026053,51.076736050260536,fdd:3,play 220.00
5:1343,178.205999,178.26849881666664,178.26849881666664,185.60142031668704,7.395421316687049,229.32132495278188,51.11532595278189,fdd:3,play 220.00
5:1344,178.28752049999997,178.28752049999997,178.28752049999997,185.66142031668707,7.3738998166871,229.43709466034593,51.14957416034596,fdd:2,play 220.00
5:1345,178.28752049999997,178.28752049999997,178.28752049999997,185.68142031668708,7.39389981668711,229.4756845628673,51.188164062867315,fdd:4,play 220.00
5:1347,178.36904199999998,178.36904199999998,178.36904199999998,185.78142031668713,7.412378316687153,229.66863407547405,51.29959207547407,fdd:1,play 220.00
1:767,178.36904199999998,178.36904199999998,178.36904199999998,185.80142031668714,7.4323783166871635,229.7072239779954,51.33818197799542,fdd:2,play 246.94
3:359,178.36904199999998,178.36904199999998,178.36904199999998,185.82142031668715,7.452378316687174,229.74581388051675,51.37677188051677,fdd:3,play 123.47
5:1346,178.36904199999998,178.36904199999998,178.36904199999998,185.84142031668716,7.472378316687184,229.7844037830381,51.41536178303812,fdd:4,play 220.00
1:766,178.36904199999998,178.43154181666665,178.43154181666665,185.86142031668717,7.492378316687194,229.82299368555945,51.453951685559474,fdd:1,play 185.00
1:765,178.36904199999998,178.43154181666665,178.43154181666665,185.88142031668718,7.5123783166872045,229.8615835880808,51.492541588080826,fdd:4,play 123.47
1:768,178.36904199999998,178.43154199999998,178.43154199999998,185.9014203166872,7.532378316687215,229.90017349060216,51.53113149060218,fdd:2,play 311.13
1:769,178.36904199999998,178.43154199999998,178.43154199999998,185.9214203166872,7.552378316687225,229.9387633931235,51.56972139312353,fdd:3,play 185.00
5:1348,178.4505635,178.49404181666665,178.49404181666665,185.9414203166872,7.490856816687227,229.97735329564486,51.52678979564487,fdd:1,play 220.00
5:1349,178.4505635,178.49404199999998,178.49404199999998,185.96142031668722,7.510856816687237,230.0159431981662,51.565379698166225,fdd:2,play 220.00
5:1350,178.53208499999997,178.53208499999997,178.53208499999997,186.00142031668724,7.469335316687278,230.09312300320892,51.56103800320895,fdd:3,play 220.00
5:1351,178.53208499999997,178.59458481666664,178.59458481666664,186.02142031668726,7.4893353166872885,230.13171290573027,51.5996279057303,fdd:3,play 220.00
5:1352,178.61360649999997,178.61360649999997,178.61360649999997,186.06142031668728,7.447813816687301,230.20889271077297,51.595286210773,fdd:1,play 220.00
5:1353,178.61360649999997,178.67610631666665,178.67610631666665,186.1014203166873,7.487813816687321,230.28607251581568,51.6724660158157,fdd:1,play 220.00
3:360,178.69512799999998,178.69512799999998,178.69512799999998,186.16142031668733,7.466292316687344,230.40184222337973,51.70671422337975,fdd:2,play 123.47
5:1354,178.69512799999998,178.69512799999998,178.69512799999998,186.18142031668734,7.486292316687354,230.44043212590108,51.7453041259011,fdd:3,play 220.00
1:772,178.69512799999998,178.69512799999998,178.69512799999998,186.20142031668735,7.5062923166873645,230.47902202842243,51.78389402842245,fdd:4,play 185.00
1:774,178.69512799999998,178.73860613333332,178.73860613333332,186.22142031668736,7.526292316687375,230.5176119309438,51.822483930943804,fdd:1,play 311.13
1:771,178.69512799999998,178.75762781666666,178.75762781666666,186.24142031668737,7.546292316687385,230.55620183346514,51.861073833465156,fdd:3,play 123.47
5:1355,178.69512799999998,178.75762799999998,178.75762799999998,186.26142031668738,7.566292316687395,230.5947917359865,51.89966373598651,fdd:2,play 220.00
1:773,178.69512799999998,178.75762799999998,178.75762799999998,186.2814203166874,7.5862923166874054,230.63338163850784,51.93825363850786,fdd:4,play 246.94
5:1356,178.7766495,178.80110613333332,178.80110613333332,186.3014203166874,7.524770816687408,230.6719715410292,51.8953220410292,fdd:1,play 220.00
5:1359,178.85817099999997,178.85817099999997,178.85817099999997,186.34142031668742,7.4832493166874485,230.7491513460719,51.89098034607193,fdd:2,play 220.00
5:1357,178.7766495,178.86360594999996,178.86360594999996,186.36142031668743,7.584770816687438,230.78774124859325,52.01109174859326,fdd:1,play 220.00
5:1358,178.85817099999997,178.9261057666666,178.9261057666666,186.38142031668744,7.523249316687469,230.8263311511146,51.96816015111463,fdd:1,play 220.00
5:1360,178.93969249999998,178.93969249999998,178.93969249999998,186.42142031668746,7.481727816687481,230.9035109561573,51.96381845615733,fdd:2,play 220.00
5:1361,178.93969249999998,179.00219231666665,179.00219231666665,186.4814203166875,7.541727816687512,231.01928066372136,52.07958816372138,fdd:2,play 220.00
5:1362,179.021214,179.021214,179.021214,186.5214203166875,7.500206316687525,231.09646046876406,52.07524646876408,fdd:1,play 220.00
3:361,179.021214,179.021214,179.021214,186.54142031668752,7.520206316687535,231.13505037128542,52.11383637128543,fdd:3,play 123.47
1:778,179.021214,179.021214,179.021214,186.56142031668753,7.540206316687545,231.17364027380677,52.15242627380678,fdd:4,play 185.00
1:780,179.021214,179.06469213333332,179.06469213333332,186.58142031668754,7.560206316687555,231.21223017632812,52.191016176328134,fdd:2,play 311.13
5:1363,179.021214,179.08371381666666,179.08371381666666,186.60142031668755,7.5802063166875655,231.25082007884947,52.229606078849486,fdd:1,play 220.00
1:777,179.021214,179.083714,179.083714,186.62142031668756,7.600206316687576,231.28940998137082,52.26819598137084,fdd:3,play 123.47
1:779,179.021214,179.083714,179.083714,186.64142031668757,7.620206316687586,231.32799988389218,52.30678588389219,fdd:4,play 246.94
5:1364,179.10273549999997,179.12719213333332,179.12719213333332,186.66142031668758,7.558684816687617,231.36658978641353,52.26385428641356,fdd:2,play 220.00
5:1367,179.18425699999997,179.18425699999997,179.18425699999997,186.7014203166876,7.517163316687629,231.44376959145623,52.25951259145626,fdd:3,play 220.00
5:1365,179.10273549999997,179.18969195,179.18969195,186.7214203166876,7.618684816687647,231.48235949397758,52.37962399397762,fdd:2,play 220.00
5:1366,179.18425699999997,179.25219176666667,179.25219176666667,186.74142031668762,7.5571633166876495,231.52094939649893,52.33669239649896,fdd:2,play 220.00
5:1368,179.26577849999998,179.26577849999998,179.26577849999998,186.78142031668764,7.515641816687662,231.59812920154164,52.33235070154166,fdd:3,play 220.00
5:1369,179.26577849999998,179.32827831666665,179.32827831666665,186.84142031668767,7.575641816687693,231.7138989091057,52.44812040910571,fdd:3,play 220.00
5:1370,179.3473,179.3473,179.3473,186.8814203166877,7.534120316687705,231.7910787141484,52.44377871414841,fdd:1,play 220.00
3:362,179.3473,179.3473,179.3473,186.9014203166877,7.554120316687715,231.82966861666975,52.48236861666976,fdd:2,play 123.47
1:783,179.3473,179.3473,179.3473,186.92142031668772,7.574120316687726,231.8682585191911,52.52095851919111,fdd:4,play 123.47
1:786,179.3473,179.39077813333333,179.39077813333333,186.94142031668773,7.594120316687736,231.90684842171245,52.55954842171246,fdd:3,play 311.13
5:1371,179.3473,179.40979981666663,179.40979981666663,186.96142031668774,7.614120316687746,231.9454383242338,52.598138324233815,fdd:1,play 220.00
1:784,179.3473,179.4098,179.4098,186.98142031668775,7.634120316687756,231.98402822675516,52.63672822675517,fdd:2,play 185.00
1:785,179.3473,179.4098,179.4098,187.00142031668776,7.6541203166877665,232.0226181292765,52.67531812927652,fdd:4,play 246.94
5:1372,179.42882149999997,179.47229963333328,179.47229963333328,187.02142031668777,7.592598816687797,232.06120803179786,52.63238653179789,fdd:1,play 220.00
5:1373,179.42882149999997,179.4723,179.4723,187.04142031668778,7.612598816687807,232.0997979343192,52.67097643431924,fdd:2,play 220.00
5:1374,179.51034299999998,179.51034299999998,179.51034299999998,187.0814203166878,7.57107731668782,232.17697773936192,52.66663473936194,fdd:3,play 220.00
5:1375,179.51034299999998,179.57284281666665,179.57284281666665,187.1014203166878,7.59107731668783,232.21556764188327,52.70522464188329,fdd:3,play 220.00
5:1376,179.59186449999999,179.59186449999999,179.59186449999999,187.14142031668783,7.5495558166878425,232.29274744692597,52.70088294692599,fdd:1,play 220.00
5:1377,179.59186449999999,179.65436431666666,179.65436431666666,187.18142031668785,7.589555816687863,232.36992725196868,52.77806275196869,fdd:1,play 220.00
5:1378,179.673386,179.673386,179.673386,187.24142031668788,7.568034316687886,232.48569695953273,52.81231095953274,fdd:2,play 220.00
1:789,179.673386,179.673386,179.673386,187.2614203166879,7.588034316687896,232.52428686205408,52.85090086205409,fdd:3,play 123.47
1:790,179.673386,179.673386,179.673386,187.2814203166879,7.608034316687906,232.56287676457544,52.88949076457544,fdd:4,play 185.00
3:363,179.673386,179.71686413333333,179.71686413333333,187.3014203166879,7.628034316687916,232.6014666670968,52.92808066709679,fdd:1,play 146.83
5:1379,179.673386,179.73588581666664,179.73588581666664,187.32142031668792,7.6480343166879265,232.64005656961814,52.966670569618145,fdd:2,play 220.00
1:792,179.673386,179.735886,179.735886,187.34142031668793,7.668034316687937,232.6786464721395,53.0052604721395,fdd:3,play 311.13
1:791,179.673386,179.735886,179.735886,187.36142031668794,7.688034316687947,232.71723637466084,53.04385037466085,fdd:4,play 246.94
5:1380,179.75490749999997,179.77936413333333,179.77936413333333,187.38142031668795,7.626512816687978,232.7558262771822,53.00091877718222,fdd:1,play 220.00
5:1383,179.83642899999998,179.83642899999998,179.83642899999998,187.42142031668797,7.58499131668799,232.8330060822249,52.99657708222492,fdd:3,play 220.00
5:1381,179.75490749999997,179.84186395,179.84186395,187.44142031668798,7.686512816688008,232.87159598474625,53.11668848474628,fdd:1,play 220.00
5:1382,179.83642899999998,179.90436376666668,179.90436376666668,187.461420316688,7.624991316688011,232.9101858872676,53.07375688726762,fdd:1,play 220.00
5:1384,179.9179505,179.9179505,179.9179505,187.501420316688,7.583469816688023,232.9873656923103,53.069415192310316,fdd:3,play 220.00
5:1385,179.9179505,179.98045031666663,179.98045031666663,187.56142031668804,7.643469816688054,233.10313539987436,53.18518489987437,fdd:3,play 220.00
4:185,179.99947199999997,179.99947199999997,179.99947199999997,187.62142031668807,7.621948316688105,233.18031520491706,53.180843204917096,drum:1,drum_on 440.00
3:364,179.99947199999997,179.99947199999997,179.99947199999997,187.64142031668808,7.641948316688115,233.25749500995974,53.25802300995977,fdd:1,play 130.81
1:795,179.99947199999997,179.99947199999997,179.99947199999997,187.6614203166881,7.661948316688125,233.2960849124811,53.29661291248112,fdd:2,play 130.81
5:1387,179.99947199999997,179.99947199999997,179.99947199999997,187.6814203166881,7.6819483166881355,233.33467481500244,53.335202815002475,fdd:4,play 196.00
1:797,179.99947199999997,180.06197181666664,180.06197181666664,187.70142031668811,7.701948316688146,233.3732647175238,53.37379271752383,fdd:4,play 261.63
5:1386,179.99947199999997,180.06197199999997,180.06197199999997,187.72142031668812,7.721948316688156,233.41185462004515,53.41238262004518,fdd:1,play 196.00
1:796,179.99947199999997,180.06197199999997,180.06197199999997,187.74142031668814,7.741948316688166,233.4504445225665,53.45097252256653,fdd:2,play 196.00
5:1388,180.08099349999998,180.08099349999998,180.08099349999998,187.78142031668816,7.700426816688179,233.5276243276092,53.446630827609226,fdd:3,play 196.00
5:1389,180.08099349999998,180.14349331666665,180.14349331666665,187.80142031668817,7.720426816688189,233.56621423013056,53.48522073013058,fdd:3,play 196.00
5:1390,180.16251499999998,180.16251499999998,180.16251499999998,187.8614203166882,7.6989053166882115,233.6819839376946,53.519468937694626,fdd:1,play 196.00
5:1391,180.16251499999998,180.16251499999998,180.16251499999998,187.8814203166882,7.718905316688222,233.72057384021596,53.55805884021598,fdd:2,play 196.00
5:1392,180.2440365,180.2440365,180.2440365,187.94142031668824,7.6973838166882445,233.83634354778002,53.592307047780025,fdd:1,play 196.00
5:1393,180.2440365,180.2440365,180.2440365,187.96142031668825,7.717383816688255,233.87493345030137,53.63089695030138,fdd:2,play 196.00
5:1394,180.32555799999997,180.32555799999997,180.32555799999997,188.0414203166883,7.715862316688316,234.02929306038678,53.703735060386805,fdd:1,play 196.00
5:1395,180.32555799999997,180.32555799999997,180.32555799999997,188.0614203166883,7.735862316688326,234.06788296290813,53.74232496290816,fdd:2,play 196.00
5:1396,180.40707949999998,180.40707949999998,180.40707949999998,188.14142031668834,7.734340816688359,234.22224257299354,53.815163072993556,fdd:1,play 196.00
5:1397,180.40707949999998,180.40707949999998,180.40707949999998,188.16142031668835,7.754340816688369,234.2608324755149,53.85375297551491,fdd:2,play 196.00
5:1398,180.488601,180.488601,180.488601,188.20142031668837,7.712819316688382,234.3380122805576,53.849411280557604,fdd:1,play 196.00
5:1399,180.488601,180.488601,180.488601,188.22142031668838,7.732819316688392,234.37660218307894,53.888001183078956,fdd:3,play 196.00
5:1400,180.57012249999997,180.57012249999997,180.57012249999997,188.2814203166884,7.711297816688443,234.492371890643,53.92224939064303,fdd:1,play 196.00
5:1401,180.57012249999997,180.57012249999997,180.57012249999997,188.30142031668842,7.731297816688453,234.53096179316435,53.96083929316438,fdd:3,play 196.00
5:1402,180.65164399999998,180.65164399999998,180.65164399999998,188.38142031668846,7.729776316688486,234.68532140324976,54.03367740324978,fdd:1,play 196.00
5:1403,180.65164399999998,180.65164399999998,180.65164399999998,188.40142031668847,7.7497763166884965,234.7239113057711,54.072267305771135,fdd:3,play 196.00
1:799,180.65164399999998,180.65164399999998,180.65164399999998,188.42142031668848,7.769776316688507,234.76250120829246,54.11085720829249,fdd:4,play 196.00
1:798,180.65164399999998,180.71414381666665,180.71414381666665,188.4414203166885,7.789776316688517,234.80109111081381,54.14944711081384,fdd:1,play 130.81
1:800,180.65164399999998,180.71414399999998,180.71414399999998,188.4614203166885,7.809776316688527,234.83968101333517,54.18803701333519,fdd:4,play 261.63
5:1404,180.73316549999998,180.73316549999998,180.73316549999998,188.4814203166885,7.7482548166885294,234.87827091585652,54.145105415856534,fdd:2,play 196.00
5:1405,180.73316549999998,180.79566531666666,180.79566531666666,188.50142031668852,7.76825481668854,234.91686081837787,54.183695318377886,fdd:2,play 196.00
5:1406,180.814687,180.814687,180.814687,188.56142031668855,7.746733316688562,235.03263052594193,54.217943525941934,fdd:1,play 196.00
5:1407,180.814687,180.814687,180.814687,188.58142031668856,7.766733316688573,235.07122042846328,54.256533428463285,fdd:4,play 196.00
5:1408,180.89620849999997,180.89620849999997,180.89620849999997,188.6614203166886,7.765211816688634,235.22558003854869,54.32937153854871,fdd:1,play 196.00
5:1409,180.89620849999997,180.89620849999997,180.89620849999997,188.68142031668862,7.785211816688644,235.26416994107004,54.367961441070065,fdd:2,play 196.00
5:1410,180.97772999999998,180.97772999999998,180.97772999999998,188.74142031668865,7.763690316688667,235.3799396486341,54.40220964863411,fdd:1,play 196.00
5:1411,180.97772999999998,180.97772999999998,180.97772999999998,188.76142031668866,7.783690316688677,235.41852955115544,54.440799551155465,fdd:2,play 196.00
5:1412,181.0592515,181.0592515,181.0592515,188.8414203166887,7.78216881668871,235.57288916124085,54.513637661240864,fdd:1,play 196.00
5:1413,181.0592515,181.0592515,181.0592515,188.8614203166887,7.80216881668872,235.6114790637622,54.552227563762216,fdd:2,play 196.00
3:365,181.14077299999997,181.14077299999997,181.14077299999997,188.92142031668874,7.780647316688771,235.72724877132626,54.58647577132629,fdd:1,play 196.00
5:1415,181.14077299999997,181.14077299999997,181.14077299999997,188.94142031668875,7.8006473166887815,235.7658386738476,54.625065673847644,fdd:2,play 196.00
5:1414,181.14077299999997,181.20327299999997,181.20327299999997,188.96142031668876,7.820647316688792,235.80442857636896,54.663655576368996,fdd:1,play 196.00
5:1416,181.22229449999998,181.22229449999998,181.22229449999998,189.00142031668878,7.779125816688804,235.88160838141167,54.65931388141169,fdd:2,play 196.00
5:1417,181.22229449999998,181.28479431666665,181.28479431666665,189.0214203166888,7.799125816688814,235.92019828393302,54.69790378393304,fdd:2,play 196.00
3:366,181.30381599999998,181.30381599999998,181.30381599999998,189.0614203166888,7.757604316688827,235.99737808897572,54.69356208897574,fdd:1,play 130.81
5:1419,181.30381599999998,181.30381599999998,181.30381599999998,189.08142031668882,7.777604316688837,236.03596799149707,54.73215199149709,fdd:3,play 196.00
1:802,181.30381599999998,181.30381599999998,181.30381599999998,189.10142031668883,7.797604316688847,236.07455789401843,54.77074189401844,fdd:4,play 196.00
1:801,181.30381599999998,181.36631581666666,181.36631581666666,189.12142031668884,7.817604316688858,236.11314779653978,54.809331796539794,fdd:3,play 130.81
5:1418,181.30381599999998,181.36631599999998,181.36631599999998,189.14142031668885,7.837604316688868,236.15173769906113,54.847921699061146,fdd:1,play 196.00
1:803,181.30381599999998,181.36631599999998,181.36631599999998,189.16142031668886,7.857604316688878,236.19032760158248,54.8865116015825,fdd:4,play 261.63
5:1420,181.3853375,181.3853375,181.3853375,189.20142031668888,7.8160828166888905,236.26750740662519,54.882169906625194,fdd:2,play 196.00
5:1421,181.3853375,181.44783731666664,181.44783731666664,189.2214203166889,7.836082816688901,236.30609730914654,54.920759809146546,fdd:2,play 196.00
5:1422,181.46685899999997,181.46685899999997,181.46685899999997,189.28142031668892,7.814561316688952,236.4218670167106,54.95500801671062,fdd:1,play 196.00
5:1423,181.46685899999997,181.46685899999997,181.46685899999997,189.30142031668893,7.834561316688962,236.46045691923194,54.99359791923197,fdd:3,play 196.00
5:1424,181.54838049999998,181.54838049999998,181.54838049999998,189.36142031668896,7.813039816688985,236.576226626796,55.02784612679602,fdd:1,play 196.00
5:1425,181.54838049999998,181.54838049999998,181.54838049999998,189.38142031668897,7.833039816688995,236.61481652931735,55.06643602931737,fdd:2,play 196.00
3:367,181.629902,181.629902,181.629902,189.48142031668903,7.851518316689038,236.8077660419241,55.177864041924124,fdd:1,play 130.81
5:1427,181.629902,181.629902,181.629902,189.50142031668904,7.871518316689048,236.84635594444546,55.216453944445476,fdd:2,play 196.00
1:805,181.629902,181.629902,181.629902,189.52142031668905,7.891518316689059,236.88494584696681,55.25504384696683,fdd:3,play 196.00
1:804,181.629902,181.69240181666666,181.69240181666666,189.54142031668906,7.911518316689069,236.92353574948817,55.29363374948818,fdd:2,play 130.81
5:1426,181.629902,181.692402,181.692402,189.56142031668907,7.931518316689079,236.96212565200952,55.33222365200953,fdd:1,play 196.00
1:806,181.629902,181.692402,181.692402,189.58142031668908,7.951518316689089,237.00071555453087,55.37081355453088,fdd:3,play 261.63
5:1428,181.71142349999997,181.71142349999997,181.71142349999997,189.6014203166891,7.88999681668912,237.03930545705222,55.327881957052256,fdd:4,play 196.00
5:1429,181.71142349999997,181.77392331666664,181.77392331666664,189.6214203166891,7.90999681668913,237.07789535957357,55.36647185957361,fdd:4,play 196.00
5:1430,181.79294499999997,181.79294499999997,181.79294499999997,189.68142031668913,7.888475316689153,237.19366506713763,55.400720067137655,fdd:1,play 196.00
5:1431,181.79294499999997,181.79294499999997,181.79294499999997,189.70142031668914,7.908475316689163,237.23225496965898,55.43930996965901,fdd:2,play 196.00
5:1432,181.87446649999998,181.87446649999998,181.87446649999998,189.76142031668917,7.886953816689186,237.34802467722304,55.473558177223055,fdd:1,play 196.00
5:1433,181.87446649999998,181.87446649999998,181.87446649999998,189.78142031668918,7.906953816689196,237.3866145797444,55.51214807974441,fdd:2,play 196.00
3:368,181.955988,181.955988,181.955988,189.88142031668923,7.925432316689239,237.57956409235115,55.62357609235116,fdd:1,play 130.81
1:807,181.955988,181.955988,181.955988,189.90142031668924,7.945432316689249,237.6181539948725,55.66216599487251,fdd:2,play 130.81
1:809,181.955988,181.955988,181.955988,189.92142031668925,7.9654323166892596,237.65674389739385,55.70075589739386,fdd:3,play 261.63
5:1435,181.955988,181.955988,181.955988,189.94142031668926,7.98543231668927,237.6953337999152,55.73934579991521,fdd:4,play 196.00
5:1434,181.955988,182.018488,182.018488,189.96142031668927,8.00543231668928,237.73392370243656,55.777935702436565,fdd:1,play 196.00
1:808,181.955988,182.018488,182.018488,189.98142031668928,8.02543231668929,237.7725136049579,55.81652560495792,fdd:2,play 196.00
5:1436,182.03750949999997,182.03750949999997,182.03750949999997,190.0214203166893,7.983910816689331,237.8496934100006,55.81218391000064,fdd:3,play 196.00
5:1437,182.03750949999997,182.10000931666664,182.10000931666664,190.0414203166893,8.003910816689341,237.88828331252196,55.85077381252199,fdd:3,play 196.00
5:1438,182.11903099999998,182.11903099999998,182.11903099999998,190.10142031668934,7.982389316689364,238.00405302008602,55.88502202008604,fdd:1,play 196.00
5:1439,182.11903099999998,182.11903099999998,182.11903099999998,190.12142031668935,8.002389316689374,238.04264292260737,55.92361192260739,fdd:2,play 196.00
5:1440,182.2005525,182.2005525,182.2005525,190.2014203166894,8.000867816689407,238.19700253269278,55.99645003269279,fdd:1,play 196.00
5:1441,182.2005525,182.2005525,182.2005525,190.2214203166894,8.020867816689417,238.23559243521413,56.035039935214144,fdd:2,play 196.00
3:369,182.28207399999997,182.28207399999997,182.28207399999997,190.30142031668944,8.019346316689479,238.38995204529954,56.10787804529957,fdd:1,play 196.00
5:1443,182.28207399999997,182.28207399999997,182.28207399999997,190.32142031668945,8.039346316689489,238.4285419478209,56.14646794782092,fdd:2,play 196.00
1:810,182.28207399999997,182.28207399999997,182.28207399999997,190.34142031668947,8.0593463166895,238.46713185034224,56.185057850342275,fdd:3,play 130.81
1:812,182.28207399999997,182.34457381666664,182.34457381666664,190.36142031668948,8.07934631668951,238.5057217528636,56.22364775286363,fdd:2,play 261.63
5:1442,182.28207399999997,182.34457399999997,182.34457399999997,190.38142031668949,8.09934631668952,238.54431165538494,56.26223765538498,fdd:1,play 196.00
1:811,182.28207399999997,182.34457399999997,182.34457399999997,190.4014203166895,8.11934631668953,238.5829015579063,56.30082755790633,fdd:3,play 196.00
5:1444,182.36359549999997,182.36359549999997,182.36359549999997,190.4214203166895,8.057824816689532,238.62149146042765,56.257895960427675,fdd:4,play 196.00
5:1445,182.36359549999997,182.42609531666665,182.42609531666665,190.44142031668952,8.077824816689542,238.660081362949,56.29648586294903,fdd:4,play 196.00
5:1446,182.44511699999998,182.44511699999998,182.44511699999998,190.50142031668955,8.056303316689565,238.77585107051306,56.330734070513074,fdd:1,play 196.00
5:1447,182.44511699999998,182.44511699999998,182.44511699999998,190.52142031668956,8.076303316689575,238.8144409730344,56.369323973034426,fdd:2,play 196.00
5:1448,182.5266385,182.5266385,182.5266385,190.5814203166896,8.054781816689598,238.93021068059846,56.40357218059847,fdd:1,play 196.00
5:1449,182.5266385,182.5266385,182.5266385,190.6014203166896,8.074781816689608,238.96880058311982,56.442162083119825,fdd:2,play 196.00
4:186,182.60815999999997,182.60815999999997,182.60815999999997,190.74142031668967,8.1332603166897,239.20033999824793,56.59217999824796,drum:1,drum_on 392.00
3:370,182.60815999999997,182.60815999999997,182.60815999999997,190.76142031668968,8.15326031668971,239.2775198032906,56.66935980329063,fdd:1,play 130.81
5:1451,182.60815999999997,182.60815999999997,182.60815999999997,190.7814203166897,8.17326031668972,239.31610970581195,56.707949705811984,fdd:2,play 329.63
1:813,182.60815999999997,182.60815999999997,182.60815999999997,190.8014203166897,8.19326031668973,239.3546996083333,56.746539608333336,fdd:4,play 130.81
1:815,182.60815999999997,182.67065981666664,182.67065981666664,190.8214203166897,8.213260316689741,239.39328951085466,56.78512951085469,fdd:2,play 261.63
5:1450,182.60815999999997,182.67065999999997,182.67065999999997,190.84142031668972,8.233260316689751,239.431879413376,56.82371941337604,fdd:1,play 164.81
1:814,182.60815999999997,182.67065999999997,182.67065999999997,190.86142031668973,8.253260316689762,239.47046931589736,56.86230931589739,fdd:4,play 196.00
5:1452,182.68968149999998,182.68968149999998,182.68968149999998,190.88142031668974,8.191738816689764,239.5090592184187,56.819377718418735,fdd:3,play 164.81
5:1453,182.68968149999998,182.75218131666665,182.75218131666665,190.90142031668975,8.211738816689774,239.54764912094006,56.85796762094009,fdd:3,play 329.63
5:1454,182.77120299999999,182.77120299999999,182.77120299999999,190.94142031668977,8.170217316689786,239.62482892598277,56.85362592598278,fdd:1,play 164.81
5:1455,182.77120299999999,182.83370281666666,182.83370281666666,190.96142031668978,8.190217316689797,239.66341882850412,56.892215828504135,fdd:1,play 329.63
5:1456,182.85272449999997,182.85272449999997,182.85272449999997,191.0014203166898,8.148695816689838,239.74059863354682,56.88787413354686,fdd:2,play 164.81
5:1457,182.85272449999997,182.91522431666664,182.91522431666664,191.04142031668982,8.188695816689858,239.81777843858953,56.96505393858956,fdd:2,play 329.63
3:371,182.93424599999997,182.93424599999997,182.93424599999997,191.10142031668985,8.16717431668988,239.93354814615358,56.99930214615361,fdd:1,play 130.81
5:1459,182.93424599999997,182.93424599999997,182.93424599999997,191.12142031668986,8.187174316689891,239.97213804867494,57.03789204867496,fdd:3,play 329.63
1:817,182.93424599999997,182.93424599999997,182.93424599999997,191.14142031668987,8.207174316689901,240.0107279511963,57.076481951196314,fdd:4,play 196.00
1:816,182.93424599999997,182.99674581666665,182.99674581666665,191.16142031668988,8.227174316689911,240.04931785371764,57.115071853717666,fdd:3,play 130.81
5:1458,182.93424599999997,182.99674599999997,182.99674599999997,191.1814203166899,8.247174316689922,240.087907756239,57.15366175623902,fdd:1,play 164.81
1:818,182.93424599999997,182.99674599999997,182.99674599999997,191.2014203166899,8.267174316689932,240.12649765876034,57.19225165876037,fdd:4,play 261.63
5:1460,183.01576749999998,183.01576749999998,183.01576749999998,191.24142031668993,8.225652816689944,240.20367746380305,57.187909963803065,fdd:2,play 164.81
5:1461,183.01576749999998,183.07826731666665,183.07826731666665,191.26142031668994,8.245652816689955,240.2422673663244,57.22649986632442,fdd:2,play 329.63
5:1462,183.097289,183.097289,183.097289,191.32142031668997,8.224131316689977,240.35803707388845,57.260748073888465,fdd:1,play 164.81
5:1463,183.097289,183.097289,183.097289,191.34142031668998,8.244131316689987,240.3966269764098,57.29933797640982,fdd:4,play 329.63
5:1464,183.17881049999997,183.17881049999997,183.17881049999997,191.38142031669,8.202609816690028,240.4738067814525,57.29499628145254,fdd:1,play 164.81
5:1465,183.17881049999997,183.24131031666664,183.24131031666664,191.42142031669002,8.242609816690049,240.5509865864952,57.372176086495244,fdd:1,play 329.63
5:1466,183.26033199999998,183.26033199999998,183.26033199999998,191.48142031669005,8.221088316690071,240.66675629405927,57.40642429405929,fdd:2,play 164.81
1:821,183.26033199999998,183.26033199999998,183.26033199999998,191.50142031669006,8.241088316690082,240.70534619658062,57.445014196580644,fdd:3,play 261.63
1:819,183.26033199999998,183.26033199999998,183.26033199999998,191.52142031669007,8.261088316690092,240.74393609910197,57.483604099101996,fdd:4,play 130.81
3:372,183.26033199999998,183.30381013333331,183.30381013333331,191.54142031669008,8.281088316690102,240.78252600162332,57.52219400162335,fdd:1,play 130.81
5:1467,183.26033199999998,183.32283181666665,183.32283181666665,191.5614203166901,8.301088316690112,240.82111590414468,57.5607839041447,fdd:2,play 329.63
1:820,183.26033199999998,183.32283199999998,183.32283199999998,191.5814203166901,8.321088316690123,240.85970580666603,57.59937380666605,fdd:4,play 196.00
5:1468,183.34185349999998,183.34185349999998,183.34185349999998,191.62142031669012,8.279566816690135,240.93688561170873,57.59503211170875,fdd:3,play 164.81
5:1469,183.34185349999998,183.40435331666666,183.40435331666666,191.64142031669013,8.299566816690145,240.97547551423008,57.6336220142301,fdd:3,play 329.63
5:1470,183.423375,183.423375,183.423375,191.68142031669015,8.258045316690158,241.0526553192728,57.629280319272794,fdd:1,play 164.81
5:1471,183.423375,183.48587481666664,183.48587481666664,191.70142031669016,8.278045316690168,241.09124522179414,57.667870221794146,fdd:1,play 329.63
5:1472,183.50489649999997,183.50489649999997,183.50489649999997,191.74142031669018,8.236523816690209,241.16842502683684,57.66352852683687,fdd:2,play 164.81
5:1473,183.50489649999997,183.56739631666665,183.56739631666665,191.7814203166902,8.27652381669023,241.24560483187955,57.740708331879574,fdd:2,play 329.63
5:1474,183.58641799999998,183.58641799999998,183.58641799999998,191.84142031669023,8.255002316690252,241.3613745394436,57.77495653944362,fdd:1,play 164.81
1:822,183.58641799999998,183.58641799999998,183.58641799999998,191.86142031669024,8.275002316690262,241.39996444196495,57.813546441964974,fdd:3,play 130.81
1:824,183.58641799999998,183.58641799999998,183.58641799999998,191.88142031669025,8.295002316690272,241.4385543444863,57.852136344486325,fdd:4,play 261.63
5:1475,183.58641799999998,183.64891781666665,183.64891781666665,191.90142031669026,8.315002316690283,241.47714424700766,57.89072624700768,fdd:1,play 329.63
1:823,183.58641799999998,183.64891799999998,183.64891799999998,191.92142031669027,8.335002316690293,241.515734149529,57.92931614952903,fdd:3,play 196.00
5:1476,183.6679395,183.6679395,183.6679395,191.9614203166903,8.293480816690305,241.5929139545717,57.924974454571725,fdd:2,play 164.81
5:1477,183.6679395,183.73043931666663,183.73043931666663,191.9814203166903,8.313480816690316,241.63150385709307,57.96356435709308,fdd:2,play 329.63
3:373,183.74946099999997,183.74946099999997,183.74946099999997,192.04142031669033,8.291959316690367,241.74727356465712,57.99781256465715,fdd:1,play 196.00
5:1479,183.74946099999997,183.74946099999997,183.74946099999997,192.06142031669035,8.311959316690377,241.78586346717847,58.036402467178505,fdd:3,play 329.63
5:1478,183.74946099999997,183.81196099999997,183.81196099999997,192.10142031669037,8.351959316690397,241.86304327222118,58.11358227222121,fdd:1,play 164.81
5:1480,183.83098249999998,183.83098249999998,183.83098249999998,192.1614203166904,8.33043781669042,241.97881297978523,58.147830479785256,fdd:2,play 164.81
5:1481,183.83098249999998,183.83098249999998,183.83098249999998,192.1814203166904,8.35043781669043,242.01740288230658,58.18642038230661,fdd:3,play 329.63
4:187,183.91250399999998,183.91250399999998,183.91250399999998,192.30142031669047,8.388916316690484,242.21035239491334,58.29784839491336,drum:1,drum_on 369.99
3:374,183.91250399999998,183.91250399999998,183.91250399999998,192.32142031669048,8.408916316690494,242.28753219995602,58.375028199956034,fdd:1,play 130.81
1:827,183.91250399999998,183.91250399999998,183.91250399999998,192.3414203166905,8.428916316690504,242.32612210247737,58.413618102477386,fdd:2,play 261.63
1:825,183.91250399999998,183.91250399999998,183.91250399999998,192.3614203166905,8.448916316690514,242.36471200499872,58.45220800499874,fdd:3,play 130.81
5:1483,183.91250399999998,183.91250399999998,183.91250399999998,192.3814203166905,8.468916316690525,242.40330190752007,58.49079790752009,fdd:4,play 329.63
1:826,183.91250399999998,183.97500381666666,183.97500381666666,192.40142031669052,8.488916316690535,242.44189181004143,58.52938781004144,fdd:4,play 196.00
5:1482,183.91250399999998,183.97500399999998,183.97500399999998,192.42142031669053,8.508916316690545,242.48048171256278,58.567977712562794,fdd:1,play 164.81
5:1484,183.9940255,183.9940255,183.9940255,192.46142031669055,8.467394816690557,242.55766151760548,58.56363601760549,fdd:2,play 164.81
5:1485,183.9940255,184.05652531666664,184.05652531666664,192.48142031669056,8.487394816690568,242.59625142012683,58.60222592012684,fdd:2,play 329.63
5:1486,184.07554699999997,184.07554699999997,184.07554699999997,192.5414203166906,8.465873316690619,242.7120211276909,58.63647412769092,fdd:1,play 164.81
5:1487,184.07554699999997,184.07554699999997,184.07554699999997,192.5614203166906,8.485873316690629,242.75061103021224,58.67506403021227,fdd:4,play 329.63
5:1488,184.15706849999998,184.15706849999998,184.15706849999998,192.62142031669063,8.464351816690652,242.8663807377763,58.70931223777632,fdd:1,play 164.81
5:1489,184.15706849999998,184.21956831666665,184.21956831666665,192.64142031669064,8.484351816690662,242.90497064029765,58.74790214029767,fdd:1,play 329.63
5:1490,184.23859,184.23859,184.23859,192.70142031669067,8.462830316690685,243.0207403478617,58.782150347861716,fdd:2,play 164.81
1:828,184.23859,184.23859,184.23859,192.72142031669068,8.482830316690695,243.05933025038306,58.82074025038307,fdd:3,play 130.81
1:830,184.23859,184.23859,184.23859,192.7414203166907,8.502830316690705,243.0979201529044,58.85933015290442,fdd:4,play 261.63
3:375,184.23859,184.28206813333333,184.28206813333333,192.7614203166907,8.522830316690715,243.13651005542576,58.89792005542577,fdd:1,play 130.81
5:1491,184.23859,184.30108981666663,184.30108981666663,192.7814203166907,8.542830316690726,243.1750999579471,58.93650995794712,fdd:2,play 329.63
1:829,184.23859,184.30109,184.30109,192.80142031669072,8.562830316690736,243.21368986046846,58.975099860468475,fdd:3,play 196.00
5:1492,184.32011149999997,184.32011149999997,184.32011149999997,192.84142031669074,8.521308816690777,243.29086966551117,58.9707581655112,fdd:4,play 164.81
5:1493,184.32011149999997,184.38261131666664,184.38261131666664,192.86142031669075,8.541308816690787,243.32945956803252,59.00934806803255,fdd:4,play 329.63
5:1494,184.40163299999998,184.40163299999998,184.40163299999998,192.90142031669077,8.4997873166908,243.40663937307522,59.00500637307525,fdd:1,play 164.81
5:1495,184.40163299999998,184.46413281666665,184.46413281666665,192.92142031669079,8.51978731669081,243.44522927559657,59.0435962755966,fdd:1,play 329.63
5:1496,184.48315449999998,184.48315449999998,184.48315449999998,192.9614203166908,8.478265816690822,243.52240908063928,59.039254580639295,fdd:2,play 164.81
5:1497,184.48315449999998,184.54565431666666,184.54565431666666,193.00142031669083,8.518265816690842,243.59958888568198,59.116434385682,fdd:2,play 329.63
3:376,184.564676,184.564676,184.564676,193.06142031669086,8.496744316690865,243.71535859324604,59.150682593246046,fdd:1,play 130.81
5:1499,184.564676,184.564676,184.564676,193.08142031669087,8.516744316690875,243.7539484957674,59.1892724957674,fdd:3,play 329.63
1:832,184.564676,184.564676,184.564676,193.10142031669088,8.536744316690886,243.79253839828874,59.22786239828875,fdd:4,play 196.00
1:831,184.564676,184.62717581666664,184.62717581666664,193.1214203166909,8.556744316690896,243.8311283008101,59.2664523008101,fdd:3,play 130.81
5:1498,184.564676,184.627176,184.627176,193.1414203166909,8.576744316690906,243.86971820333144,59.30504220333145,fdd:1,play 164.81
1:833,184.564676,184.627176,184.627176,193.1614203166909,8.596744316690916,243.9083081058528,59.343632105852805,fdd:4,play 261.63
5:1500,184.64619749999997,184.64619749999997,184.64619749999997,193.20142031669093,8.555222816690957,243.9854879108955,59.33929041089553,fdd:2,play 164.81
5:1501,184.64619749999997,184.70869731666664,184.70869731666664,193.22142031669094,8.575222816690967,244.02407781341685,59.37788031341688,fdd:2,play 329.63
5:1502,184.72771899999998,184.72771899999998,184.72771899999998,193.26142031669096,8.53370131669098,244.10125761845956,59.37353861845958,fdd:1,play 164.81
5:1503,184.72771899999998,184.79021881666665,184.79021881666665,193.28142031669097,8.55370131669099,244.1398475209809,59.41212852098093,fdd:1,play 329.63
5:1504,184.8092405,184.8092405,184.8092405,193.321420316691,8.512179816691003,244.2170273260236,59.407786826023624,fdd:2,play 164.81
5:1505,184.8092405,184.87174031666663,184.87174031666663,193.40142031669103,8.592179816691043,244.37138693610902,59.56214643610903,fdd:2,play 329.63
4:188,184.89076199999997,184.89076199999997,184.89076199999997,193.46142031669106,8.570658316691095,244.44856674115172,59.557804741151756,drum:1,drum_on 392.00
3:377,184.89076199999997,184.89076199999997,184.89076199999997,193.48142031669107,8.590658316691105,244.5257465461944,59.63498454619443,fdd:1,play 146.83
1:834,184.89076199999997,184.89076199999997,184.89076199999997,193.50142031669108,8.610658316691115,244.56433644871575,59.67357444871578,fdd:3,play 130.81
5:1507,184.89076199999997,184.89076199999997,184.89076199999997,193.5214203166911,8.630658316691125,244.6029263512371,59.712164351237135,fdd:4,play 329.63
1:835,184.89076199999997,184.95326181666664,184.95326181666664,193.5414203166911,8.650658316691135,244.64151625375845,59.75075425375849,fdd:4,play 196.00
5:1506,184.89076199999997,184.95326199999997,184.95326199999997,193.5614203166911,8.670658316691146,244.6801061562798,59.78934415627984,fdd:1,play 164.81
1:836,184.89076199999997,184.95326199999997,184.95326199999997,193.58142031669112,8.690658316691156,244.71869605880116,59.82793405880119,fdd:3,play 261.63
5:1508,184.97228349999997,184.97228349999997,184.97228349999997,193.62142031669114,8.649136816691168,244.79587586384386,59.823592363843886,fdd:2,play 164.81
5:1509,184.97228349999997,185.03478331666665,185.03478331666665,193.64142031669115,8.669136816691179,244.8344657663652,59.86218226636524,fdd:2,play 329.63
5:1510,185.05380499999998,185.05380499999998,185.05380499999998,193.68142031669117,8.627615316691191,244.91164557140792,59.857840571407934,fdd:1,play 164.81
5:1511,185.05380499999998,185.11630481666666,185.11630481666666,193.70142031669118,8.647615316691201,244.95023547392927,59.896430473929286,fdd:1,play 329.63
5:1512,185.1353265,185.1353265,185.1353265,193.7414203166912,8.606093816691214,245.02741527897197,59.89208877897198,fdd:2,play 164.81
5:1513,185.1353265,185.19782631666664,185.19782631666664,193.80142031669124,8.666093816691244,245.14318498653603,60.00785848653604,fdd:2,play 329.63
3:378,185.21684799999997,185.21684799999997,185.21684799999997,193.84142031669126,8.624572316691285,245.22036479157873,60.00351679157876,fdd:1,play 130.81
5:1515,185.21684799999997,185.21684799999997,185.21684799999997,193.86142031669127,8.644572316691296,245.25895469410008,60.04210669410011,fdd:3,play 311.13
1:838,185.21684799999997,185.21684799999997,185.21684799999997,193.88142031669128,8.664572316691306,245.29754459662144,60.080696596621465,fdd:4,play 196.00
1:840,185.21684799999997,185.26032613333328,185.26032613333328,193.9014203166913,8.684572316691316,245.3361344991428,60.11928649914282,fdd:2,play 329.63
1:837,185.21684799999997,185.27934781666664,185.27934781666664,193.9214203166913,8.704572316691326,245.37472440166414,60.15787640166417,fdd:3,play 130.81
5:1514,185.21684799999997,185.27934799999997,185.27934799999997,193.9414203166913,8.724572316691336,245.4133143041855,60.19646630418552,fdd:1,play 155.56
1:839,185.21684799999997,185.27934799999997,185.27934799999997,193.96142031669132,8.744572316691347,245.45190420670684,60.23505620670687,fdd:4,play 261.63
5:1517,185.29836949999998,185.32282613333328,185.32282613333328,193.98142031669133,8.683050816691349,245.4904941092282,60.192124609228216,fdd:2,play 311.13
5:1516,185.29836949999998,185.34184781666664,185.34184781666664,194.00142031669134,8.70305081669136,245.52908401174955,60.23071451174957,fdd:1,play 155.56
5:1518,185.379891,185.379891,185.379891,194.06142031669137,8.681529316691382,245.6448537193136,60.264962719313615,fdd:3,play 155.56
5:1519,185.379891,185.379891,185.379891,194.08142031669138,8.701529316691392,245.68344362183495,60.30355262183497,fdd:4,play 311.13
5:1520,185.46141249999997,185.46141249999997,185.46141249999997,194.1414203166914,8.680007816691443,245.799213329399,60.33780082939904,fdd:1,play 155.56
5:1521,185.46141249999997,185.46141249999997,185.46141249999997,194.16142031669142,8.700007816691453,245.83780323192036,60.376390731920395,fdd:2,play 311.13
5:1522,185.54293399999997,185.54293399999997,185.54293399999997,194.22142031669145,8.678486316691476,245.95357293948442,60.41063893948444,fdd:1,play 155.56
5:1523,185.54293399999997,185.54293399999997,185.54293399999997,194.24142031669146,8.698486316691486,245.99216284200577,60.449228842005795,fdd:4,play 311.13
5:1524,185.62445549999998,185.62445549999998,185.62445549999998,194.3014203166915,8.676964816691509,246.10793254956982,60.48347704956984,fdd:1,play 155.56
5:1525,185.62445549999998,185.68695531666665,185.68695531666665,194.3414203166915,8.71696481669153,246.18511235461253,60.560656854612546,fdd:1,play 311.13
5:1526,185.705977,185.705977,185.705977,194.36142031669152,8.655443316691532,246.22370225713388,60.51772525713389,fdd:2,play 155.56
5:1527,185.705977,185.76847681666663,185.76847681666663,194.40142031669154,8.695443316691552,246.30088206217658,60.59490506217659,fdd:2,play 311.13
5:1528,185.78749849999997,185.78749849999997,185.78749849999997,194.44142031669156,8.653921816691593,246.3780618672193,60.59056336721932,fdd:1,play 155.56
5:1529,185.78749849999997,185.84999831666664,185.84999831666664,194.48142031669158,8.693921816691613,246.455241672262,60.66774317226202,fdd:1,play 311.13
5:1530,185.86901999999998,185.86901999999998,185.86901999999998,194.5214203166916,8.652400316691626,246.5324214773047,60.66340147730472,fdd:2,play 155.56
5:1531,185.86901999999998,185.93151981666665,185.93151981666665,194.5414203166916,8.672400316691636,246.57101137982605,60.70199137982607,fdd:2,play 311.13
5:1532,185.95054149999999,185.95054149999999,185.95054149999999,194.58142031669163,8.630878816691649,246.64819118486875,60.697649684868765,fdd:1,play 155.56
5:1533,185.95054149999999,186.01304131666666,186.01304131666666,194.60142031669164,8.650878816691659,246.6867810873901,60.736239587390116,fdd:1,play 311.13
5:1534,186.03206299999997,186.03206299999997,186.03206299999997,194.64142031669166,8.6093573166917,246.7639608924328,60.73189789243284,fdd:2,play 155.56
5:1535,186.03206299999997,186.09456281666664,186.09456281666664,194.66142031669168,8.62935731669171,246.80255079495416,60.77048779495419,fdd:2,play 311.13
5:1536,186.11358449999997,186.11358449999997,186.11358449999997,194.7014203166917,8.587835816691722,246.87973059999686,60.76614609999689,fdd:1,play 155.56
5:1537,186.11358449999997,186.17608431666665,186.17608431666665,194.7214203166917,8.607835816691733,246.9183205025182,60.80473600251824,fdd:1,play 311.13
5:1538,186.19510599999998,186.19510599999998,186.19510599999998,194.76142031669173,8.566314316691745,246.99550030756092,60.800394307560936,fdd:2,play 155.56
5:1539,186.19510599999998,186.25760581666665,186.25760581666665,194.78142031669174,8.586314316691755,247.03409021008227,60.83898421008229,fdd:2,play 311.13
5:1540,186.2766275,186.2766275,186.2766275,194.82142031669176,8.544792816691768,247.11127001512497,60.83464251512498,fdd:1,play 155.56
5:1541,186.2766275,186.33912731666663,186.33912731666663,194.84142031669177,8.564792816691778,247.14985991764632,60.873232417646335,fdd:1,play 311.13
5:1542,186.35814899999997,186.35814899999997,186.35814899999997,194.8814203166918,8.523271316691819,247.22703972268903,60.86889072268906,fdd:2,play 155.56
5:1543,186.35814899999997,186.42064881666664,186.42064881666664,194.9014203166918,8.543271316691829,247.26562962521038,60.90748062521041,fdd:2,play 311.13
5:1544,186.43967049999998,186.43967049999998,186.43967049999998,194.94142031669182,8.501749816691841,247.34280943025308,60.90313893025311,fdd:1,play 155.56
5:1545,186.43967049999998,186.50217031666665,186.50217031666665,194.96142031669183,8.521749816691852,247.38139933277444,60.94172883277446,fdd:1,play 311.13
5:1546,186.52119199999999,186.52119199999999,186.52119199999999,195.00142031669185,8.480228316691864,247.45857913781714,60.937387137817154,fdd:2,play 155.56
5:1547,186.52119199999999,186.58369181666666,186.58369181666666,195.02142031669186,8.500228316691874,247.4971690403385,60.975977040338506,fdd:2,play 311.13
5:1548,186.60271349999996,186.60271349999996,186.60271349999996,195.06142031669188,8.458706816691915,247.5743488453812,60.97163534538123,fdd:1,play 155.56
5:1549,186.60271349999996,186.66521331666664,186.66521331666664,195.0814203166919,8.478706816691925,247.61293874790255,61.01022524790258,fdd:1,play 311.13
5:1550,186.68423499999997,186.68423499999997,186.68423499999997,195.1214203166919,8.437185316691938,247.69011855294525,61.00588355294528,fdd:2,play 155.56
5:1551,186.68423499999997,186.74673481666665,186.74673481666665,195.14142031669192,8.457185316691948,247.7287084554666,61.04447345546663,fdd:2,play 311.13
5:1552,186.76575649999998,186.76575649999998,186.76575649999998,195.18142031669194,8.41566381669196,247.8058882605093,61.040131760509325,fdd:1,play 155.56
5:1553,186.76575649999998,186.82825631666665,186.82825631666665,195.20142031669195,8.43566381669197,247.84447816303066,61.07872166303068,fdd:1,play 311.13
5:1554,186.847278,186.847278,186.847278,195.24142031669197,8.394142316691983,247.92165796807336,61.07437996807337,fdd:2,play 155.56
5:1555,186.847278,186.90977781666663,186.90977781666663,195.26142031669198,8.414142316691994,247.9602478705947,61.112969870594725,fdd:2,play 311.13
5:1556,186.92879949999997,186.92879949999997,186.92879949999997,195.301420316692,8.372620816692034,248.03742767563742,61.10862817563745,fdd:1,play 155.56
5:1557,186.92879949999997,186.99129931666664,186.99129931666664,195.321420316692,8.392620816692045,248.07601757815877,61.1472180781588,fdd:1,play 311.13
5:1558,187.01032099999998,187.01032099999998,187.01032099999998,195.36142031669203,8.351099316692057,248.15319738320147,61.1428763832015,fdd:2,play 155.56
5:1559,187.01032099999998,187.07282081666665,187.07282081666665,195.38142031669204,8.371099316692067,248.19178728572282,61.18146628572285,fdd:2,play 311.13
5:1560,187.09184249999998,187.09184249999998,187.09184249999998,195.42142031669206,8.32957781669208,248.26896709076553,61.177124590765544,fdd:1,play 155.56
5:1561,187.09184249999998,187.15434231666666,187.15434231666666,195.44142031669207,8.34957781669209,248.30755699328688,61.215714493286896,fdd:1,play 311.13
5:1562,187.173364,187.173364,187.173364,195.4814203166921,8.308056316692102,248.38473679832958,61.21137279832959,fdd:2,play 155.56
5:1563,187.173364,187.23586381666664,187.23586381666664,195.5014203166921,8.328056316692113,248.42332670085094,61.24996270085094,fdd:2,play 311.13
5:1564,187.25488549999997,187.25488549999997,187.25488549999997,195.54142031669213,8.286534816692154,248.50050650589364,61.24562100589367,fdd:1,play 155.56
5:1565,187.25488549999997,187.31738531666664,187.31738531666664,195.56142031669214,8.306534816692164,248.539096408415,61.28421090841502,fdd:1,play 311.13
5:1566,187.33640699999998,187.33640699999998,187.33640699999998,195.60142031669216,8.265013316692176,248.6162762134577,61.279869213457715,fdd:2,play 155.56
5:1567,187.33640699999998,187.39890681666665,187.39890681666665,195.62142031669217,8.285013316692186,248.65486611597905,61.31845911597907,fdd:2,play 311.13
5:1568,187.4179285,187.4179285,187.4179285,195.6614203166922,8.243491816692199,248.73204592102175,61.31411742102176,fdd:1,play 155.56
5:1569,187.4179285,187.48042831666663,187.48042831666663,195.6814203166922,8.26349181669221,248.7706358235431,61.352707323543115,fdd:1,play 311.13
5:1570,187.49944999999997,187.49944999999997,187.49944999999997,195.72142031669222,8.22197031669225,248.8478156285858,61.34836562858584,fdd:2,play 155.56
5:1571,187.49944999999997,187.56194981666664,187.56194981666664,195.74142031669223,8.24197031669226,248.88640553110716,61.38695553110719,fdd:2,play 311.13
5:1572,187.58097149999998,187.58097149999998,187.58097149999998,195.78142031669225,8.200448816692273,248.96358533614986,61.382613836149886,fdd:1,play 155.56
5:1573,187.58097149999998,187.64347131666665,187.64347131666665,195.80142031669226,8.220448816692283,249.0021752386712,61.42120373867124,fdd:1,play 311.13
5:1575,187.66249299999998,187.66249299999998,187.66249299999998,195.84142031669228,8.178927316692295,249.07935504371392,61.416862043713934,fdd:2,play 155.56
5:1574,187.66249299999998,187.66249299999998,187.66249299999998,195.8614203166923,8.198927316692306,249.11794494623527,61.455451946235286,fdd:3,play 130.81
5:1577,187.66249299999998,187.72499281666666,187.72499281666666,195.8814203166923,8.218927316692316,249.15653484875662,61.49404184875664,fdd:2,play 311.13
5:1576,187.66249299999998,187.72499299999998,187.72499299999998,195.9014203166923,8.238927316692326,249.19512475127797,61.53263175127799,fdd:3,play 261.63
5:1578,187.7440145,187.7440145,187.7440145,195.94142031669233,8.197405816692338,249.27230455632068,61.528290056320685,fdd:1,play 155.56
5:1579,187.7440145,187.80651431666664,187.80651431666664,195.96142031669234,8.217405816692349,249.31089445884203,61.56687995884204,fdd:1,play 311.13
4:189,188.96683699999997,188.96683699999997,188.96683699999997,196.0614203166924,7.094583316692422,249.46525406892744,60.498417068927466,drum:1,drum_on 196.00
4:190,189.12987999999999,189.12987999999999,189.12987999999999,196.12142031669242,6.991540316692436,249.58102377649146,60.45114377649148,drum:1,drum_on 220.00
4:191,189.29292299999997,189.29292299999997,189.29292299999997,196.18142031669245,6.8884973166924794,249.6967934840555,60.40387048405552,drum:1,drum_on 220.00
4:192,189.455966,189.455966,189.455966,196.24142031669248,6.785454316692494,249.81256319161952,60.35659719161953,drum:1,drum_on 196.00
4:193,189.78205199999996,189.78205199999996,189.78205199999996,196.30142031669251,6.51936831669255,249.92833289918354,60.14628089918358,drum:1,drum_on 185.00
4:194,190.10813799999997,190.10813799999997,190.10813799999997,196.36142031669254,6.253282316692577,250.04410260674757,59.9359646067476,drum:1,drum_on 196.00
3:379,190.43422399999997,190.43422399999997,190.43422399999997,196.38142031669256,5.947196316692583,250.12128241179025,59.687058411790275,fdd:1,play 196.00
1:841,190.43422399999997,190.49672399999997,190.49672399999997,196.40142031669257,5.967196316692593,250.1598723143116,59.72564831431163,fdd:1,play 196.00
4:195,190.76030999999998,190.76030999999998,190.76030999999998,196.4814203166926,5.721110316692631,250.27564202187565,59.51533202187568,drum:1,drum_on 146.83
1:842,190.76030999999998,190.76030999999998,190.76030999999998,196.50142031669262,5.741110316692641,250.35282182691833,59.592511826918354,fdd:1,play 146.83
1:843,191.08639599999998,191.08639599999998,191.08639599999998,196.56142031669265,5.475024316692668,250.46859153448239,59.382195534482406,fdd:1,play 196.00
1:844,191.41248199999998,191.41248199999998,191.41248199999998,196.60142031669267,5.188938316692685,250.5457713395251,59.133289339525106,fdd:1,play 146.83
1:845,191.738568,191.738568,191.738568,196.6414203166927,4.902852316692702,250.6229511445678,58.884383144567806,fdd:1,play 196.00
1:846,192.064654,192.064654,192.064654,196.6814203166927,4.616766316692718,250.7001309496105,58.635476949610506,fdd:1,play 196.00
3:380,192.39073999999997,192.39073999999997,192.39073999999997,196.72142031669273,4.330680316692764,250.7773107546532,58.386570754653235,fdd:1,play 196.00
3:381,192.71682599999997,192.71682599999997,192.71682599999997,196.76142031669275,4.0445943166927805,250.8544905596959,58.137664559695935,fdd:1,play 196.00
1:847,192.71682599999997,192.77932599999997,192.77932599999997,196.78142031669276,4.064594316692791,250.89308046221726,58.17625446221729,fdd:1,play 146.83
3:382,193.04291199999997,193.04291199999997,193.04291199999997,196.82142031669278,3.7785083166928075,250.97026026725996,57.92734826725999,fdd:1,play 196.00
1:848,193.04291199999997,193.10541199999997,193.10541199999997,196.8414203166928,3.7985083166928177,251.0088501697813,57.96593816978134,fdd:1,play 246.94
1:849,193.69508399999998,193.69508399999998,193.69508399999998,196.8814203166928,3.186336316692831,251.08602997482402,57.390945974824035,fdd:1,play 196.00
1:850,194.02116999999998,194.02116999999998,194.02116999999998,196.92142031669283,2.9002503166928477,251.16320977986672,57.142039779866735,fdd:1,play 146.83
4:196,194.18421299999997,194.18421299999997,194.18421299999997,196.96142031669285,2.7772073166928806,251.20179968238807,57.0175866823881,drum:1,drum_on 146.83
4:197,194.347256,194.347256,194.347256,197.0414203166929,2.6941643166929055,251.35615929247345,57.00890329247346,drum:1,drum_on 196.00
4:198,194.51029899999997,194.51029899999997,194.51029899999997,197.10142031669292,2.5911213166929485,251.47192900003748,56.9616300000375,drum:1,drum_on 220.00
4:199,194.673342,194.673342,194.673342,197.16142031669295,2.488078316692963,251.5876987076015,56.91435670760151,drum:1,drum_on 196.00
1:851,194.673342,194.673342,194.673342,197.18142031669296,2.5080783166929734,251.66487851264418,56.99153651264419,fdd:2,play 293.66
1:852,194.99942799999997,194.99942799999997,194.99942799999997,197.22142031669298,2.2219923166930187,251.74205831768688,56.74263031768692,fdd:2,play 246.94
4:200,195.32551399999997,195.32551399999997,195.32551399999997,197.30142031669303,1.975906316693056,251.85782802525094,56.53231402525097,drum:1,drum_on 185.00
1:853,195.32551399999997,195.32551399999997,195.32551399999997,197.32142031669304,1.9959063166930662,251.9350078302936,56.609493830293644,fdd:3,play 311.13
3:383,195.65159999999997,195.65159999999997,195.65159999999997,197.36142031669306,1.709820316693083,252.01218763533632,56.360587635336344,fdd:2,play 123.47
1:854,195.65159999999997,195.71409999999997,195.71409999999997,197.38142031669307,1.7298203166930932,252.05077753785767,56.399177537857696,fdd:2,play 123.47
1:855,195.97768599999998,195.97768599999998,195.97768599999998,197.4214203166931,1.44373431669311,252.12795734290037,56.150271342900396,fdd:1,play 185.00
1:856,196.30377199999998,196.30377199999998,196.30377199999998,197.48142031669312,1.177648316693137,252.24372705046443,55.93995505046445,fdd:1,play 246.94
1:857,196.955944,196.955944,196.955944,197.52142031669314,0.5654763166931502,252.32090685550713,55.364962855507144,fdd:1,play 185.00
1:858,197.28202999999996,197.28202999999996,197.28202999999996,197.56142031669316,0.2793903166931955,252.39808666054984,55.11605666054987,fdd:1,play 246.94
3:384,197.60811599999997,197.60811599999997,197.60811599999997,197.60811599999997,0.0,252.47526646559254,54.86715046559257,fdd:3,play 123.47
1:859,197.93420199999997,197.93420199999997,197.93420199999997,197.93420199999997,0.0,252.55244627063524,54.61824427063527,fdd:1,play 185.00
3:385,197.93420199999997,197.93420199999997,197.93420199999997,197.95420199999998,0.020000000000010232,252.5910361731566,54.656834173156625,fdd:3,play 123.47
1:860,198.26028799999997,198.26028799999997,198.26028799999997,198.26028799999997,0.0,252.70680588072065,54.44651788072068,fdd:1,play 311.13
3:386,198.26028799999997,198.26028799999997,198.26028799999997,198.28028799999998,0.020000000000010232,252.745395783242,54.48510778324203,fdd:3,play 123.47
1:861,198.58637399999998,198.58637399999998,198.58637399999998,198.58637399999998,0.0,252.86116549080606,54.27479149080608,fdd:1,play 246.94
1:862,198.91245999999998,198.91245999999998,198.91245999999998,198.91245999999998,0.0,252.93834529584876,54.02588529584878,fdd:1,play 185.00
1:863,199.23854599999999,199.23854599999999,199.23854599999999,199.23854599999999,0.0,253.01552510089147,53.77697910089148,fdd:1,play 246.94
4:201,199.40158899999997,199.40158899999997,199.40158899999997,199.42158899999998,0.020000000000010232,253.05411500341282,53.652526003412845,drum:1,drum_on 155.56
4:202,199.564632,199.564632,199.564632,199.58561031666667,0.02097831666668526,253.2084746134982,53.64384261349821,drum:1,drum_on 220.00
4:203,199.89071799999996,199.89071799999996,199.89071799999996,199.91169631666668,0.02097831666671368,253.32424432106222,53.43352632106226,drum:1,drum_on 220.00
1:864,199.89071799999996,199.89071799999996,199.89071799999996,199.9316963166667,0.04097831666672391,253.4014241261049,53.510706126104935,fdd:1,play 185.00
4:204,200.21680399999997,200.21680399999997,200.21680399999997,200.23778231666665,0.02097831666668526,253.51719383366895,53.30038983366899,drum:1,drum_on 196.00
1:865,200.21680399999997,200.21680399999997,200.21680399999997,200.25778231666666,0.04097831666669549,253.59437363871163,53.37756963871166,fdd:1,play 311.13
4:205,200.54288999999997,200.54288999999997,200.54288999999997,200.56386831666666,0.02097831666668526,253.7101433462757,53.167253346275714,drum:1,drum_on 233.08
3:387,200.86897599999998,200.86897599999998,200.86897599999998,200.86897599999998,0.0,253.78732315131836,52.918347151318386,fdd:1,play 130.81
1:866,200.86897599999998,200.93147599999998,200.93147599999998,200.93147599999998,0.0625,253.8259130538397,52.95693705383974,fdd:1,play 130.81
4:206,201.19506199999998,201.19506199999998,201.19506199999998,201.21604031666666,0.02097831666668526,253.94168276140377,52.74662076140379,drum:1,drum_on 196.00
1:867,201.19506199999998,201.19506199999998,201.19506199999998,201.23604031666667,0.04097831666669549,254.01886256644644,52.823800566446465,fdd:1,play 196.00
1:868,201.52114799999998,201.52114799999998,201.52114799999998,201.52114799999998,0.0,254.09604237148915,52.574894371489165,fdd:1,play 261.63
1:869,202.17332,202.17332,202.17332,202.17429831666666,0.0009783166666750276,254.2118120790532,52.03849207905321,fdd:1,play 261.63
1:870,202.49940599999996,202.49940599999996,202.49940599999996,202.49940599999996,0.0,254.2889918840959,51.78958588409594,fdd:1,play 329.63
3:388,202.82549199999997,202.82549199999997,202.82549199999997,202.82549199999997,0.0,254.3661716891386,51.54067968913864,fdd:1,play 130.81
1:871,202.82549199999997,202.88799199999997,202.88799199999997,202.88799199999997,0.0625,254.40476159165996,51.579269591659994,fdd:1,play 261.63
3:389,203.15157799999997,203.15157799999997,203.15157799999997,203.15157799999997,0.0,254.48194139670267,51.330363396702694,fdd:1,play 130.81
1:872,203.15157799999997,203.21407799999997,203.21407799999997,203.21407799999997,0.0625,254.52053129922402,51.368953299224046,fdd:1,play 196.00
3:390,203.47766399999998,203.47766399999998,203.47766399999998,203.47766399999998,0.0,254.59771110426672,51.120047104266746,fdd:1,play 130.81
1:873,203.47766399999998,203.54016399999998,203.54016399999998,203.54016399999998,0.0625,254.63630100678807,51.1586370067881,fdd:1,play 329.63
1:874,203.80374999999998,203.80374999999998,203.80374999999998,203.80374999999998,0.0,254.71348081183078,50.9097308118308,fdd:1,play 261.63
1:875,204.12983599999998,204.12983599999998,204.12983599999998,204.12983599999998,0.0,254.79066061687348,50.6608246168735,fdd:1,play 196.00
1:876,204.455922,204.455922,204.455922,204.455922,0.0,254.86784042191618,50.4119184219162,fdd:1,play 261.63
4:207,204.61896499999997,204.61896499999997,204.61896499999997,204.63896499999998,0.020000000000010232,254.90643032443754,50.28746532443756,drum:1,drum_on 196.00
4:208,204.782008,204.782008,204.782008,204.80298631666668,0.02097831666668526,255.06078993452292,50.278781934522925,drum:1,drum_on 196.00
4:209,205.10809399999997,205.10809399999997,205.10809399999997,205.12907231666665,0.02097831666668526,255.17655964208694,50.06846564208698,drum:1,drum_on 220.00
1:877,205.10809399999997,205.10809399999997,205.10809399999997,205.14907231666666,0.04097831666669549,255.25373944712962,50.14564544712965,fdd:1,play 196.00
4:210,205.43417999999997,205.43417999999997,205.43417999999997,205.45515831666665,0.02097831666668526,255.36950915469367,49.935329154693704,drum:1,drum_on 196.00
1:878,205.43417999999997,205.43417999999997,205.43417999999997,205.47515831666666,0.04097831666669549,255.44668895973635,50.01250895973638,fdd:1,play 261.63
4:211,205.76026599999997,205.76026599999997,205.76026599999997,205.78124431666666,0.02097831666668526,255.5624586673004,49.80219266730043,drum:1,drum_on 233.08
1:879,205.76026599999997,205.76026599999997,205.76026599999997,205.80124431666667,0.04097831666669549,255.63963847234308,49.87937247234311,fdd:1,play 196.00
3:391,206.08635199999998,206.08635199999998,206.08635199999998,206.08635199999998,0.0,255.71681827738578,49.63046627738581,fdd:1,play 130.81
7:0,206.08635199999998,206.08635199999998,206.08635199999998,206.106352,0.020000000000010232,255.75540817990714,49.66905617990716,fdd:2,play 196.00
7:2,206.08635199999998,206.08635199999998,206.08635199999998,206.126352,0.040000000000020464,255.7939980824285,49.70764608242851,fdd:3,play 311.13
1:880,206.08635199999998,206.14885199999998,206.14885199999998,206.14885199999998,0.0625,255.83258798494984,49.74623598494986,fdd:1,play 196.00
7:1,206.08635199999998,206.14885199999998,206.14885199999998,206.168852,0.08250000000001023,255.8711778874712,49.784825887471214,fdd:2,play 261.63
4:212,206.41243799999998,206.41243799999998,206.41243799999998,206.43341631666667,0.02097831666668526,256.0641274000779,49.65168940007791,drum:1,drum_on 196.00
1:881,206.41243799999998,206.41243799999998,206.41243799999998,206.45341631666668,0.04097831666669549,256.1413072051206,49.72886920512062,fdd:1,play 261.63
1:882,206.73852399999998,206.73852399999998,206.73852399999998,206.73852399999998,0.0,256.21848701016324,49.47996301016326,fdd:1,play 196.00
1:883,207.06461,207.06461,207.06461,207.06558831666666,0.0009783166666750276,256.3342567177272,49.26964671772723,fdd:1,play 261.63
1:884,207.39069599999996,207.39069599999996,207.39069599999996,207.39069599999996,0.0,256.41143652276986,49.0207405227699,fdd:1,play 311.13
1:885,207.71678199999997,207.71678199999997,207.71678199999997,207.71678199999997,0.0,256.4886163278125,48.77183432781254,fdd:1,play 261.63
3:392,208.04286799999997,208.04286799999997,208.04286799999997,208.04286799999997,0.0,256.56579613285516,48.522928132855185,fdd:1,play 130.81
1:886,208.04286799999997,208.10536799999997,208.10536799999997,208.10536799999997,0.0625,256.6043860353765,48.56151803537651,fdd:1,play 196.00
3:393,208.36895399999997,208.36895399999997,208.36895399999997,208.36895399999997,0.0,256.6815658404191,48.31261184041915,fdd:1,play 130.81
1:887,208.36895399999997,208.43145399999997,208.43145399999997,208.43145399999997,0.0625,256.72015574294045,48.351201742940475,fdd:1,play 261.63
3:394,208.69503999999998,208.69503999999998,208.69503999999998,208.69503999999998,0.0,256.7973355479831,48.10229554798312,fdd:1,play 130.81
1:888,208.69503999999998,208.75753999999998,208.75753999999998,208.75753999999998,0.0625,256.8359254505044,48.14088545050444,fdd:1,play 311.13
1:889,209.02112599999998,209.02112599999998,209.02112599999998,209.02112599999998,0.0,256.91310525554707,47.891979255547085,fdd:1,play 196.00
1:890,209.34721199999998,209.34721199999998,209.34721199999998,209.34721199999998,0.0,256.9902850605897,47.64307306058973,fdd:1,play 261.63
1:891,209.673298,209.673298,209.673298,209.673298,0.0,257.06746486563236,47.39416686563237,fdd:1,play 196.00
4:213,209.83634099999998,209.83634099999998,209.83634099999998,209.856341,0.020000000000010232,257.1060547681537,47.26971376815371,drum:1,drum_on 196.00
4:214,209.99938399999996,209.99938399999996,209.99938399999996,210.02036231666665,0.02097831666668526,257.26041437823903,47.26103037823907,drum:1,drum_on 196.00
4:215,210.32546999999997,210.32546999999997,210.32546999999997,210.34644831666665,0.02097831666668526,257.37618408580306,47.050714085803094,drum:1,drum_on 220.00
5:1580,210.32546999999997,210.32546999999997,210.32546999999997,210.36644831666666,0.04097831666669549,257.45336389084576,47.1278938908458,fdd:1,play 207.65
1:892,210.32546999999997,210.32546999999997,210.32546999999997,210.38644831666667,0.06097831666670572,257.4919537933671,47.16648379336712,fdd:2,play 311.13
5:1581,210.32546999999997,210.38796999999997,210.38796999999997,210.40644831666668,0.08097831666671595,257.5305436958884,47.205073695888444,fdd:1,play 207.65
4:216,210.48851299999998,210.48851299999998,210.48851299999998,210.50949131666667,0.02097831666668526,257.60772350093106,47.119210500931075,drum:1,drum_on 246.94
1:893,210.65155599999997,210.65155599999997,210.65155599999997,210.65155599999997,0.0,257.7620831110164,47.11052711101644,fdd:3,play 261.63
4:217,210.97764199999997,210.97764199999997,210.97764199999997,210.99862031666666,0.02097831666668526,257.8778528185804,46.900210818580405,drum:1,drum_on 246.94
3:395,211.30372799999998,211.30372799999998,211.30372799999998,211.30470631666665,0.0009783166666750276,257.9936225261444,46.68989452614443,fdd:1,play 196.00
7:4,211.30372799999998,211.30372799999998,211.30372799999998,211.32470631666666,0.02097831666668526,258.03221242866573,46.72848442866575,fdd:2,play 196.00
7:3,211.30372799999998,211.30372799999998,211.30372799999998,211.34470631666667,0.04097831666669549,258.07080233118705,46.767074331187075,fdd:3,play 293.66
5:1583,211.30372799999998,211.30372799999998,211.30372799999998,211.36470631666668,0.06097831666670572,258.1093922337084,46.8056642337084,fdd:4,play 146.83
1:894,211.30372799999998,211.36622799999998,211.36622799999998,211.3847063166667,0.08097831666671595,258.1479821362297,46.84425413622972,fdd:1,play 196.00
7:5,211.30372799999998,211.36622799999998,211.36622799999998,211.4047063166667,0.10097831666672619,258.186572038751,46.882844038751045,fdd:2,play 246.94
5:1582,211.30372799999998,211.36622799999998,211.36622799999998,211.42470631666671,0.12097831666673642,258.22516194127235,46.92143394127237,fdd:3,play 98.00
1:895,211.62981399999998,211.62981399999998,211.62981399999998,211.62981399999998,0.0,258.41811145387896,46.78829745387898,fdd:1,play 146.83
1:896,211.95589999999999,211.95589999999999,211.95589999999999,211.95589999999999,0.0,258.4952912589216,46.539391258921626,fdd:1,play 246.94
1:897,212.281986,212.281986,212.281986,212.281986,0.0,258.57247106396426,46.29048506396427,fdd:1,play 146.83
3:396,212.44502899999998,212.44502899999998,212.44502899999998,212.462029,0.01700000000002433,258.6496508690069,46.20462186900693,fdd:1,play 196.00
3:397,212.60807199999996,212.60807199999996,212.60807199999996,212.61607199999997,0.008000000000009777,258.72683067404955,46.11875867404959,fdd:1,play 196.00
1:898,212.60807199999996,212.67057199999996,212.67057199999996,212.67057199999996,0.0625,258.7654205765709,46.15734857657091,fdd:1,play 196.00
3:398,212.93415799999997,212.93415799999997,212.93415799999997,212.93415799999997,0.0,258.8426003816135,45.908442381613554,fdd:1,play 196.00
1:899,212.93415799999997,212.99665799999997,212.99665799999997,212.99665799999997,0.0625,258.88119028413485,45.94703228413488,fdd:1,play 246.94
1:900,213.26024399999997,213.26024399999997,213.26024399999997,213.26024399999997,0.0,258.9583700891775,45.69812608917752,fdd:1,play 196.00
3:399,213.58632999999998,213.58632999999998,213.58632999999998,213.58632999999998,0.0,259.03554989422014,45.449219894220164,fdd:1,play 196.00
1:901,213.58632999999998,213.58632999999998,213.58632999999998,213.60632999999999,0.020000000000010232,259.07413979674146,45.48780979674149,fdd:2,play 246.94
3:400,213.91241599999998,213.91241599999998,213.91241599999998,213.91241599999998,0.0,259.18990950430543,45.277493504305454,fdd:1,play 196.00
7:7,213.91241599999998,213.91241599999998,213.91241599999998,213.932416,0.020000000000010232,259.22849940682676,45.31608340682678,fdd:2,play 196.00
1:902,213.91241599999998,213.91241599999998,213.91241599999998,213.952416,0.040000000000020464,259.2670893093481,45.3546733093481,fdd:4,play 196.00
7:6,213.91241599999998,213.97491599999998,213.97491599999998,213.97491599999998,0.0625,259.3056792118694,45.393263211869424,fdd:1,play 293.66
7:8,213.91241599999998,213.97491599999998,213.97491599999998,213.994916,0.08250000000001023,259.3442691143907,45.43185311439075,fdd:2,play 261.63
1:903,214.23850199999998,214.23850199999998,214.23850199999998,214.23850199999998,0.0,259.498628724476,45.26012672447604,fdd:1,play 293.66
1:904,214.564588,214.564588,214.564588,214.564588,0.0,259.57580852951867,45.01122052951868,fdd:1,play 246.94
7:11,214.89067399999996,214.89067399999996,214.89067399999996,214.89067399999996,0.0,259.6529883345613,44.76231433456135,fdd:1,play 246.94
7:9,214.89067399999996,214.89067399999996,214.89067399999996,214.91067399999997,0.020000000000010232,259.69157823708264,44.800904237082676,fdd:4,play 293.66
1:905,214.89067399999996,214.95317399999996,214.95317399999996,214.95317399999996,0.0625,259.73016813960396,44.839494139604,fdd:1,play 293.66
7:10,214.89067399999996,214.95317399999996,214.95317399999996,214.97317399999997,0.08250000000001023,259.7687580421253,44.87808404212532,fdd:4,play 196.00
3:401,215.05371699999998,215.05371699999998,215.05371699999998,215.070717,0.01700000000002433,259.84593784716793,44.792220847167954,fdd:1,play 196.00
4:218,215.21675999999997,215.21675999999997,215.21675999999997,215.24475999999999,0.02800000000002001,259.9617075547319,44.74494755473194,drum:1,drum_on 196.00
3:402,215.21675999999997,215.21675999999997,215.21675999999997,215.26476,0.04800000000003024,260.0388873597746,44.82212735977464,fdd:1,play 196.00
4:219,215.54284599999997,215.54284599999997,215.54284599999997,215.56382431666665,0.02097831666668526,260.1546570673386,44.61181106733861,drum:1,drum_on 220.00
1:906,215.54284599999997,215.54284599999997,215.54284599999997,215.58382431666666,0.04097831666669549,260.2318368723813,44.68899087238131,fdd:1,play 246.94
7:12,215.54284599999997,215.54284599999997,215.54284599999997,215.60382431666667,0.06097831666670572,260.2704267749026,44.727580774902634,fdd:4,play 196.00
4:220,215.70588899999998,215.70588899999998,215.70588899999998,215.72686731666667,0.02097831666668526,260.34760657994525,44.641717579945265,drum:1,drum_on 246.94
3:403,215.86893199999997,215.86893199999997,215.86893199999997,215.86893199999997,0.0,260.5019661900306,44.63303419003063,fdd:1,play 196.00
1:907,215.86893199999997,215.86893199999997,215.86893199999997,215.88893199999998,0.020000000000010232,260.5405560925519,44.67162409255195,fdd:2,play 196.00
4:221,216.19501799999998,216.19501799999998,216.19501799999998,216.21599631666666,0.02097831666668526,260.6949157026372,44.49989770263724,drum:1,drum_on 246.94
1:908,216.19501799999998,216.19501799999998,216.19501799999998,216.23599631666667,0.04097831666669549,260.7720955076799,44.577077507679945,fdd:2,play 246.94
5:1585,216.52110399999998,216.52110399999998,216.52110399999998,216.52110399999998,0.0,260.84927531272257,44.32817131272259,fdd:1,play 185.00
3:404,216.52110399999998,216.52110399999998,216.52110399999998,216.541104,0.020000000000010232,260.8878652152439,44.36676121524391,fdd:2,play 123.47
1:909,216.52110399999998,216.52110399999998,216.52110399999998,216.561104,0.040000000000020464,260.9264551177652,44.405351117765235,fdd:3,play 123.47
7:15,216.52110399999998,216.52110399999998,216.52110399999998,216.581104,0.060000000000030695,260.96504502028654,44.44394102028656,fdd:4,play 246.94
7:13,216.52110399999998,216.58360399999998,216.58360399999998,216.60110400000002,0.08000000000004093,261.00363492280786,44.48253092280788,fdd:1,play 311.13
5:1584,216.52110399999998,216.58360399999998,216.58360399999998,216.62110400000003,0.10000000000005116,261.0422248253292,44.521120825329206,fdd:2,play 123.47
7:14,216.52110399999998,216.58360399999998,216.58360399999998,216.64110400000004,0.12000000000006139,261.0808147278505,44.55971072785053,fdd:3,play 185.00
4:222,216.84718999999998,216.84718999999998,216.84718999999998,216.87360400000003,0.026414000000045235,261.31235414297845,44.465164142978466,drum:1,drum_on 185.00
1:910,216.84718999999998,216.84718999999998,216.84718999999998,216.89360400000004,0.046414000000055466,261.38953394802115,44.54234394802117,fdd:1,play 246.94
1:911,217.173276,217.173276,217.173276,217.173276,0.0,261.4667137530638,44.29343775306381,fdd:2,play 185.00
4:223,217.49936199999996,217.49936199999996,217.49936199999996,217.52034031666668,0.02097831666671368,261.58248346062777,44.08312146062781,drum:1,drum_on 164.81
1:912,217.49936199999996,217.49936199999996,217.49936199999996,217.5403403166667,0.04097831666672391,261.6596632656705,44.16030126567051,fdd:1,play 246.94
4:224,217.66240499999998,217.66240499999998,217.66240499999998,217.68338331666666,0.02097831666668526,261.7368430707131,44.07443807071314,drum:1,drum_on 155.56
3:405,217.66240499999998,217.66240499999998,217.66240499999998,217.70338331666667,0.04097831666669549,261.8140228757558,44.151617875755846,fdd:3,play 123.47
3:406,217.82544799999997,217.82544799999997,217.82544799999997,217.83344799999998,0.008000000000009777,261.9297925833198,44.10434458331983,fdd:3,play 123.47
1:913,217.82544799999997,217.88794799999997,217.88794799999997,217.88794799999997,0.0625,261.9683824858411,44.14293448584115,fdd:3,play 311.13
3:407,218.15153399999997,218.15153399999997,218.15153399999997,218.15153399999997,0.0,262.04556229088377,43.894028290883796,fdd:3,play 123.47
1:914,218.15153399999997,218.15153399999997,218.15153399999997,218.17153399999998,0.020000000000010232,262.0841521934051,43.93261819340512,fdd:4,play 185.00
1:915,218.47761999999997,218.47761999999997,218.47761999999997,218.47859831666665,0.0009783166666750276,262.2385118034904,43.76089180349041,fdd:4,play 311.13
1:916,218.80370599999998,218.80370599999998,218.80370599999998,218.80370599999998,0.0,262.31569160853303,43.51198560853305,fdd:2,play 185.00
3:408,218.80370599999998,218.80370599999998,218.80370599999998,218.823706,0.020000000000010232,262.35428151105435,43.550575511054376,fdd:4,play 123.47
1:917,219.12979199999998,219.12979199999998,219.12979199999998,219.12979199999998,0.0,262.4700512186183,43.34025921861834,fdd:1,play 246.94
3:409,219.12979199999998,219.12979199999998,219.12979199999998,219.149792,0.020000000000010232,262.50864112113965,43.378849121139666,fdd:2,play 123.47
7:17,219.12979199999998,219.12979199999998,219.12979199999998,219.169792,0.040000000000020464,262.54723102366097,43.41743902366099,fdd:3,play 185.00
5:1587,219.12979199999998,219.12979199999998,219.12979199999998,219.189792,0.060000000000030695,262.5858209261823,43.45602892618231,fdd:4,play 185.00
5:1586,219.12979199999998,219.19229199999998,219.19229199999998,219.20979200000002,0.08000000000004093,262.6244108287036,43.494618828703636,fdd:1,play 246.94
7:16,219.12979199999998,219.19229199999998,219.19229199999998,219.22979200000003,0.10000000000005116,262.66300073122494,43.53320873122496,fdd:2,play 311.13
7:18,219.12979199999998,219.19229199999998,219.19229199999998,219.24979200000004,0.12000000000006139,262.70159063374626,43.57179863374628,fdd:3,play 261.63
1:918,219.45587799999998,219.45587799999998,219.45587799999998,219.45587799999998,0.0,262.8945401463529,43.4386621463529,fdd:2,play 185.00
1:919,219.781964,219.781964,219.781964,219.781964,0.0,262.9717199513955,43.18975595139554,fdd:1,play 311.13
4:225,219.99935466666665,219.99935466666665,219.99935466666665,220.01935466666666,0.020000000000010232,263.0488997564382,43.04954508977153,drum:1,drum_on 246.94
7:19,220.10804999999996,220.10804999999996,220.10804999999996,220.10804999999996,0.0,263.1260795614809,43.018029561480915,fdd:1,play 311.13
7:20,220.10804999999996,220.10804999999996,220.10804999999996,220.12804999999997,0.020000000000010232,263.1646694640022,43.05661946400224,fdd:2,play 185.00
1:920,220.10804999999996,220.10804999999996,220.10804999999996,220.14804999999998,0.040000000000020464,263.2032593665235,43.09520936652356,fdd:3,play 185.00
7:21,220.10804999999996,220.17054999999996,220.17054999999996,220.17054999999996,0.0625,263.24184926904485,43.133799269044886,fdd:1,play 246.94
4:226,220.2167453333333,220.2167453333333,220.2167453333333,220.23772365,0.02097831666668526,263.3190290740875,43.10228374075419,drum:1,drum_on 246.94
3:410,220.27109299999998,220.27109299999998,220.27109299999998,220.288093,0.01700000000002433,263.4347987816515,43.163705781651544,fdd:3,play 123.47
4:227,220.43413599999997,220.43413599999997,220.43413599999997,220.47511431666666,0.04097831666669549,263.62774829425814,43.19361229425817,drum:1,drum_on 261.63
3:411,220.43413599999997,220.43413599999997,220.43413599999997,220.49511431666667,0.06097831666670572,263.70492809930084,43.27079209930088,fdd:3,play 123.47
4:228,220.59717899999998,220.59717899999998,220.59717899999998,220.61815731666667,0.02097831666668526,263.7821079043435,43.18492890434351,drum:1,drum_on 246.94
4:229,220.76022199999997,220.76022199999997,220.76022199999997,220.78120031666666,0.02097831666668526,263.93646751442884,43.17624551442887,drum:1,drum_on 246.94
1:921,220.76022199999997,220.76022199999997,220.76022199999997,220.80120031666667,0.04097831666669549,264.01364731947154,43.253425319471575,fdd:1,play 311.13
3:412,220.76022199999997,220.76022199999997,220.76022199999997,220.82120031666668,0.06097831666670572,264.05223722199287,43.2920152219929,fdd:3,play 123.47
7:22,220.76022199999997,220.76022199999997,220.76022199999997,220.8412003166667,0.08097831666671595,264.0908271245142,43.33060512451422,fdd:4,play 220.00
7:23,220.76022199999997,220.82272199999997,220.82272199999997,220.8612003166667,0.10097831666672619,264.1294170270355,43.369195027035545,fdd:4,play 246.94
4:230,221.08630799999997,221.08630799999997,221.08630799999997,221.10728631666666,0.02097831666668526,264.32236653964213,43.23605853964216,drum:1,drum_on 246.94
1:922,221.08630799999997,221.08630799999997,221.08630799999997,221.12728631666667,0.04097831666669549,264.39954634468484,43.31323834468486,fdd:1,play 246.94
4:231,221.24935099999996,221.24935099999996,221.24935099999996,221.27032931666668,0.02097831666671368,264.4767261497275,43.22737514972752,drum:1,drum_on 220.00
7:24,221.41239399999998,221.41239399999998,221.41239399999998,221.41239399999998,0.0,264.5924958572915,43.18010185729153,fdd:1,play 185.00
3:413,221.41239399999998,221.41239399999998,221.41239399999998,221.432394,0.020000000000010232,264.63108575981283,43.218691759812856,fdd:4,play 123.47
7:25,221.41239399999998,221.47489399999998,221.47489399999998,221.47489399999998,0.0625,264.66967566233416,43.25728166233418,fdd:4,play 185.00
4:232,221.57543699999997,221.57543699999997,221.57543699999997,221.59641531666665,0.02097831666668526,264.7468554673768,43.17141846737684,drum:1,drum_on 246.94
3:414,221.73847999999998,221.73847999999998,221.73847999999998,221.73847999999998,0.0,264.90121507746215,43.16273507746217,fdd:1,play 130.81
7:27,221.73847999999998,221.73847999999998,221.73847999999998,221.75848,0.020000000000010232,264.9398049799835,43.2013249799835,fdd:2,play 329.63
1:923,221.73847999999998,221.73847999999998,221.73847999999998,221.77848,0.040000000000020464,264.9783948825048,43.23991488250482,fdd:3,play 130.81
5:1589,221.73847999999998,221.73847999999998,221.73847999999998,221.79848,0.060000000000030695,265.0169847850261,43.27850478502614,fdd:4,play 196.00
7:26,221.73847999999998,221.80097999999998,221.80097999999998,221.81848000000002,0.08000000000004093,265.05557468754745,43.31709468754747,fdd:1,play 261.63
7:28,221.73847999999998,221.80097999999998,221.80097999999998,221.83848000000003,0.10000000000005116,265.0941645900688,43.35568459006879,fdd:2,play 196.00
5:1588,221.73847999999998,221.80097999999998,221.80097999999998,221.85848000000004,0.12000000000006139,265.1327544925901,43.394274492590114,fdd:3,play 130.81
1:924,222.06456599999999,222.06456599999999,222.06456599999999,222.06456599999999,0.0,265.3257040051967,43.26113800519673,fdd:2,play 261.63
1:925,222.390652,222.390652,222.390652,222.390652,0.0,265.40288381023936,43.01223181023937,fdd:3,play 329.63
1:926,222.71673799999996,222.71673799999996,222.71673799999996,222.71673799999996,0.0,265.480063615282,42.76332561528204,fdd:2,play 261.63
3:415,222.87978099999998,222.87978099999998,222.87978099999998,222.87978099999998,0.0,265.51865351780333,42.63887251780335,fdd:1,play 130.81
3:416,223.04282399999997,223.04282399999997,223.04282399999997,223.05082399999998,0.008000000000009777,265.6344232253673,42.59159922536733,fdd:1,play 130.81
1:927,223.04282399999997,223.10532399999997,223.10532399999997,223.10532399999997,0.0625,265.6730131278886,42.630189127888656,fdd:1,play 329.63
3:417,223.36890999999997,223.36890999999997,223.36890999999997,223.36890999999997,0.0,265.75019293293127,42.3812829329313,fdd:1,play 130.81
1:928,223.36890999999997,223.43140999999997,223.43140999999997,223.43140999999997,0.0625,265.7887828354526,42.41987283545262,fdd:1,play 261.63
1:929,223.69499599999997,223.69499599999997,223.69499599999997,223.69597431666665,0.0009783166666750276,265.90455254301656,42.20955654301659,fdd:2,play 196.00
7:29,223.69499599999997,223.69499599999997,223.69499599999997,223.71597431666666,0.02097831666668526,265.9431424455379,42.24814644553791,fdd:3,play 261.63
7:30,223.69499599999997,223.69499599999997,223.69499599999997,223.73597431666667,0.04097831666669549,265.9817323480592,42.286736348059236,fdd:4,play 329.63
7:31,223.69499599999997,223.75749599999997,223.75749599999997,223.75749599999997,0.0625,266.02032225058053,42.32532625058056,fdd:4,play 220.00
3:418,224.02108199999998,224.02108199999998,224.02108199999998,224.02108199999998,0.0,266.1746818606658,42.15359986066585,fdd:1,play 130.81
1:930,224.02108199999998,224.02108199999998,224.02108199999998,224.041082,0.020000000000010232,266.21327176318715,42.19218976318717,fdd:2,play 329.63
3:419,224.34716799999998,224.34716799999998,224.34716799999998,224.34716799999998,0.0,266.3290414707511,41.98187347075114,fdd:1,play 130.81
7:33,224.34716799999998,224.34716799999998,224.34716799999998,224.367168,0.020000000000010232,266.36763137327245,42.02046337327246,fdd:2,play 196.00
7:34,224.34716799999998,224.34716799999998,224.34716799999998,224.387168,0.040000000000020464,266.40622127579377,42.05905327579379,fdd:4,play 261.63
7:32,224.34716799999998,224.40966799999998,224.40966799999998,224.40966799999998,0.0625,266.4448111783151,42.09764317831511,fdd:1,play 329.63
1:931,224.34716799999998,224.40966799999998,224.40966799999998,224.429668,0.08250000000001023,266.4834010808364,42.13623308083643,fdd:2,play 261.63
1:932,224.673254,224.673254,224.673254,224.673254,0.0,266.6377606909217,41.96450669092172,fdd:2,play 196.00
1:933,224.99933999999996,224.99933999999996,224.99933999999996,224.99933999999996,0.0,266.71494049596436,41.715600495964395,fdd:1,play 329.63
7:35,225.32542599999996,225.32542599999996,225.32542599999996,225.32542599999996,0.0,266.792120301007,41.46669430100704,fdd:1,play 261.63
7:36,225.32542599999996,225.32542599999996,225.32542599999996,225.34542599999997,0.020000000000010232,266.8307102035283,41.50528420352836,fdd:2,play 329.63
1:934,225.32542599999996,225.32542599999996,225.32542599999996,225.36542599999999,0.040000000000020464,266.86930010604965,41.543874106049685,fdd:3,play 196.00
7:37,225.32542599999996,225.38792599999996,225.38792599999996,225.38792599999996,0.0625,266.907890008571,41.58246400857101,fdd:2,play 246.94
3:420,225.48846899999998,225.48846899999998,225.48846899999998,225.505469,0.01700000000002433,266.9850698136136,41.49660081361364,fdd:1,play 130.81
4:233,225.65151199999997,225.65151199999997,225.65151199999997,225.679512,0.02800000000002001,267.1394294236989,41.487917423698946,drum:1,drum_on 196.00
3:421,225.65151199999997,225.65151199999997,225.65151199999997,225.699512,0.04800000000003024,267.2166092287416,41.56509722874165,fdd:1,play 130.81
4:234,225.97759799999997,225.97759799999997,225.97759799999997,225.99857631666666,0.02097831666668526,267.3323789363056,41.354780936305616,drum:1,drum_on 220.00
3:422,225.97759799999997,225.97759799999997,225.97759799999997,226.01857631666667,0.04097831666669549,267.4095587413483,41.43196074134832,fdd:1,play 130.81
1:935,225.97759799999997,226.04009799999997,226.04009799999997,226.04009799999997,0.0625,267.4481486438696,41.47055064386964,fdd:1,play 329.63
4:235,226.30368399999998,226.30368399999998,226.30368399999998,226.32466231666666,0.02097831666668526,267.5639183514336,41.26023435143361,drum:1,drum_on 196.00
7:38,226.30368399999998,226.30368399999998,226.30368399999998,226.34466231666667,0.04097831666669549,267.6410981564763,41.337414156476314,fdd:1,play 261.63
7:39,226.30368399999998,226.30368399999998,226.30368399999998,226.36466231666668,0.06097831666670572,267.6796880589976,41.37600405899764,fdd:3,play 329.63
7:40,226.30368399999998,226.36618399999998,226.36618399999998,226.3846623166667,0.08097831666671595,267.71827796151894,41.41459396151896,fdd:1,play 220.00
1:936,226.30368399999998,226.36618399999998,226.36618399999998,226.4046623166667,0.10097831666672619,267.75686786404026,41.453183864040284,fdd:3,play 261.63
4:236,226.62976999999998,226.62976999999998,226.62976999999998,226.65074831666666,0.02097831666668526,267.91122747412555,41.281457474125574,drum:1,drum_on 233.08
3:423,226.62976999999998,226.62976999999998,226.62976999999998,226.67074831666667,0.04097831666669549,267.98840727916826,41.35863727916828,fdd:1,play 130.81
1:937,226.62976999999998,226.62976999999998,226.62976999999998,226.69074831666669,0.06097831666670572,268.0269971816896,41.3972271816896,fdd:3,play 196.00
3:424,226.95585599999998,226.95585599999998,226.95585599999998,226.95585599999998,0.0,268.14276688925355,41.18691088925357,fdd:1,play 130.81
7:41,226.95585599999998,226.95585599999998,226.95585599999998,226.975856,0.020000000000010232,268.1813567917749,41.22550079177489,fdd:2,play 196.00
7:43,226.95585599999998,226.95585599999998,226.95585599999998,226.995856,0.040000000000020464,268.2199466942962,41.264090694296215,fdd:3,play 311.13
5:1591,226.95585599999998,226.95585599999998,226.95585599999998,227.015856,0.060000000000030695,268.2585365968175,41.30268059681754,fdd:4,play 196.00
1:938,226.95585599999998,227.01835599999998,227.01835599999998,227.03585600000002,0.08000000000004093,268.29712649933884,41.34127049933886,fdd:1,play 196.00
7:42,226.95585599999998,227.01835599999998,227.01835599999998,227.05585600000003,0.10000000000005116,268.33571640186017,41.379860401860185,fdd:2,play 261.63
5:1590,226.95585599999998,227.01835599999998,227.01835599999998,227.07585600000004,0.12000000000006139,268.3743063043815,41.41845030438151,fdd:3,play 130.81
4:237,227.281942,227.281942,227.281942,227.30835600000003,0.026414000000045235,268.60584571950943,41.323903719509445,drum:1,drum_on 196.00
1:939,227.281942,227.281942,227.281942,227.32835600000004,0.046414000000055466,268.68302552455214,41.40108352455215,fdd:1,play 311.13
1:940,227.60802799999996,227.60802799999996,227.60802799999996,227.60802799999996,0.0,268.7602053295948,41.15217732959482,fdd:1,play 261.63
1:941,227.93411399999997,227.93411399999997,227.93411399999997,227.93411399999997,0.0,268.83738513463743,40.903271134637464,fdd:1,play 196.00
7:44,229.23845799999998,229.23845799999998,229.23845799999998,229.23845799999998,0.0,268.9531548422014,39.71469684220142,fdd:1,play 146.83
7:45,229.56454399999998,229.56454399999998,229.56454399999998,229.56454399999998,0.0,269.03033464724405,39.46579064724406,fdd:1,play 261.63
7:46,229.56454399999998,229.62704399999998,229.62704399999998,229.62704399999998,0.0625,269.06892454976537,39.504380549765386,fdd:1,play 311.13
7:47,230.54280199999997,230.54280199999997,230.54280199999997,230.54280199999997,0.0,269.146104354808,38.60330235480805,fdd:1,play 293.66
7:48,230.54280199999997,230.54280199999997,230.54280199999997,230.56280199999998,0.020000000000010232,269.18469425732934,38.641892257329374,fdd:2,play 246.94
4:238,230.86888799999997,230.86888799999997,230.86888799999997,230.88888799999998,0.020000000000010232,269.3004639648933,38.43157596489334,drum:1,drum_on 196.00
4:239,231.19497399999997,231.19497399999997,231.19497399999997,231.21595231666666,0.02097831666668526,269.41623367245734,38.221259672457364,drum:1,drum_on 220.00
4:240,231.52105999999998,231.52105999999998,231.52105999999998,231.54203831666666,0.02097831666668526,269.53200338002137,38.01094338002139,drum:1,drum_on 196.00
7:49,231.52105999999998,231.52105999999998,231.52105999999998,231.56203831666667,0.04097831666669549,269.60918318506407,38.08812318506409,fdd:2,play 261.63
7:50,231.52105999999998,231.52105999999998,231.52105999999998,231.58203831666668,0.06097831666670572,269.6477730875854,38.126713087585415,fdd:3,play 220.00
4:241,231.84714599999998,231.84714599999998,231.84714599999998,231.86812431666667,0.02097831666668526,269.8021326976707,37.954986697670705,drum:1,drum_on 246.94
3:425,232.17323199999998,232.17323199999998,232.17323199999998,232.17323199999998,0.0,269.8793125027134,37.706080502713405,fdd:1,play 196.00
7:52,232.17323199999998,232.17323199999998,232.17323199999998,232.193232,0.020000000000010232,269.9179024052347,37.74467040523473,fdd:3,play 196.00
7:51,232.17323199999998,232.23573199999998,232.23573199999998,232.23573199999998,0.0625,269.95649230775604,37.78326030775605,fdd:1,play 293.66
7:53,232.17323199999998,232.23573199999998,232.23573199999998,232.255732,0.08250000000001023,269.99508221027736,37.821850210277375,fdd:3,play 246.94
4:242,232.49931799999996,232.49931799999996,232.49931799999996,232.52029631666667,0.02097831666671368,270.14944182036265,37.650123820362694,drum:1,drum_on 196.00
3:426,232.82540399999996,232.82540399999996,232.82540399999996,232.82540399999996,0.0,270.22662162540536,37.401217625405394,fdd:2,play 110.00
3:427,233.47757599999997,233.47757599999997,233.47757599999997,233.47855431666665,0.0009783166666750276,270.3423913329693,36.86481533296936,fdd:1,play 196.00
